"cell","year","group","pop_share","bin","lo","hi","pct"
"Reading G4",2019,"Economically disadvantaged",0.50953586557179,1,0,10,0.000269169778165195
"Reading G4",2019,"Economically disadvantaged",0.50953586557179,2,10,20,0.00101951123650975
"Reading G4",2019,"Economically disadvantaged",0.50953586557179,3,20,30,0.00369664479390961
"Reading G4",2019,"Economically disadvantaged",0.50953586557179,4,30,40,0.00508596116610359
"Reading G4",2019,"Economically disadvantaged",0.50953586557179,5,40,50,0.0110607858735179
"Reading G4",2019,"Economically disadvantaged",0.50953586557179,6,50,60,0.0225592245401916
"Reading G4",2019,"Economically disadvantaged",0.50953586557179,7,60,70,0.0463499509751735
"Reading G4",2019,"Economically disadvantaged",0.50953586557179,8,70,80,0.0879269146259594
"Reading G4",2019,"Economically disadvantaged",0.50953586557179,9,80,90,0.170325527427487
"Reading G4",2019,"Economically disadvantaged",0.50953586557179,10,90,100,0.291138458971769
"Reading G4",2019,"Economically disadvantaged",0.50953586557179,11,100,110,0.481716561164466
"Reading G4",2019,"Economically disadvantaged",0.50953586557179,12,110,120,0.81084987713621
"Reading G4",2019,"Economically disadvantaged",0.50953586557179,13,120,130,1.27672344750135
"Reading G4",2019,"Economically disadvantaged",0.50953586557179,14,130,140,1.91354146524936
"Reading G4",2019,"Economically disadvantaged",0.50953586557179,15,140,150,2.72250274457089
"Reading G4",2019,"Economically disadvantaged",0.50953586557179,16,150,160,3.71554917986784
"Reading G4",2019,"Economically disadvantaged",0.50953586557179,17,160,170,4.94082299513474
"Reading G4",2019,"Economically disadvantaged",0.50953586557179,18,170,180,6.26440725333692
"Reading G4",2019,"Economically disadvantaged",0.50953586557179,19,180,190,7.61051817133296
"Reading G4",2019,"Economically disadvantaged",0.50953586557179,20,190,200,8.94636971322883
"Reading G4",2019,"Economically disadvantaged",0.50953586557179,21,200,210,10.1510140595983
"Reading G4",2019,"Economically disadvantaged",0.50953586557179,22,210,220,10.8307765130126
"Reading G4",2019,"Economically disadvantaged",0.50953586557179,23,220,230,10.6814403981547
"Reading G4",2019,"Economically disadvantaged",0.50953586557179,24,230,240,9.57583091629579
"Reading G4",2019,"Economically disadvantaged",0.50953586557179,25,240,250,7.82459662839671
"Reading G4",2019,"Economically disadvantaged",0.50953586557179,26,250,260,5.50235807692074
"Reading G4",2019,"Economically disadvantaged",0.50953586557179,27,260,270,3.22585225929419
"Reading G4",2019,"Economically disadvantaged",0.50953586557179,28,270,280,1.67233151641493
"Reading G4",2019,"Economically disadvantaged",0.50953586557179,29,280,290,0.756641773944475
"Reading G4",2019,"Economically disadvantaged",0.50953586557179,30,290,300,0.293249553521449
"Reading G4",2019,"Economically disadvantaged",0.50953586557179,31,300,310,0.111597787480506
"Reading G4",2019,"Economically disadvantaged",0.50953586557179,32,310,320,0.0381037411906271
"Reading G4",2019,"Economically disadvantaged",0.50953586557179,33,320,330,0.010666051647805
"Reading G4",2019,"Economically disadvantaged",0.50953586557179,34,330,340,0.00235116708219878
"Reading G4",2019,"Economically disadvantaged",0.50953586557179,35,340,350,0.000658831194099374
"Reading G4",2019,"Economically disadvantaged",0.50953586557179,36,350,360,4.96022468164886e-05
"Reading G4",2019,"Economically disadvantaged",0.50953586557179,37,360,370,4.75656917430867e-05
"Reading G4",2019,"Economically disadvantaged",0.50953586557179,38,370,380,0
"Reading G4",2019,"Economically disadvantaged",0.50953586557179,39,380,390,0
"Reading G4",2019,"Economically disadvantaged",0.50953586557179,40,390,400,0
"Reading G4",2019,"Economically disadvantaged",0.50953586557179,41,400,410,0
"Reading G4",2019,"Economically disadvantaged",0.50953586557179,42,410,420,0
"Reading G4",2019,"Economically disadvantaged",0.50953586557179,43,420,430,0
"Reading G4",2019,"Economically disadvantaged",0.50953586557179,44,430,440,0
"Reading G4",2019,"Economically disadvantaged",0.50953586557179,45,440,450,0
"Reading G4",2019,"Economically disadvantaged",0.50953586557179,46,450,460,0
"Reading G4",2019,"Economically disadvantaged",0.50953586557179,47,460,470,0
"Reading G4",2019,"Economically disadvantaged",0.50953586557179,48,470,480,0
"Reading G4",2019,"Economically disadvantaged",0.50953586557179,49,480,490,0
"Reading G4",2019,"Economically disadvantaged",0.50953586557179,50,490,500,0
"Reading G4",2019,"Not economically disadvantaged",0.427433022870834,1,0,10,5.49453839110748e-05
"Reading G4",2019,"Not economically disadvantaged",0.427433022870834,2,10,20,5.83612838314273e-05
"Reading G4",2019,"Not economically disadvantaged",0.427433022870834,3,20,30,0.000110403556163282
"Reading G4",2019,"Not economically disadvantaged",0.427433022870834,4,30,40,0.000397115612716148
"Reading G4",2019,"Not economically disadvantaged",0.427433022870834,5,40,50,0.000805166829365175
"Reading G4",2019,"Not economically disadvantaged",0.427433022870834,6,50,60,0.00224157544220114
"Reading G4",2019,"Not economically disadvantaged",0.427433022870834,7,60,70,0.00517846407170045
"Reading G4",2019,"Not economically disadvantaged",0.427433022870834,8,70,80,0.0138442159712829
"Reading G4",2019,"Not economically disadvantaged",0.427433022870834,9,80,90,0.0302147045058716
"Reading G4",2019,"Not economically disadvantaged",0.427433022870834,10,90,100,0.0543460563418395
"Reading G4",2019,"Not economically disadvantaged",0.427433022870834,11,100,110,0.105728831080216
"Reading G4",2019,"Not economically disadvantaged",0.427433022870834,12,110,120,0.196360722106656
"Reading G4",2019,"Not economically disadvantaged",0.427433022870834,13,120,130,0.315310114670581
"Reading G4",2019,"Not economically disadvantaged",0.427433022870834,14,130,140,0.473636131121386
"Reading G4",2019,"Not economically disadvantaged",0.427433022870834,15,140,150,0.709075545053936
"Reading G4",2019,"Not economically disadvantaged",0.427433022870834,16,150,160,1.0402856617926
"Reading G4",2019,"Not economically disadvantaged",0.427433022870834,17,160,170,1.55176801918591
"Reading G4",2019,"Not economically disadvantaged",0.427433022870834,18,170,180,2.21214220040658
"Reading G4",2019,"Not economically disadvantaged",0.427433022870834,19,180,190,3.1687247430455
"Reading G4",2019,"Not economically disadvantaged",0.427433022870834,20,190,200,4.46734693870874
"Reading G4",2019,"Not economically disadvantaged",0.427433022870834,21,200,210,6.18113239404128
"Reading G4",2019,"Not economically disadvantaged",0.427433022870834,22,210,220,8.3801712687027
"Reading G4",2019,"Not economically disadvantaged",0.427433022870834,23,220,230,10.7055013291921
"Reading G4",2019,"Not economically disadvantaged",0.427433022870834,24,230,240,12.5041670235478
"Reading G4",2019,"Not economically disadvantaged",0.427433022870834,25,240,250,13.1412381536797
"Reading G4",2019,"Not economically disadvantaged",0.427433022870834,26,250,260,11.9553998422489
"Reading G4",2019,"Not economically disadvantaged",0.427433022870834,27,260,270,9.47427318358784
"Reading G4",2019,"Not economically disadvantaged",0.427433022870834,28,270,280,6.46426740293778
"Reading G4",2019,"Not economically disadvantaged",0.427433022870834,29,280,290,3.7395386513782
"Reading G4",2019,"Not economically disadvantaged",0.427433022870834,30,290,300,1.85342037445397
"Reading G4",2019,"Not economically disadvantaged",0.427433022870834,31,300,310,0.795003900513832
"Reading G4",2019,"Not economically disadvantaged",0.427433022870834,32,310,320,0.306769845268285
"Reading G4",2019,"Not economically disadvantaged",0.427433022870834,33,320,330,0.112063878251365
"Reading G4",2019,"Not economically disadvantaged",0.427433022870834,34,330,340,0.0323068458624269
"Reading G4",2019,"Not economically disadvantaged",0.427433022870834,35,340,350,0.00606680600889186
"Reading G4",2019,"Not economically disadvantaged",0.427433022870834,36,350,360,0.000929605172817693
"Reading G4",2019,"Not economically disadvantaged",0.427433022870834,37,360,370,0.000119578981211417
"Reading G4",2019,"Not economically disadvantaged",0.427433022870834,38,370,380,0
"Reading G4",2019,"Not economically disadvantaged",0.427433022870834,39,380,390,0
"Reading G4",2019,"Not economically disadvantaged",0.427433022870834,40,390,400,0
"Reading G4",2019,"Not economically disadvantaged",0.427433022870834,41,400,410,0
"Reading G4",2019,"Not economically disadvantaged",0.427433022870834,42,410,420,0
"Reading G4",2019,"Not economically disadvantaged",0.427433022870834,43,420,430,0
"Reading G4",2019,"Not economically disadvantaged",0.427433022870834,44,430,440,0
"Reading G4",2019,"Not economically disadvantaged",0.427433022870834,45,440,450,0
"Reading G4",2019,"Not economically disadvantaged",0.427433022870834,46,450,460,0
"Reading G4",2019,"Not economically disadvantaged",0.427433022870834,47,460,470,0
"Reading G4",2019,"Not economically disadvantaged",0.427433022870834,48,470,480,0
"Reading G4",2019,"Not economically disadvantaged",0.427433022870834,49,480,490,0
"Reading G4",2019,"Not economically disadvantaged",0.427433022870834,50,490,500,0
"Reading G4",2024,"Economically disadvantaged",0.498628149241799,1,0,10,1.62840121818404e-05
"Reading G4",2024,"Economically disadvantaged",0.498628149241799,2,10,20,0.000195499747338415
"Reading G4",2024,"Economically disadvantaged",0.498628149241799,3,20,30,0.000503372819204437
"Reading G4",2024,"Economically disadvantaged",0.498628149241799,4,30,40,0.00409360540722896
"Reading G4",2024,"Economically disadvantaged",0.498628149241799,5,40,50,0.00803025529798039
"Reading G4",2024,"Economically disadvantaged",0.498628149241799,6,50,60,0.0226659747382905
"Reading G4",2024,"Economically disadvantaged",0.498628149241799,7,60,70,0.0468457597623371
"Reading G4",2024,"Economically disadvantaged",0.498628149241799,8,70,80,0.101499787271709
"Reading G4",2024,"Economically disadvantaged",0.498628149241799,9,80,90,0.199408498905738
"Reading G4",2024,"Economically disadvantaged",0.498628149241799,10,90,100,0.386490305474012
"Reading G4",2024,"Economically disadvantaged",0.498628149241799,11,100,110,0.710020581600612
"Reading G4",2024,"Economically disadvantaged",0.498628149241799,12,110,120,1.22138755540008
"Reading G4",2024,"Economically disadvantaged",0.498628149241799,13,120,130,1.87877149219265
"Reading G4",2024,"Economically disadvantaged",0.498628149241799,14,130,140,2.73890590819411
"Reading G4",2024,"Economically disadvantaged",0.498628149241799,15,140,150,3.77345791433446
"Reading G4",2024,"Economically disadvantaged",0.498628149241799,16,150,160,4.85344123172358
"Reading G4",2024,"Economically disadvantaged",0.498628149241799,17,160,170,5.96845407851296
"Reading G4",2024,"Economically disadvantaged",0.498628149241799,18,170,180,6.88670459221602
"Reading G4",2024,"Economically disadvantaged",0.498628149241799,19,180,190,7.84004188102489
"Reading G4",2024,"Economically disadvantaged",0.498628149241799,20,190,200,8.7209436367313
"Reading G4",2024,"Economically disadvantaged",0.498628149241799,21,200,210,9.52275808216231
"Reading G4",2024,"Economically disadvantaged",0.498628149241799,22,210,220,9.72073570890565
"Reading G4",2024,"Economically disadvantaged",0.498628149241799,23,220,230,9.28242696967602
"Reading G4",2024,"Economically disadvantaged",0.498628149241799,24,230,240,8.27870136316896
"Reading G4",2024,"Economically disadvantaged",0.498628149241799,25,240,250,6.67929333005764
"Reading G4",2024,"Economically disadvantaged",0.498628149241799,26,250,260,4.82441799487381
"Reading G4",2024,"Economically disadvantaged",0.498628149241799,27,260,270,3.11305481381143
"Reading G4",2024,"Economically disadvantaged",0.498628149241799,28,270,280,1.7545466230513
"Reading G4",2024,"Economically disadvantaged",0.498628149241799,29,280,290,0.845669130342192
"Reading G4",2024,"Economically disadvantaged",0.498628149241799,30,290,300,0.384379857905459
"Reading G4",2024,"Economically disadvantaged",0.498628149241799,31,300,310,0.144280146056599
"Reading G4",2024,"Economically disadvantaged",0.498628149241799,32,310,320,0.0632614084248985
"Reading G4",2024,"Economically disadvantaged",0.498628149241799,33,320,330,0.0197405603012849
"Reading G4",2024,"Economically disadvantaged",0.498628149241799,34,330,340,0.00367286599680207
"Reading G4",2024,"Economically disadvantaged",0.498628149241799,35,340,350,0.000750200788066247
"Reading G4",2024,"Economically disadvantaged",0.498628149241799,36,350,360,0.000432729110909507
"Reading G4",2024,"Economically disadvantaged",0.498628149241799,37,360,370,0
"Reading G4",2024,"Economically disadvantaged",0.498628149241799,38,370,380,0
"Reading G4",2024,"Economically disadvantaged",0.498628149241799,39,380,390,0
"Reading G4",2024,"Economically disadvantaged",0.498628149241799,40,390,400,0
"Reading G4",2024,"Economically disadvantaged",0.498628149241799,41,400,410,0
"Reading G4",2024,"Economically disadvantaged",0.498628149241799,42,410,420,0
"Reading G4",2024,"Economically disadvantaged",0.498628149241799,43,420,430,0
"Reading G4",2024,"Economically disadvantaged",0.498628149241799,44,430,440,0
"Reading G4",2024,"Economically disadvantaged",0.498628149241799,45,440,450,0
"Reading G4",2024,"Economically disadvantaged",0.498628149241799,46,450,460,0
"Reading G4",2024,"Economically disadvantaged",0.498628149241799,47,460,470,0
"Reading G4",2024,"Economically disadvantaged",0.498628149241799,48,470,480,0
"Reading G4",2024,"Economically disadvantaged",0.498628149241799,49,480,490,0
"Reading G4",2024,"Economically disadvantaged",0.498628149241799,50,490,500,0
"Reading G4",2024,"Not economically disadvantaged",0.41308509078577,1,0,10,0
"Reading G4",2024,"Not economically disadvantaged",0.41308509078577,2,10,20,4.72013248542901e-05
"Reading G4",2024,"Not economically disadvantaged",0.41308509078577,3,20,30,4.05270892927067e-05
"Reading G4",2024,"Not economically disadvantaged",0.41308509078577,4,30,40,0.000941928699231618
"Reading G4",2024,"Not economically disadvantaged",0.41308509078577,5,40,50,0.00141789066026249
"Reading G4",2024,"Not economically disadvantaged",0.41308509078577,6,50,60,0.0025882859401287
"Reading G4",2024,"Not economically disadvantaged",0.41308509078577,7,60,70,0.00907814571989728
"Reading G4",2024,"Not economically disadvantaged",0.41308509078577,8,70,80,0.024308260019712
"Reading G4",2024,"Not economically disadvantaged",0.41308509078577,9,80,90,0.0507489463068978
"Reading G4",2024,"Not economically disadvantaged",0.41308509078577,10,90,100,0.0977602066404118
"Reading G4",2024,"Not economically disadvantaged",0.41308509078577,11,100,110,0.192190224600323
"Reading G4",2024,"Not economically disadvantaged",0.41308509078577,12,110,120,0.31238882564216
"Reading G4",2024,"Not economically disadvantaged",0.41308509078577,13,120,130,0.507693232930432
"Reading G4",2024,"Not economically disadvantaged",0.41308509078577,14,130,140,0.814465177580227
"Reading G4",2024,"Not economically disadvantaged",0.41308509078577,15,140,150,1.22930759935625
"Reading G4",2024,"Not economically disadvantaged",0.41308509078577,16,150,160,1.72990308207238
"Reading G4",2024,"Not economically disadvantaged",0.41308509078577,17,160,170,2.27702221935903
"Reading G4",2024,"Not economically disadvantaged",0.41308509078577,18,170,180,3.10689076601361
"Reading G4",2024,"Not economically disadvantaged",0.41308509078577,19,180,190,4.18669828576476
"Reading G4",2024,"Not economically disadvantaged",0.41308509078577,20,190,200,5.54692427569134
"Reading G4",2024,"Not economically disadvantaged",0.41308509078577,21,200,210,7.19812285850636
"Reading G4",2024,"Not economically disadvantaged",0.41308509078577,22,210,220,9.05420284870086
"Reading G4",2024,"Not economically disadvantaged",0.41308509078577,23,220,230,10.4601102348959
"Reading G4",2024,"Not economically disadvantaged",0.41308509078577,24,230,240,11.3967025374866
"Reading G4",2024,"Not economically disadvantaged",0.41308509078577,25,240,250,11.2904644973447
"Reading G4",2024,"Not economically disadvantaged",0.41308509078577,26,250,260,10.0978592644275
"Reading G4",2024,"Not economically disadvantaged",0.41308509078577,27,260,270,8.02417799016858
"Reading G4",2024,"Not economically disadvantaged",0.41308509078577,28,270,280,5.57667861728875
"Reading G4",2024,"Not economically disadvantaged",0.41308509078577,29,280,290,3.45526668811583
"Reading G4",2024,"Not economically disadvantaged",0.41308509078577,30,290,300,1.84652047884857
"Reading G4",2024,"Not economically disadvantaged",0.41308509078577,31,300,310,0.890237587039806
"Reading G4",2024,"Not economically disadvantaged",0.41308509078577,32,310,320,0.396205167831099
"Reading G4",2024,"Not economically disadvantaged",0.41308509078577,33,320,330,0.142807080244912
"Reading G4",2024,"Not economically disadvantaged",0.41308509078577,34,330,340,0.0565159186892299
"Reading G4",2024,"Not economically disadvantaged",0.41308509078577,35,340,350,0.0166002469131034
"Reading G4",2024,"Not economically disadvantaged",0.41308509078577,36,350,360,0.00577570881106562
"Reading G4",2024,"Not economically disadvantaged",0.41308509078577,37,360,370,0.0009204189907061
"Reading G4",2024,"Not economically disadvantaged",0.41308509078577,38,370,380,0.000310944030726666
"Reading G4",2024,"Not economically disadvantaged",0.41308509078577,39,380,390,0.000105830254582254
"Reading G4",2024,"Not economically disadvantaged",0.41308509078577,40,390,400,0
"Reading G4",2024,"Not economically disadvantaged",0.41308509078577,41,400,410,0
"Reading G4",2024,"Not economically disadvantaged",0.41308509078577,42,410,420,0
"Reading G4",2024,"Not economically disadvantaged",0.41308509078577,43,420,430,0
"Reading G4",2024,"Not economically disadvantaged",0.41308509078577,44,430,440,0
"Reading G4",2024,"Not economically disadvantaged",0.41308509078577,45,440,450,0
"Reading G4",2024,"Not economically disadvantaged",0.41308509078577,46,450,460,0
"Reading G4",2024,"Not economically disadvantaged",0.41308509078577,47,460,470,0
"Reading G4",2024,"Not economically disadvantaged",0.41308509078577,48,470,480,0
"Reading G4",2024,"Not economically disadvantaged",0.41308509078577,49,480,490,0
"Reading G4",2024,"Not economically disadvantaged",0.41308509078577,50,490,500,0
"Reading G8",2019,"Economically disadvantaged",0.468037066811351,1,0,10,0
"Reading G8",2019,"Economically disadvantaged",0.468037066811351,2,10,20,0
"Reading G8",2019,"Economically disadvantaged",0.468037066811351,3,20,30,0
"Reading G8",2019,"Economically disadvantaged",0.468037066811351,4,30,40,6.14778258088018e-05
"Reading G8",2019,"Economically disadvantaged",0.468037066811351,5,40,50,3.07389129044009e-05
"Reading G8",2019,"Economically disadvantaged",0.468037066811351,6,50,60,0.000534570689383285
"Reading G8",2019,"Economically disadvantaged",0.468037066811351,7,60,70,0.000964053056034114
"Reading G8",2019,"Economically disadvantaged",0.468037066811351,8,70,80,0.0024940171465289
"Reading G8",2019,"Economically disadvantaged",0.468037066811351,9,80,90,0.00723900566523328
"Reading G8",2019,"Economically disadvantaged",0.468037066811351,10,90,100,0.0116692138862391
"Reading G8",2019,"Economically disadvantaged",0.468037066811351,11,100,110,0.0244634160434202
"Reading G8",2019,"Economically disadvantaged",0.468037066811351,12,110,120,0.0550158915944113
"Reading G8",2019,"Economically disadvantaged",0.468037066811351,13,120,130,0.100476556032975
"Reading G8",2019,"Economically disadvantaged",0.468037066811351,14,130,140,0.19590890379036
"Reading G8",2019,"Economically disadvantaged",0.468037066811351,15,140,150,0.369805900246703
"Reading G8",2019,"Economically disadvantaged",0.468037066811351,16,150,160,0.632865296780585
"Reading G8",2019,"Economically disadvantaged",0.468037066811351,17,160,170,1.05057952367782
"Reading G8",2019,"Economically disadvantaged",0.468037066811351,18,170,180,1.61051022235532
"Reading G8",2019,"Economically disadvantaged",0.468037066811351,19,180,190,2.36477068104752
"Reading G8",2019,"Economically disadvantaged",0.468037066811351,20,190,200,3.38711630947799
"Reading G8",2019,"Economically disadvantaged",0.468037066811351,21,200,210,4.56526826193958
"Reading G8",2019,"Economically disadvantaged",0.468037066811351,22,210,220,5.91900030275346
"Reading G8",2019,"Economically disadvantaged",0.468037066811351,23,220,230,7.50180148802967
"Reading G8",2019,"Economically disadvantaged",0.468037066811351,24,230,240,9.05437494105009
"Reading G8",2019,"Economically disadvantaged",0.468037066811351,25,240,250,10.4981809313402
"Reading G8",2019,"Economically disadvantaged",0.468037066811351,26,250,260,11.2342863678053
"Reading G8",2019,"Economically disadvantaged",0.468037066811351,27,260,270,11.079651321158
"Reading G8",2019,"Economically disadvantaged",0.468037066811351,28,270,280,9.78841523458261
"Reading G8",2019,"Economically disadvantaged",0.468037066811351,29,280,290,7.89912049950798
"Reading G8",2019,"Economically disadvantaged",0.468037066811351,30,290,300,5.56322370382671
"Reading G8",2019,"Economically disadvantaged",0.468037066811351,31,300,310,3.5332009485025
"Reading G8",2019,"Economically disadvantaged",0.468037066811351,32,310,320,1.94032215367215
"Reading G8",2019,"Economically disadvantaged",0.468037066811351,33,320,330,0.943558767340758
"Reading G8",2019,"Economically disadvantaged",0.468037066811351,34,330,340,0.424114685647193
"Reading G8",2019,"Economically disadvantaged",0.468037066811351,35,340,350,0.157595906006227
"Reading G8",2019,"Economically disadvantaged",0.468037066811351,36,350,360,0.0547432655864702
"Reading G8",2019,"Economically disadvantaged",0.468037066811351,37,360,370,0.0190242899828727
"Reading G8",2019,"Economically disadvantaged",0.468037066811351,38,370,380,0.00753634624635696
"Reading G8",2019,"Economically disadvantaged",0.468037066811351,39,380,390,0.00115081951282926
"Reading G8",2019,"Economically disadvantaged",0.468037066811351,40,390,400,0.000628482204134941
"Reading G8",2019,"Economically disadvantaged",0.468037066811351,41,400,410,0.000295505075677714
"Reading G8",2019,"Economically disadvantaged",0.468037066811351,42,410,420,0
"Reading G8",2019,"Economically disadvantaged",0.468037066811351,43,420,430,0
"Reading G8",2019,"Economically disadvantaged",0.468037066811351,44,430,440,0
"Reading G8",2019,"Economically disadvantaged",0.468037066811351,45,440,450,0
"Reading G8",2019,"Economically disadvantaged",0.468037066811351,46,450,460,0
"Reading G8",2019,"Economically disadvantaged",0.468037066811351,47,460,470,0
"Reading G8",2019,"Economically disadvantaged",0.468037066811351,48,470,480,0
"Reading G8",2019,"Economically disadvantaged",0.468037066811351,49,480,490,0
"Reading G8",2019,"Economically disadvantaged",0.468037066811351,50,490,500,0
"Reading G8",2019,"Not economically disadvantaged",0.462450845301986,1,0,10,0
"Reading G8",2019,"Not economically disadvantaged",0.462450845301986,2,10,20,0
"Reading G8",2019,"Not economically disadvantaged",0.462450845301986,3,20,30,0
"Reading G8",2019,"Not economically disadvantaged",0.462450845301986,4,30,40,0
"Reading G8",2019,"Not economically disadvantaged",0.462450845301986,5,40,50,0
"Reading G8",2019,"Not economically disadvantaged",0.462450845301986,6,50,60,6.93495802177542e-05
"Reading G8",2019,"Not economically disadvantaged",0.462450845301986,7,60,70,8.51073956975055e-05
"Reading G8",2019,"Not economically disadvantaged",0.462450845301986,8,70,80,0.000444561522423044
"Reading G8",2019,"Not economically disadvantaged",0.462450845301986,9,80,90,0.000329472732800739
"Reading G8",2019,"Not economically disadvantaged",0.462450845301986,10,90,100,0.00211650031006726
"Reading G8",2019,"Not economically disadvantaged",0.462450845301986,11,100,110,0.00262155319563752
"Reading G8",2019,"Not economically disadvantaged",0.462450845301986,12,110,120,0.013392158448867
"Reading G8",2019,"Not economically disadvantaged",0.462450845301986,13,120,130,0.0187246839526551
"Reading G8",2019,"Not economically disadvantaged",0.462450845301986,14,130,140,0.0478569469831204
"Reading G8",2019,"Not economically disadvantaged",0.462450845301986,15,140,150,0.0839631180441524
"Reading G8",2019,"Not economically disadvantaged",0.462450845301986,16,150,160,0.14636272423565
"Reading G8",2019,"Not economically disadvantaged",0.462450845301986,17,160,170,0.244469479173806
"Reading G8",2019,"Not economically disadvantaged",0.462450845301986,18,170,180,0.428255382033133
"Reading G8",2019,"Not economically disadvantaged",0.462450845301986,19,180,190,0.677209557810118
"Reading G8",2019,"Not economically disadvantaged",0.462450845301986,20,190,200,1.0407123189289
"Reading G8",2019,"Not economically disadvantaged",0.462450845301986,21,200,210,1.54035844769891
"Reading G8",2019,"Not economically disadvantaged",0.462450845301986,22,210,220,2.29868029377417
"Reading G8",2019,"Not economically disadvantaged",0.462450845301986,23,220,230,3.37991309081308
"Reading G8",2019,"Not economically disadvantaged",0.462450845301986,24,230,240,4.83051576822188
"Reading G8",2019,"Not economically disadvantaged",0.462450845301986,25,240,250,6.68785405311318
"Reading G8",2019,"Not economically disadvantaged",0.462450845301986,26,250,260,8.80467638385936
"Reading G8",2019,"Not economically disadvantaged",0.462450845301986,27,260,270,10.6886613272326
"Reading G8",2019,"Not economically disadvantaged",0.462450845301986,28,270,280,12.1682720218764
"Reading G8",2019,"Not economically disadvantaged",0.462450845301986,29,280,290,12.2882020898771
"Reading G8",2019,"Not economically disadvantaged",0.462450845301986,30,290,300,11.2240730789098
"Reading G8",2019,"Not economically disadvantaged",0.462450845301986,31,300,310,9.0694452522778
"Reading G8",2019,"Not economically disadvantaged",0.462450845301986,32,310,320,6.31382796948425
"Reading G8",2019,"Not economically disadvantaged",0.462450845301986,33,320,330,3.99490141567607
"Reading G8",2019,"Not economically disadvantaged",0.462450845301986,34,330,340,2.200433873488
"Reading G8",2019,"Not economically disadvantaged",0.462450845301986,35,340,350,1.07864740699115
"Reading G8",2019,"Not economically disadvantaged",0.462450845301986,36,350,360,0.464165507417226
"Reading G8",2019,"Not economically disadvantaged",0.462450845301986,37,360,370,0.178585272055769
"Reading G8",2019,"Not economically disadvantaged",0.462450845301986,38,370,380,0.0624962404705541
"Reading G8",2019,"Not economically disadvantaged",0.462450845301986,39,380,390,0.0144324121560324
"Reading G8",2019,"Not economically disadvantaged",0.462450845301986,40,390,400,0.00385300123111235
"Reading G8",2019,"Not economically disadvantaged",0.462450845301986,41,400,410,0.00127575700188133
"Reading G8",2019,"Not economically disadvantaged",0.462450845301986,42,410,420,7.98976462743672e-05
"Reading G8",2019,"Not economically disadvantaged",0.462450845301986,43,420,430,0
"Reading G8",2019,"Not economically disadvantaged",0.462450845301986,44,430,440,3.65243801837541e-05
"Reading G8",2019,"Not economically disadvantaged",0.462450845301986,45,440,450,0
"Reading G8",2019,"Not economically disadvantaged",0.462450845301986,46,450,460,0
"Reading G8",2019,"Not economically disadvantaged",0.462450845301986,47,460,470,0
"Reading G8",2019,"Not economically disadvantaged",0.462450845301986,48,470,480,0
"Reading G8",2019,"Not economically disadvantaged",0.462450845301986,49,480,490,0
"Reading G8",2019,"Not economically disadvantaged",0.462450845301986,50,490,500,0
"Reading G8",2024,"Economically disadvantaged",0.470635422323964,1,0,10,0
"Reading G8",2024,"Economically disadvantaged",0.470635422323964,2,10,20,0
"Reading G8",2024,"Economically disadvantaged",0.470635422323964,3,20,30,0
"Reading G8",2024,"Economically disadvantaged",0.470635422323964,4,30,40,0
"Reading G8",2024,"Economically disadvantaged",0.470635422323964,5,40,50,0
"Reading G8",2024,"Economically disadvantaged",0.470635422323964,6,50,60,3.34188243343563e-05
"Reading G8",2024,"Economically disadvantaged",0.470635422323964,7,60,70,0.000539303398850463
"Reading G8",2024,"Economically disadvantaged",0.470635422323964,8,70,80,0.00584961171186778
"Reading G8",2024,"Economically disadvantaged",0.470635422323964,9,80,90,0.00731438474266581
"Reading G8",2024,"Economically disadvantaged",0.470635422323964,10,90,100,0.0208049553269012
"Reading G8",2024,"Economically disadvantaged",0.470635422323964,11,100,110,0.0417509429841543
"Reading G8",2024,"Economically disadvantaged",0.470635422323964,12,110,120,0.0880280046021384
"Reading G8",2024,"Economically disadvantaged",0.470635422323964,13,120,130,0.177600678614075
"Reading G8",2024,"Economically disadvantaged",0.470635422323964,14,130,140,0.32481599059814
"Reading G8",2024,"Economically disadvantaged",0.470635422323964,15,140,150,0.614873009151812
"Reading G8",2024,"Economically disadvantaged",0.470635422323964,16,150,160,1.00456321007006
"Reading G8",2024,"Economically disadvantaged",0.470635422323964,17,160,170,1.60205469782935
"Reading G8",2024,"Economically disadvantaged",0.470635422323964,18,170,180,2.26365847207814
"Reading G8",2024,"Economically disadvantaged",0.470635422323964,19,180,190,3.14603861339109
"Reading G8",2024,"Economically disadvantaged",0.470635422323964,20,190,200,4.1743887187053
"Reading G8",2024,"Economically disadvantaged",0.470635422323964,21,200,210,5.39305514171433
"Reading G8",2024,"Economically disadvantaged",0.470635422323964,22,210,220,6.60751098063947
"Reading G8",2024,"Economically disadvantaged",0.470635422323964,23,220,230,7.91816459878796
"Reading G8",2024,"Economically disadvantaged",0.470635422323964,24,230,240,9.19931567015648
"Reading G8",2024,"Economically disadvantaged",0.470635422323964,25,240,250,10.0564733275897
"Reading G8",2024,"Economically disadvantaged",0.470635422323964,26,250,260,10.3743333545357
"Reading G8",2024,"Economically disadvantaged",0.470635422323964,27,260,270,9.93218474549072
"Reading G8",2024,"Economically disadvantaged",0.470635422323964,28,270,280,8.69546882662184
"Reading G8",2024,"Economically disadvantaged",0.470635422323964,29,280,290,6.86241907158276
"Reading G8",2024,"Economically disadvantaged",0.470635422323964,30,290,300,4.87675299648482
"Reading G8",2024,"Economically disadvantaged",0.470635422323964,31,300,310,3.13210306232656
"Reading G8",2024,"Economically disadvantaged",0.470635422323964,32,310,320,1.79472441745209
"Reading G8",2024,"Economically disadvantaged",0.470635422323964,33,320,330,0.936805014693829
"Reading G8",2024,"Economically disadvantaged",0.470635422323964,34,330,340,0.437612241929788
"Reading G8",2024,"Economically disadvantaged",0.470635422323964,35,340,350,0.194339819712794
"Reading G8",2024,"Economically disadvantaged",0.470635422323964,36,350,360,0.078678380084496
"Reading G8",2024,"Economically disadvantaged",0.470635422323964,37,360,370,0.0279278274936815
"Reading G8",2024,"Economically disadvantaged",0.470635422323964,38,370,380,0.00672344147658552
"Reading G8",2024,"Economically disadvantaged",0.470635422323964,39,380,390,0.00149205905781383
"Reading G8",2024,"Economically disadvantaged",0.470635422323964,40,390,400,0.000802898102214215
"Reading G8",2024,"Economically disadvantaged",0.470635422323964,41,400,410,0.000401449051107107
"Reading G8",2024,"Economically disadvantaged",0.470635422323964,42,410,420,0
"Reading G8",2024,"Economically disadvantaged",0.470635422323964,43,420,430,0.000396662986294179
"Reading G8",2024,"Economically disadvantaged",0.470635422323964,44,430,440,0
"Reading G8",2024,"Economically disadvantaged",0.470635422323964,45,440,450,0
"Reading G8",2024,"Economically disadvantaged",0.470635422323964,46,450,460,0
"Reading G8",2024,"Economically disadvantaged",0.470635422323964,47,460,470,0
"Reading G8",2024,"Economically disadvantaged",0.470635422323964,48,470,480,0
"Reading G8",2024,"Economically disadvantaged",0.470635422323964,49,480,490,0
"Reading G8",2024,"Economically disadvantaged",0.470635422323964,50,490,500,0
"Reading G8",2024,"Not economically disadvantaged",0.439013374138688,1,0,10,0
"Reading G8",2024,"Not economically disadvantaged",0.439013374138688,2,10,20,0
"Reading G8",2024,"Not economically disadvantaged",0.439013374138688,3,20,30,0
"Reading G8",2024,"Not economically disadvantaged",0.439013374138688,4,30,40,0
"Reading G8",2024,"Not economically disadvantaged",0.439013374138688,5,40,50,0
"Reading G8",2024,"Not economically disadvantaged",0.439013374138688,6,50,60,0
"Reading G8",2024,"Not economically disadvantaged",0.439013374138688,7,60,70,0.000185712903837414
"Reading G8",2024,"Not economically disadvantaged",0.439013374138688,8,70,80,0.000356649121783328
"Reading G8",2024,"Not economically disadvantaged",0.439013374138688,9,80,90,0.000585291354498972
"Reading G8",2024,"Not economically disadvantaged",0.439013374138688,10,90,100,0.00268695552000889
"Reading G8",2024,"Not economically disadvantaged",0.439013374138688,11,100,110,0.00639483908941638
"Reading G8",2024,"Not economically disadvantaged",0.439013374138688,12,110,120,0.0146921129555606
"Reading G8",2024,"Not economically disadvantaged",0.439013374138688,13,120,130,0.0349982185072773
"Reading G8",2024,"Not economically disadvantaged",0.439013374138688,14,130,140,0.0821174724343697
"Reading G8",2024,"Not economically disadvantaged",0.439013374138688,15,140,150,0.154735036027847
"Reading G8",2024,"Not economically disadvantaged",0.439013374138688,16,150,160,0.277127519040497
"Reading G8",2024,"Not economically disadvantaged",0.439013374138688,17,160,170,0.462857542023409
"Reading G8",2024,"Not economically disadvantaged",0.439013374138688,18,170,180,0.754686440033409
"Reading G8",2024,"Not economically disadvantaged",0.439013374138688,19,180,190,1.15465824437267
"Reading G8",2024,"Not economically disadvantaged",0.439013374138688,20,190,200,1.67642191386437
"Reading G8",2024,"Not economically disadvantaged",0.439013374138688,21,200,210,2.33315961603469
"Reading G8",2024,"Not economically disadvantaged",0.439013374138688,22,210,220,3.21193607591809
"Reading G8",2024,"Not economically disadvantaged",0.439013374138688,23,220,230,4.24980903046697
"Reading G8",2024,"Not economically disadvantaged",0.439013374138688,24,230,240,5.6925198002178
"Reading G8",2024,"Not economically disadvantaged",0.439013374138688,25,240,250,7.3019711829361
"Reading G8",2024,"Not economically disadvantaged",0.439013374138688,26,250,260,9.05381176866718
"Reading G8",2024,"Not economically disadvantaged",0.439013374138688,27,260,270,10.5133256577419
"Reading G8",2024,"Not economically disadvantaged",0.439013374138688,28,270,280,11.3672139029989
"Reading G8",2024,"Not economically disadvantaged",0.439013374138688,29,280,290,11.1830166158296
"Reading G8",2024,"Not economically disadvantaged",0.439013374138688,30,290,300,9.89835654820044
"Reading G8",2024,"Not economically disadvantaged",0.439013374138688,31,300,310,7.84443690828363
"Reading G8",2024,"Not economically disadvantaged",0.439013374138688,32,310,320,5.51543880406514
"Reading G8",2024,"Not economically disadvantaged",0.439013374138688,33,320,330,3.48203875108394
"Reading G8",2024,"Not economically disadvantaged",0.439013374138688,34,330,340,1.97033031022771
"Reading G8",2024,"Not economically disadvantaged",0.439013374138688,35,340,350,0.9976660310795
"Reading G8",2024,"Not economically disadvantaged",0.439013374138688,36,350,360,0.459383475718939
"Reading G8",2024,"Not economically disadvantaged",0.439013374138688,37,360,370,0.188024532142405
"Reading G8",2024,"Not economically disadvantaged",0.439013374138688,38,370,380,0.0805106478988628
"Reading G8",2024,"Not economically disadvantaged",0.439013374138688,39,380,390,0.0241038675335694
"Reading G8",2024,"Not economically disadvantaged",0.439013374138688,40,390,400,0.00782211935750239
"Reading G8",2024,"Not economically disadvantaged",0.439013374138688,41,400,410,0.00220158758094427
"Reading G8",2024,"Not economically disadvantaged",0.439013374138688,42,410,420,0.000403458379856861
"Reading G8",2024,"Not economically disadvantaged",0.439013374138688,43,420,430,1.53603872907345e-05
"Reading G8",2024,"Not economically disadvantaged",0.439013374138688,44,430,440,0
"Reading G8",2024,"Not economically disadvantaged",0.439013374138688,45,440,450,0
"Reading G8",2024,"Not economically disadvantaged",0.439013374138688,46,450,460,0
"Reading G8",2024,"Not economically disadvantaged",0.439013374138688,47,460,470,0
"Reading G8",2024,"Not economically disadvantaged",0.439013374138688,48,470,480,0
"Reading G8",2024,"Not economically disadvantaged",0.439013374138688,49,480,490,0
"Reading G8",2024,"Not economically disadvantaged",0.439013374138688,50,490,500,0
"Reading G12",2019,"Economically disadvantaged",0.396158117794484,1,0,10,0
"Reading G12",2019,"Economically disadvantaged",0.396158117794484,2,10,20,0
"Reading G12",2019,"Economically disadvantaged",0.396158117794484,3,20,30,0
"Reading G12",2019,"Economically disadvantaged",0.396158117794484,4,30,40,0
"Reading G12",2019,"Economically disadvantaged",0.396158117794484,5,40,50,0
"Reading G12",2019,"Economically disadvantaged",0.396158117794484,6,50,60,0
"Reading G12",2019,"Economically disadvantaged",0.396158117794484,7,60,70,0.00041910495054021
"Reading G12",2019,"Economically disadvantaged",0.396158117794484,8,70,80,0.000708002186530418
"Reading G12",2019,"Economically disadvantaged",0.396158117794484,9,80,90,0.00296314886168648
"Reading G12",2019,"Economically disadvantaged",0.396158117794484,10,90,100,0.00287463582613217
"Reading G12",2019,"Economically disadvantaged",0.396158117794484,11,100,110,0.00788717673292466
"Reading G12",2019,"Economically disadvantaged",0.396158117794484,12,110,120,0.0150444866972878
"Reading G12",2019,"Economically disadvantaged",0.396158117794484,13,120,130,0.0335067526709341
"Reading G12",2019,"Economically disadvantaged",0.396158117794484,14,130,140,0.0539453019303205
"Reading G12",2019,"Economically disadvantaged",0.396158117794484,15,140,150,0.1254271644682
"Reading G12",2019,"Economically disadvantaged",0.396158117794484,16,150,160,0.242915200243367
"Reading G12",2019,"Economically disadvantaged",0.396158117794484,17,160,170,0.483701199391437
"Reading G12",2019,"Economically disadvantaged",0.396158117794484,18,170,180,0.776483259202315
"Reading G12",2019,"Economically disadvantaged",0.396158117794484,19,180,190,1.24644105023239
"Reading G12",2019,"Economically disadvantaged",0.396158117794484,20,190,200,1.8951401695941
"Reading G12",2019,"Economically disadvantaged",0.396158117794484,21,200,210,2.69031784226449
"Reading G12",2019,"Economically disadvantaged",0.396158117794484,22,210,220,3.63382999472225
"Reading G12",2019,"Economically disadvantaged",0.396158117794484,23,220,230,4.59762971095282
"Reading G12",2019,"Economically disadvantaged",0.396158117794484,24,230,240,5.88035355349822
"Reading G12",2019,"Economically disadvantaged",0.396158117794484,25,240,250,7.21083390996217
"Reading G12",2019,"Economically disadvantaged",0.396158117794484,26,250,260,8.47811756526757
"Reading G12",2019,"Economically disadvantaged",0.396158117794484,27,260,270,9.35521012386312
"Reading G12",2019,"Economically disadvantaged",0.396158117794484,28,270,280,9.83394051276601
"Reading G12",2019,"Economically disadvantaged",0.396158117794484,29,280,290,9.61436694874577
"Reading G12",2019,"Economically disadvantaged",0.396158117794484,30,290,300,9.08810911957872
"Reading G12",2019,"Economically disadvantaged",0.396158117794484,31,300,310,7.82218927778519
"Reading G12",2019,"Economically disadvantaged",0.396158117794484,32,310,320,6.16242504611108
"Reading G12",2019,"Economically disadvantaged",0.396158117794484,33,320,330,4.42667917738536
"Reading G12",2019,"Economically disadvantaged",0.396158117794484,34,330,340,2.92035844125202
"Reading G12",2019,"Economically disadvantaged",0.396158117794484,35,340,350,1.74665345539997
"Reading G12",2019,"Economically disadvantaged",0.396158117794484,36,350,360,0.92320663052787
"Reading G12",2019,"Economically disadvantaged",0.396158117794484,37,360,370,0.4317115424592
"Reading G12",2019,"Economically disadvantaged",0.396158117794484,38,370,380,0.200486318477099
"Reading G12",2019,"Economically disadvantaged",0.396158117794484,39,380,390,0.0670780676124757
"Reading G12",2019,"Economically disadvantaged",0.396158117794484,40,390,400,0.0220949113229088
"Reading G12",2019,"Economically disadvantaged",0.396158117794484,41,400,410,0.00628642347152139
"Reading G12",2019,"Economically disadvantaged",0.396158117794484,42,410,420,0.000664773586001058
"Reading G12",2019,"Economically disadvantaged",0.396158117794484,43,420,430,0
"Reading G12",2019,"Economically disadvantaged",0.396158117794484,44,430,440,0
"Reading G12",2019,"Economically disadvantaged",0.396158117794484,45,440,450,0
"Reading G12",2019,"Economically disadvantaged",0.396158117794484,46,450,460,0
"Reading G12",2019,"Economically disadvantaged",0.396158117794484,47,460,470,0
"Reading G12",2019,"Economically disadvantaged",0.396158117794484,48,470,480,0
"Reading G12",2019,"Economically disadvantaged",0.396158117794484,49,480,490,0
"Reading G12",2019,"Economically disadvantaged",0.396158117794484,50,490,500,0
"Reading G12",2019,"Not economically disadvantaged",0.536945179957494,1,0,10,0
"Reading G12",2019,"Not economically disadvantaged",0.536945179957494,2,10,20,0
"Reading G12",2019,"Not economically disadvantaged",0.536945179957494,3,20,30,0
"Reading G12",2019,"Not economically disadvantaged",0.536945179957494,4,30,40,0
"Reading G12",2019,"Not economically disadvantaged",0.536945179957494,5,40,50,0
"Reading G12",2019,"Not economically disadvantaged",0.536945179957494,6,50,60,0
"Reading G12",2019,"Not economically disadvantaged",0.536945179957494,7,60,70,0
"Reading G12",2019,"Not economically disadvantaged",0.536945179957494,8,70,80,0
"Reading G12",2019,"Not economically disadvantaged",0.536945179957494,9,80,90,0
"Reading G12",2019,"Not economically disadvantaged",0.536945179957494,10,90,100,0.000586185995709395
"Reading G12",2019,"Not economically disadvantaged",0.536945179957494,11,100,110,0.00110670273041526
"Reading G12",2019,"Not economically disadvantaged",0.536945179957494,12,110,120,0.00306808561016324
"Reading G12",2019,"Not economically disadvantaged",0.536945179957494,13,120,130,0.00753422428630645
"Reading G12",2019,"Not economically disadvantaged",0.536945179957494,14,130,140,0.0182229928296551
"Reading G12",2019,"Not economically disadvantaged",0.536945179957494,15,140,150,0.0397045909159865
"Reading G12",2019,"Not economically disadvantaged",0.536945179957494,16,150,160,0.088318481924332
"Reading G12",2019,"Not economically disadvantaged",0.536945179957494,17,160,170,0.150263266576642
"Reading G12",2019,"Not economically disadvantaged",0.536945179957494,18,170,180,0.279637555273317
"Reading G12",2019,"Not economically disadvantaged",0.536945179957494,19,180,190,0.48840562593848
"Reading G12",2019,"Not economically disadvantaged",0.536945179957494,20,190,200,0.817055135191646
"Reading G12",2019,"Not economically disadvantaged",0.536945179957494,21,200,210,1.23231764443817
"Reading G12",2019,"Not economically disadvantaged",0.536945179957494,22,210,220,1.82773228668471
"Reading G12",2019,"Not economically disadvantaged",0.536945179957494,23,220,230,2.40605187773846
"Reading G12",2019,"Not economically disadvantaged",0.536945179957494,24,230,240,3.16116396427959
"Reading G12",2019,"Not economically disadvantaged",0.536945179957494,25,240,250,3.92355268410127
"Reading G12",2019,"Not economically disadvantaged",0.536945179957494,26,250,260,5.07737311422143
"Reading G12",2019,"Not economically disadvantaged",0.536945179957494,27,260,270,6.33417136061512
"Reading G12",2019,"Not economically disadvantaged",0.536945179957494,28,270,280,7.70848236408998
"Reading G12",2019,"Not economically disadvantaged",0.536945179957494,29,280,290,8.83875065414256
"Reading G12",2019,"Not economically disadvantaged",0.536945179957494,30,290,300,9.82629326547798
"Reading G12",2019,"Not economically disadvantaged",0.536945179957494,31,300,310,10.0755242276006
"Reading G12",2019,"Not economically disadvantaged",0.536945179957494,32,310,320,9.75254327830993
"Reading G12",2019,"Not economically disadvantaged",0.536945179957494,33,320,330,8.60178488586667
"Reading G12",2019,"Not economically disadvantaged",0.536945179957494,34,330,340,7.01539705258424
"Reading G12",2019,"Not economically disadvantaged",0.536945179957494,35,340,350,5.10066233866129
"Reading G12",2019,"Not economically disadvantaged",0.536945179957494,36,350,360,3.30191475795391
"Reading G12",2019,"Not economically disadvantaged",0.536945179957494,37,360,370,1.9863650365334
"Reading G12",2019,"Not economically disadvantaged",0.536945179957494,38,370,380,1.11443981460126
"Reading G12",2019,"Not economically disadvantaged",0.536945179957494,39,380,390,0.506632671224233
"Reading G12",2019,"Not economically disadvantaged",0.536945179957494,40,390,400,0.213132077929349
"Reading G12",2019,"Not economically disadvantaged",0.536945179957494,41,400,410,0.0701410828743151
"Reading G12",2019,"Not economically disadvantaged",0.536945179957494,42,410,420,0.0212094017157559
"Reading G12",2019,"Not economically disadvantaged",0.536945179957494,43,420,430,0.00706233235294868
"Reading G12",2019,"Not economically disadvantaged",0.536945179957494,44,430,440,0.00261161268001837
"Reading G12",2019,"Not economically disadvantaged",0.536945179957494,45,440,450,0.000787366050149428
"Reading G12",2019,"Not economically disadvantaged",0.536945179957494,46,450,460,0
"Reading G12",2019,"Not economically disadvantaged",0.536945179957494,47,460,470,0
"Reading G12",2019,"Not economically disadvantaged",0.536945179957494,48,470,480,0
"Reading G12",2019,"Not economically disadvantaged",0.536945179957494,49,480,490,0
"Reading G12",2019,"Not economically disadvantaged",0.536945179957494,50,490,500,0
"Reading G12",2024,"Economically disadvantaged",0.413676618413949,1,0,10,0
"Reading G12",2024,"Economically disadvantaged",0.413676618413949,2,10,20,0
"Reading G12",2024,"Economically disadvantaged",0.413676618413949,3,20,30,0
"Reading G12",2024,"Economically disadvantaged",0.413676618413949,4,30,40,0
"Reading G12",2024,"Economically disadvantaged",0.413676618413949,5,40,50,0
"Reading G12",2024,"Economically disadvantaged",0.413676618413949,6,50,60,0
"Reading G12",2024,"Economically disadvantaged",0.413676618413949,7,60,70,0
"Reading G12",2024,"Economically disadvantaged",0.413676618413949,8,70,80,0.000439887909625216
"Reading G12",2024,"Economically disadvantaged",0.413676618413949,9,80,90,0.00128231173160975
"Reading G12",2024,"Economically disadvantaged",0.413676618413949,10,90,100,0.00231375632016801
"Reading G12",2024,"Economically disadvantaged",0.413676618413949,11,100,110,0.00632184857071649
"Reading G12",2024,"Economically disadvantaged",0.413676618413949,12,110,120,0.015563891619243
"Reading G12",2024,"Economically disadvantaged",0.413676618413949,13,120,130,0.0378926197617804
"Reading G12",2024,"Economically disadvantaged",0.413676618413949,14,130,140,0.0800040964910142
"Reading G12",2024,"Economically disadvantaged",0.413676618413949,15,140,150,0.188048156479345
"Reading G12",2024,"Economically disadvantaged",0.413676618413949,16,150,160,0.334200962172434
"Reading G12",2024,"Economically disadvantaged",0.413676618413949,17,160,170,0.605053675566985
"Reading G12",2024,"Economically disadvantaged",0.413676618413949,18,170,180,0.981655283204466
"Reading G12",2024,"Economically disadvantaged",0.413676618413949,19,180,190,1.44587702791489
"Reading G12",2024,"Economically disadvantaged",0.413676618413949,20,190,200,2.21351763104207
"Reading G12",2024,"Economically disadvantaged",0.413676618413949,21,200,210,2.95708253446207
"Reading G12",2024,"Economically disadvantaged",0.413676618413949,22,210,220,3.91196067626908
"Reading G12",2024,"Economically disadvantaged",0.413676618413949,23,220,230,4.99421125856843
"Reading G12",2024,"Economically disadvantaged",0.413676618413949,24,230,240,5.93536216183863
"Reading G12",2024,"Economically disadvantaged",0.413676618413949,25,240,250,7.07000592566273
"Reading G12",2024,"Economically disadvantaged",0.413676618413949,26,250,260,8.13997097686812
"Reading G12",2024,"Economically disadvantaged",0.413676618413949,27,260,270,8.94102150481308
"Reading G12",2024,"Economically disadvantaged",0.413676618413949,28,270,280,9.38795130106383
"Reading G12",2024,"Economically disadvantaged",0.413676618413949,29,280,290,9.32170963169272
"Reading G12",2024,"Economically disadvantaged",0.413676618413949,30,290,300,8.91709029885595
"Reading G12",2024,"Economically disadvantaged",0.413676618413949,31,300,310,7.74706125305022
"Reading G12",2024,"Economically disadvantaged",0.413676618413949,32,310,320,6.14553679709543
"Reading G12",2024,"Economically disadvantaged",0.413676618413949,33,320,330,4.45376282226965
"Reading G12",2024,"Economically disadvantaged",0.413676618413949,34,330,340,2.92637486014358
"Reading G12",2024,"Economically disadvantaged",0.413676618413949,35,340,350,1.67538873901813
"Reading G12",2024,"Economically disadvantaged",0.413676618413949,36,350,360,0.895549045039037
"Reading G12",2024,"Economically disadvantaged",0.413676618413949,37,360,370,0.385530522828099
"Reading G12",2024,"Economically disadvantaged",0.413676618413949,38,370,380,0.173554047480973
"Reading G12",2024,"Economically disadvantaged",0.413676618413949,39,380,390,0.0707811274977051
"Reading G12",2024,"Economically disadvantaged",0.413676618413949,40,390,400,0.0231732999808218
"Reading G12",2024,"Economically disadvantaged",0.413676618413949,41,400,410,0.0135172042745124
"Reading G12",2024,"Economically disadvantaged",0.413676618413949,42,410,420,0.000782477442255388
"Reading G12",2024,"Economically disadvantaged",0.413676618413949,43,420,430,0.000450385000592569
"Reading G12",2024,"Economically disadvantaged",0.413676618413949,44,430,440,0
"Reading G12",2024,"Economically disadvantaged",0.413676618413949,45,440,450,0
"Reading G12",2024,"Economically disadvantaged",0.413676618413949,46,450,460,0
"Reading G12",2024,"Economically disadvantaged",0.413676618413949,47,460,470,0
"Reading G12",2024,"Economically disadvantaged",0.413676618413949,48,470,480,0
"Reading G12",2024,"Economically disadvantaged",0.413676618413949,49,480,490,0
"Reading G12",2024,"Economically disadvantaged",0.413676618413949,50,490,500,0
"Reading G12",2024,"Not economically disadvantaged",0.499079282353593,1,0,10,0
"Reading G12",2024,"Not economically disadvantaged",0.499079282353593,2,10,20,0
"Reading G12",2024,"Not economically disadvantaged",0.499079282353593,3,20,30,0
"Reading G12",2024,"Not economically disadvantaged",0.499079282353593,4,30,40,0
"Reading G12",2024,"Not economically disadvantaged",0.499079282353593,5,40,50,0
"Reading G12",2024,"Not economically disadvantaged",0.499079282353593,6,50,60,0
"Reading G12",2024,"Not economically disadvantaged",0.499079282353593,7,60,70,0
"Reading G12",2024,"Not economically disadvantaged",0.499079282353593,8,70,80,0.000377681018940643
"Reading G12",2024,"Not economically disadvantaged",0.499079282353593,9,80,90,0
"Reading G12",2024,"Not economically disadvantaged",0.499079282353593,10,90,100,0.00167725623227651
"Reading G12",2024,"Not economically disadvantaged",0.499079282353593,11,100,110,0.00237069945202218
"Reading G12",2024,"Not economically disadvantaged",0.499079282353593,12,110,120,0.00279243460869703
"Reading G12",2024,"Not economically disadvantaged",0.499079282353593,13,120,130,0.0138131807736351
"Reading G12",2024,"Not economically disadvantaged",0.499079282353593,14,130,140,0.026547561635495
"Reading G12",2024,"Not economically disadvantaged",0.499079282353593,15,140,150,0.0675204994649464
"Reading G12",2024,"Not economically disadvantaged",0.499079282353593,16,150,160,0.130303162450983
"Reading G12",2024,"Not economically disadvantaged",0.499079282353593,17,160,170,0.226812449373803
"Reading G12",2024,"Not economically disadvantaged",0.499079282353593,18,170,180,0.384975693602889
"Reading G12",2024,"Not economically disadvantaged",0.499079282353593,19,180,190,0.653070219257476
"Reading G12",2024,"Not economically disadvantaged",0.499079282353593,20,190,200,1.00350318673167
"Reading G12",2024,"Not economically disadvantaged",0.499079282353593,21,200,210,1.44011495557248
"Reading G12",2024,"Not economically disadvantaged",0.499079282353593,22,210,220,2.08788955711758
"Reading G12",2024,"Not economically disadvantaged",0.499079282353593,23,220,230,2.58978188186475
"Reading G12",2024,"Not economically disadvantaged",0.499079282353593,24,230,240,3.32980769916887
"Reading G12",2024,"Not economically disadvantaged",0.499079282353593,25,240,250,4.22288527370785
"Reading G12",2024,"Not economically disadvantaged",0.499079282353593,26,250,260,5.27875834133599
"Reading G12",2024,"Not economically disadvantaged",0.499079282353593,27,260,270,6.66319572042549
"Reading G12",2024,"Not economically disadvantaged",0.499079282353593,28,270,280,8.09428388156593
"Reading G12",2024,"Not economically disadvantaged",0.499079282353593,29,280,290,9.31174537767022
"Reading G12",2024,"Not economically disadvantaged",0.499079282353593,30,290,300,10.1190692917476
"Reading G12",2024,"Not economically disadvantaged",0.499079282353593,31,300,310,10.1889244059462
"Reading G12",2024,"Not economically disadvantaged",0.499079282353593,32,310,320,9.43860103051632
"Reading G12",2024,"Not economically disadvantaged",0.499079282353593,33,320,330,8.06769803689672
"Reading G12",2024,"Not economically disadvantaged",0.499079282353593,34,330,340,6.27915088661125
"Reading G12",2024,"Not economically disadvantaged",0.499079282353593,35,340,350,4.47314959630249
"Reading G12",2024,"Not economically disadvantaged",0.499079282353593,36,350,360,2.77305945405057
"Reading G12",2024,"Not economically disadvantaged",0.499079282353593,37,360,370,1.64613304041056
"Reading G12",2024,"Not economically disadvantaged",0.499079282353593,38,370,380,0.846696583921474
"Reading G12",2024,"Not economically disadvantaged",0.499079282353593,39,380,390,0.378876454948129
"Reading G12",2024,"Not economically disadvantaged",0.499079282353593,40,390,400,0.168550435196713
"Reading G12",2024,"Not economically disadvantaged",0.499079282353593,41,400,410,0.0603151135098349
"Reading G12",2024,"Not economically disadvantaged",0.499079282353593,42,410,420,0.019559525125402
"Reading G12",2024,"Not economically disadvantaged",0.499079282353593,43,420,430,0.00547632968167058
"Reading G12",2024,"Not economically disadvantaged",0.499079282353593,44,430,440,0.00219231933676093
"Reading G12",2024,"Not economically disadvantaged",0.499079282353593,45,440,450,0
"Reading G12",2024,"Not economically disadvantaged",0.499079282353593,46,450,460,0.000320782766271234
"Reading G12",2024,"Not economically disadvantaged",0.499079282353593,47,460,470,0
"Reading G12",2024,"Not economically disadvantaged",0.499079282353593,48,470,480,0
"Reading G12",2024,"Not economically disadvantaged",0.499079282353593,49,480,490,0
"Reading G12",2024,"Not economically disadvantaged",0.499079282353593,50,490,500,0
"Math G4",2019,"Economically disadvantaged",0.504673050694042,1,0,10,0
"Math G4",2019,"Economically disadvantaged",0.504673050694042,2,10,20,0
"Math G4",2019,"Economically disadvantaged",0.504673050694042,3,20,30,0
"Math G4",2019,"Economically disadvantaged",0.504673050694042,4,30,40,0
"Math G4",2019,"Economically disadvantaged",0.504673050694042,5,40,50,0
"Math G4",2019,"Economically disadvantaged",0.504673050694042,6,50,60,0
"Math G4",2019,"Economically disadvantaged",0.504673050694042,7,60,70,0
"Math G4",2019,"Economically disadvantaged",0.504673050694042,8,70,80,6.24115245927265e-05
"Math G4",2019,"Economically disadvantaged",0.504673050694042,9,80,90,0.000284149093375537
"Math G4",2019,"Economically disadvantaged",0.504673050694042,10,90,100,0.00254652824372013
"Math G4",2019,"Economically disadvantaged",0.504673050694042,11,100,110,0.010378530254339
"Math G4",2019,"Economically disadvantaged",0.504673050694042,12,110,120,0.0339473845120965
"Math G4",2019,"Economically disadvantaged",0.504673050694042,13,120,130,0.0903034422832446
"Math G4",2019,"Economically disadvantaged",0.504673050694042,14,130,140,0.205011212739217
"Math G4",2019,"Economically disadvantaged",0.504673050694042,15,140,150,0.463842703298905
"Math G4",2019,"Economically disadvantaged",0.504673050694042,16,150,160,0.899821419390978
"Math G4",2019,"Economically disadvantaged",0.504673050694042,17,160,170,1.61538316351383
"Math G4",2019,"Economically disadvantaged",0.504673050694042,18,170,180,2.67279702158543
"Math G4",2019,"Economically disadvantaged",0.504673050694042,19,180,190,4.22840503089299
"Math G4",2019,"Economically disadvantaged",0.504673050694042,20,190,200,6.21278709292231
"Math G4",2019,"Economically disadvantaged",0.504673050694042,21,200,210,8.63570628721497
"Math G4",2019,"Economically disadvantaged",0.504673050694042,22,210,220,11.0894633744061
"Math G4",2019,"Economically disadvantaged",0.504673050694042,23,220,230,13.0941120645061
"Math G4",2019,"Economically disadvantaged",0.504673050694042,24,230,240,13.6373195690868
"Math G4",2019,"Economically disadvantaged",0.504673050694042,25,240,250,12.5189858562256
"Math G4",2019,"Economically disadvantaged",0.504673050694042,26,250,260,10.0269566046083
"Math G4",2019,"Economically disadvantaged",0.504673050694042,27,260,270,6.98670656277071
"Math G4",2019,"Economically disadvantaged",0.504673050694042,28,270,280,4.10781050398414
"Math G4",2019,"Economically disadvantaged",0.504673050694042,29,280,290,2.09018585674746
"Math G4",2019,"Economically disadvantaged",0.504673050694042,30,290,300,0.89505887877316
"Math G4",2019,"Economically disadvantaged",0.504673050694042,31,300,310,0.326528546881795
"Math G4",2019,"Economically disadvantaged",0.504673050694042,32,310,320,0.114465907644521
"Math G4",2019,"Economically disadvantaged",0.504673050694042,33,320,330,0.0279709929906052
"Math G4",2019,"Economically disadvantaged",0.504673050694042,34,330,340,0.0106893818754587
"Math G4",2019,"Economically disadvantaged",0.504673050694042,35,340,350,0.00211782799334071
"Math G4",2019,"Economically disadvantaged",0.504673050694042,36,350,360,0.000269295570285202
"Math G4",2019,"Economically disadvantaged",0.504673050694042,37,360,370,0
"Math G4",2019,"Economically disadvantaged",0.504673050694042,38,370,380,8.23984657268914e-05
"Math G4",2019,"Economically disadvantaged",0.504673050694042,39,380,390,0
"Math G4",2019,"Economically disadvantaged",0.504673050694042,40,390,400,0
"Math G4",2019,"Economically disadvantaged",0.504673050694042,41,400,410,0
"Math G4",2019,"Economically disadvantaged",0.504673050694042,42,410,420,0
"Math G4",2019,"Economically disadvantaged",0.504673050694042,43,420,430,0
"Math G4",2019,"Economically disadvantaged",0.504673050694042,44,430,440,0
"Math G4",2019,"Economically disadvantaged",0.504673050694042,45,440,450,0
"Math G4",2019,"Economically disadvantaged",0.504673050694042,46,450,460,0
"Math G4",2019,"Economically disadvantaged",0.504673050694042,47,460,470,0
"Math G4",2019,"Economically disadvantaged",0.504673050694042,48,470,480,0
"Math G4",2019,"Economically disadvantaged",0.504673050694042,49,480,490,0
"Math G4",2019,"Economically disadvantaged",0.504673050694042,50,490,500,0
"Math G4",2019,"Not economically disadvantaged",0.432077869497876,1,0,10,0
"Math G4",2019,"Not economically disadvantaged",0.432077869497876,2,10,20,0
"Math G4",2019,"Not economically disadvantaged",0.432077869497876,3,20,30,0
"Math G4",2019,"Not economically disadvantaged",0.432077869497876,4,30,40,0
"Math G4",2019,"Not economically disadvantaged",0.432077869497876,5,40,50,0
"Math G4",2019,"Not economically disadvantaged",0.432077869497876,6,50,60,0
"Math G4",2019,"Not economically disadvantaged",0.432077869497876,7,60,70,0
"Math G4",2019,"Not economically disadvantaged",0.432077869497876,8,70,80,0.000527329544975498
"Math G4",2019,"Not economically disadvantaged",0.432077869497876,9,80,90,0.000315587388507235
"Math G4",2019,"Not economically disadvantaged",0.432077869497876,10,90,100,0.00172176626566786
"Math G4",2019,"Not economically disadvantaged",0.432077869497876,11,100,110,0.00343289591877699
"Math G4",2019,"Not economically disadvantaged",0.432077869497876,12,110,120,0.0107434920140988
"Math G4",2019,"Not economically disadvantaged",0.432077869497876,13,120,130,0.0233503341628055
"Math G4",2019,"Not economically disadvantaged",0.432077869497876,14,130,140,0.0472705121822761
"Math G4",2019,"Not economically disadvantaged",0.432077869497876,15,140,150,0.0948390556890198
"Math G4",2019,"Not economically disadvantaged",0.432077869497876,16,150,160,0.182644715679155
"Math G4",2019,"Not economically disadvantaged",0.432077869497876,17,160,170,0.339458134923186
"Math G4",2019,"Not economically disadvantaged",0.432077869497876,18,170,180,0.606566898269914
"Math G4",2019,"Not economically disadvantaged",0.432077869497876,19,180,190,1.09135943446348
"Math G4",2019,"Not economically disadvantaged",0.432077869497876,20,190,200,1.80531515140026
"Math G4",2019,"Not economically disadvantaged",0.432077869497876,21,200,210,2.97077561497104
"Math G4",2019,"Not economically disadvantaged",0.432077869497876,22,210,220,4.93839165580661
"Math G4",2019,"Not economically disadvantaged",0.432077869497876,23,220,230,7.50121191540842
"Math G4",2019,"Not economically disadvantaged",0.432077869497876,24,230,240,10.5026435549906
"Math G4",2019,"Not economically disadvantaged",0.432077869497876,25,240,250,13.3531044197901
"Math G4",2019,"Not economically disadvantaged",0.432077869497876,26,250,260,14.4812702830378
"Math G4",2019,"Not economically disadvantaged",0.432077869497876,27,260,270,13.8148873296977
"Math G4",2019,"Not economically disadvantaged",0.432077869497876,28,270,280,11.2094679581657
"Math G4",2019,"Not economically disadvantaged",0.432077869497876,29,280,290,7.9354876507815
"Math G4",2019,"Not economically disadvantaged",0.432077869497876,30,290,300,4.80986150128768
"Math G4",2019,"Not economically disadvantaged",0.432077869497876,31,300,310,2.56588470786048
"Math G4",2019,"Not economically disadvantaged",0.432077869497876,32,310,320,1.1089262597257
"Math G4",2019,"Not economically disadvantaged",0.432077869497876,33,320,330,0.42021044143541
"Math G4",2019,"Not economically disadvantaged",0.432077869497876,34,330,340,0.138867424483162
"Math G4",2019,"Not economically disadvantaged",0.432077869497876,35,340,350,0.0292152984726768
"Math G4",2019,"Not economically disadvantaged",0.432077869497876,36,350,360,0.0106532082176476
"Math G4",2019,"Not economically disadvantaged",0.432077869497876,37,360,370,0.00134427051466361
"Math G4",2019,"Not economically disadvantaged",0.432077869497876,38,370,380,0.00013347463944368
"Math G4",2019,"Not economically disadvantaged",0.432077869497876,39,380,390,0.000117722811631031
"Math G4",2019,"Not economically disadvantaged",0.432077869497876,40,390,400,0
"Math G4",2019,"Not economically disadvantaged",0.432077869497876,41,400,410,0
"Math G4",2019,"Not economically disadvantaged",0.432077869497876,42,410,420,0
"Math G4",2019,"Not economically disadvantaged",0.432077869497876,43,420,430,0
"Math G4",2019,"Not economically disadvantaged",0.432077869497876,44,430,440,0
"Math G4",2019,"Not economically disadvantaged",0.432077869497876,45,440,450,0
"Math G4",2019,"Not economically disadvantaged",0.432077869497876,46,450,460,0
"Math G4",2019,"Not economically disadvantaged",0.432077869497876,47,460,470,0
"Math G4",2019,"Not economically disadvantaged",0.432077869497876,48,470,480,0
"Math G4",2019,"Not economically disadvantaged",0.432077869497876,49,480,490,0
"Math G4",2019,"Not economically disadvantaged",0.432077869497876,50,490,500,0
"Math G4",2024,"Economically disadvantaged",0.495673557615679,1,0,10,0
"Math G4",2024,"Economically disadvantaged",0.495673557615679,2,10,20,0
"Math G4",2024,"Economically disadvantaged",0.495673557615679,3,20,30,0
"Math G4",2024,"Economically disadvantaged",0.495673557615679,4,30,40,0
"Math G4",2024,"Economically disadvantaged",0.495673557615679,5,40,50,0
"Math G4",2024,"Economically disadvantaged",0.495673557615679,6,50,60,0
"Math G4",2024,"Economically disadvantaged",0.495673557615679,7,60,70,0
"Math G4",2024,"Economically disadvantaged",0.495673557615679,8,70,80,0.000287847491033579
"Math G4",2024,"Economically disadvantaged",0.495673557615679,9,80,90,0.00108396547120619
"Math G4",2024,"Economically disadvantaged",0.495673557615679,10,90,100,0.00748968815530325
"Math G4",2024,"Economically disadvantaged",0.495673557615679,11,100,110,0.0199934982369203
"Math G4",2024,"Economically disadvantaged",0.495673557615679,12,110,120,0.060016376067753
"Math G4",2024,"Economically disadvantaged",0.495673557615679,13,120,130,0.15735527103427
"Math G4",2024,"Economically disadvantaged",0.495673557615679,14,130,140,0.394032514284801
"Math G4",2024,"Economically disadvantaged",0.495673557615679,15,140,150,0.827810483644361
"Math G4",2024,"Economically disadvantaged",0.495673557615679,16,150,160,1.48215480318206
"Math G4",2024,"Economically disadvantaged",0.495673557615679,17,160,170,2.54142725091022
"Math G4",2024,"Economically disadvantaged",0.495673557615679,18,170,180,3.82318601722797
"Math G4",2024,"Economically disadvantaged",0.495673557615679,19,180,190,5.32239357630792
"Math G4",2024,"Economically disadvantaged",0.495673557615679,20,190,200,7.11872885367594
"Math G4",2024,"Economically disadvantaged",0.495673557615679,21,200,210,8.78360185293304
"Math G4",2024,"Economically disadvantaged",0.495673557615679,22,210,220,10.3744680816747
"Math G4",2024,"Economically disadvantaged",0.495673557615679,23,220,230,11.6775993142892
"Math G4",2024,"Economically disadvantaged",0.495673557615679,24,230,240,11.8990749310279
"Math G4",2024,"Economically disadvantaged",0.495673557615679,25,240,250,11.1704415122403
"Math G4",2024,"Economically disadvantaged",0.495673557615679,26,250,260,9.34283787078304
"Math G4",2024,"Economically disadvantaged",0.495673557615679,27,260,270,6.79358416961974
"Math G4",2024,"Economically disadvantaged",0.495673557615679,28,270,280,4.23684947866377
"Math G4",2024,"Economically disadvantaged",0.495673557615679,29,280,290,2.24560203691078
"Math G4",2024,"Economically disadvantaged",0.495673557615679,30,290,300,1.06243930916497
"Math G4",2024,"Economically disadvantaged",0.495673557615679,31,300,310,0.415638892684629
"Math G4",2024,"Economically disadvantaged",0.495673557615679,32,310,320,0.167676915784202
"Math G4",2024,"Economically disadvantaged",0.495673557615679,33,320,330,0.0535072528885616
"Math G4",2024,"Economically disadvantaged",0.495673557615679,34,330,340,0.0143029730530048
"Math G4",2024,"Economically disadvantaged",0.495673557615679,35,340,350,0.0048769815167205
"Math G4",2024,"Economically disadvantaged",0.495673557615679,36,350,360,0.00144053092298891
"Math G4",2024,"Economically disadvantaged",0.495673557615679,37,360,370,4.88750763549371e-05
"Math G4",2024,"Economically disadvantaged",0.495673557615679,38,370,380,4.88750763549371e-05
"Math G4",2024,"Economically disadvantaged",0.495673557615679,39,380,390,0
"Math G4",2024,"Economically disadvantaged",0.495673557615679,40,390,400,0
"Math G4",2024,"Economically disadvantaged",0.495673557615679,41,400,410,0
"Math G4",2024,"Economically disadvantaged",0.495673557615679,42,410,420,0
"Math G4",2024,"Economically disadvantaged",0.495673557615679,43,420,430,0
"Math G4",2024,"Economically disadvantaged",0.495673557615679,44,430,440,0
"Math G4",2024,"Economically disadvantaged",0.495673557615679,45,440,450,0
"Math G4",2024,"Economically disadvantaged",0.495673557615679,46,450,460,0
"Math G4",2024,"Economically disadvantaged",0.495673557615679,47,460,470,0
"Math G4",2024,"Economically disadvantaged",0.495673557615679,48,470,480,0
"Math G4",2024,"Economically disadvantaged",0.495673557615679,49,480,490,0
"Math G4",2024,"Economically disadvantaged",0.495673557615679,50,490,500,0
"Math G4",2024,"Not economically disadvantaged",0.412350000199492,1,0,10,0
"Math G4",2024,"Not economically disadvantaged",0.412350000199492,2,10,20,0
"Math G4",2024,"Not economically disadvantaged",0.412350000199492,3,20,30,0
"Math G4",2024,"Not economically disadvantaged",0.412350000199492,4,30,40,0
"Math G4",2024,"Not economically disadvantaged",0.412350000199492,5,40,50,0
"Math G4",2024,"Not economically disadvantaged",0.412350000199492,6,50,60,0
"Math G4",2024,"Not economically disadvantaged",0.412350000199492,7,60,70,0
"Math G4",2024,"Not economically disadvantaged",0.412350000199492,8,70,80,1.33101112195463e-05
"Math G4",2024,"Not economically disadvantaged",0.412350000199492,9,80,90,2.02565942155957e-05
"Math G4",2024,"Not economically disadvantaged",0.412350000199492,10,90,100,0.000938826378625989
"Math G4",2024,"Not economically disadvantaged",0.412350000199492,11,100,110,0.00138446110492123
"Math G4",2024,"Not economically disadvantaged",0.412350000199492,12,110,120,0.0107967058655718
"Math G4",2024,"Not economically disadvantaged",0.412350000199492,13,120,130,0.0344252349981345
"Math G4",2024,"Not economically disadvantaged",0.412350000199492,14,130,140,0.0758101155548304
"Math G4",2024,"Not economically disadvantaged",0.412350000199492,15,140,150,0.173379296631865
"Math G4",2024,"Not economically disadvantaged",0.412350000199492,16,150,160,0.345266431818645
"Math G4",2024,"Not economically disadvantaged",0.412350000199492,17,160,170,0.655607606890783
"Math G4",2024,"Not economically disadvantaged",0.412350000199492,18,170,180,1.09588573957619
"Math G4",2024,"Not economically disadvantaged",0.412350000199492,19,180,190,1.67901364533095
"Math G4",2024,"Not economically disadvantaged",0.412350000199492,20,190,200,2.55966819882271
"Math G4",2024,"Not economically disadvantaged",0.412350000199492,21,200,210,3.63699219544576
"Math G4",2024,"Not economically disadvantaged",0.412350000199492,22,210,220,5.25195125626521
"Math G4",2024,"Not economically disadvantaged",0.412350000199492,23,220,230,7.34176881878549
"Math G4",2024,"Not economically disadvantaged",0.412350000199492,24,230,240,9.86862149938268
"Math G4",2024,"Not economically disadvantaged",0.412350000199492,25,240,250,12.2259608224765
"Math G4",2024,"Not economically disadvantaged",0.412350000199492,26,250,260,13.6599371496883
"Math G4",2024,"Not economically disadvantaged",0.412350000199492,27,260,270,13.1707519562396
"Math G4",2024,"Not economically disadvantaged",0.412350000199492,28,270,280,11.025231234547
"Math G4",2024,"Not economically disadvantaged",0.412350000199492,29,280,290,7.92521812228859
"Math G4",2024,"Not economically disadvantaged",0.412350000199492,30,290,300,4.89379943565422
"Math G4",2024,"Not economically disadvantaged",0.412350000199492,31,300,310,2.59547511752812
"Math G4",2024,"Not economically disadvantaged",0.412350000199492,32,310,320,1.1480207212786
"Math G4",2024,"Not economically disadvantaged",0.412350000199492,33,320,330,0.445866387259486
"Math G4",2024,"Not economically disadvantaged",0.412350000199492,34,330,340,0.12956442022552
"Math G4",2024,"Not economically disadvantaged",0.412350000199492,35,340,350,0.0365692675554334
"Math G4",2024,"Not economically disadvantaged",0.412350000199492,36,350,360,0.0112628697159386
"Math G4",2024,"Not economically disadvantaged",0.412350000199492,37,360,370,0.000683730379672598
"Math G4",2024,"Not economically disadvantaged",0.412350000199492,38,370,380,0.000115165605249971
"Math G4",2024,"Not economically disadvantaged",0.412350000199492,39,380,390,0
"Math G4",2024,"Not economically disadvantaged",0.412350000199492,40,390,400,0
"Math G4",2024,"Not economically disadvantaged",0.412350000199492,41,400,410,0
"Math G4",2024,"Not economically disadvantaged",0.412350000199492,42,410,420,0
"Math G4",2024,"Not economically disadvantaged",0.412350000199492,43,420,430,0
"Math G4",2024,"Not economically disadvantaged",0.412350000199492,44,430,440,0
"Math G4",2024,"Not economically disadvantaged",0.412350000199492,45,440,450,0
"Math G4",2024,"Not economically disadvantaged",0.412350000199492,46,450,460,0
"Math G4",2024,"Not economically disadvantaged",0.412350000199492,47,460,470,0
"Math G4",2024,"Not economically disadvantaged",0.412350000199492,48,470,480,0
"Math G4",2024,"Not economically disadvantaged",0.412350000199492,49,480,490,0
"Math G4",2024,"Not economically disadvantaged",0.412350000199492,50,490,500,0
"Math G8",2019,"Economically disadvantaged",0.467179205937209,1,0,10,0
"Math G8",2019,"Economically disadvantaged",0.467179205937209,2,10,20,0
"Math G8",2019,"Economically disadvantaged",0.467179205937209,3,20,30,0
"Math G8",2019,"Economically disadvantaged",0.467179205937209,4,30,40,0
"Math G8",2019,"Economically disadvantaged",0.467179205937209,5,40,50,0
"Math G8",2019,"Economically disadvantaged",0.467179205937209,6,50,60,0
"Math G8",2019,"Economically disadvantaged",0.467179205937209,7,60,70,0
"Math G8",2019,"Economically disadvantaged",0.467179205937209,8,70,80,0
"Math G8",2019,"Economically disadvantaged",0.467179205937209,9,80,90,0
"Math G8",2019,"Economically disadvantaged",0.467179205937209,10,90,100,0.000110887170938161
"Math G8",2019,"Economically disadvantaged",0.467179205937209,11,100,110,0.000674045877400172
"Math G8",2019,"Economically disadvantaged",0.467179205937209,12,110,120,0.00211087519244027
"Math G8",2019,"Economically disadvantaged",0.467179205937209,13,120,130,0.008393964927239
"Math G8",2019,"Economically disadvantaged",0.467179205937209,14,130,140,0.0179801183511809
"Math G8",2019,"Economically disadvantaged",0.467179205937209,15,140,150,0.0477492684452379
"Math G8",2019,"Economically disadvantaged",0.467179205937209,16,150,160,0.111409068390815
"Math G8",2019,"Economically disadvantaged",0.467179205937209,17,160,170,0.230482192468057
"Math G8",2019,"Economically disadvantaged",0.467179205937209,18,170,180,0.473932865815513
"Math G8",2019,"Economically disadvantaged",0.467179205937209,19,180,190,0.871910517741123
"Math G8",2019,"Economically disadvantaged",0.467179205937209,20,190,200,1.57823132630282
"Math G8",2019,"Economically disadvantaged",0.467179205937209,21,200,210,2.57771005929843
"Math G8",2019,"Economically disadvantaged",0.467179205937209,22,210,220,4.10375915039473
"Math G8",2019,"Economically disadvantaged",0.467179205937209,23,220,230,5.77725213640995
"Math G8",2019,"Economically disadvantaged",0.467179205937209,24,230,240,7.66403681967337
"Math G8",2019,"Economically disadvantaged",0.467179205937209,25,240,250,9.34785490399543
"Math G8",2019,"Economically disadvantaged",0.467179205937209,26,250,260,10.5045732868913
"Math G8",2019,"Economically disadvantaged",0.467179205937209,27,260,270,11.0564939365353
"Math G8",2019,"Economically disadvantaged",0.467179205937209,28,270,280,10.5796361083253
"Math G8",2019,"Economically disadvantaged",0.467179205937209,29,280,290,9.46420092041289
"Math G8",2019,"Economically disadvantaged",0.467179205937209,30,290,300,7.91796972225786
"Math G8",2019,"Economically disadvantaged",0.467179205937209,31,300,310,6.19484355435358
"Math G8",2019,"Economically disadvantaged",0.467179205937209,32,310,320,4.46738923895226
"Math G8",2019,"Economically disadvantaged",0.467179205937209,33,320,330,2.99393049536366
"Math G8",2019,"Economically disadvantaged",0.467179205937209,34,330,340,1.83465424385098
"Math G8",2019,"Economically disadvantaged",0.467179205937209,35,340,350,1.04963800403684
"Math G8",2019,"Economically disadvantaged",0.467179205937209,36,350,360,0.571840180450696
"Math G8",2019,"Economically disadvantaged",0.467179205937209,37,360,370,0.3085598066058
"Math G8",2019,"Economically disadvantaged",0.467179205937209,38,370,380,0.137597171267919
"Math G8",2019,"Economically disadvantaged",0.467179205937209,39,380,390,0.0611880697917947
"Math G8",2019,"Economically disadvantaged",0.467179205937209,40,390,400,0.027627831683638
"Math G8",2019,"Economically disadvantaged",0.467179205937209,41,400,410,0.0126014209945313
"Math G8",2019,"Economically disadvantaged",0.467179205937209,42,410,420,0.00285139208418899
"Math G8",2019,"Economically disadvantaged",0.467179205937209,43,420,430,0.000591411407710595
"Math G8",2019,"Economically disadvantaged",0.467179205937209,44,430,440,0.000215004279069859
"Math G8",2019,"Economically disadvantaged",0.467179205937209,45,440,450,0
"Math G8",2019,"Economically disadvantaged",0.467179205937209,46,450,460,0
"Math G8",2019,"Economically disadvantaged",0.467179205937209,47,460,470,0
"Math G8",2019,"Economically disadvantaged",0.467179205937209,48,470,480,0
"Math G8",2019,"Economically disadvantaged",0.467179205937209,49,480,490,0
"Math G8",2019,"Economically disadvantaged",0.467179205937209,50,490,500,0
"Math G8",2019,"Not economically disadvantaged",0.462761813717765,1,0,10,0
"Math G8",2019,"Not economically disadvantaged",0.462761813717765,2,10,20,0
"Math G8",2019,"Not economically disadvantaged",0.462761813717765,3,20,30,0
"Math G8",2019,"Not economically disadvantaged",0.462761813717765,4,30,40,0
"Math G8",2019,"Not economically disadvantaged",0.462761813717765,5,40,50,0
"Math G8",2019,"Not economically disadvantaged",0.462761813717765,6,50,60,0
"Math G8",2019,"Not economically disadvantaged",0.462761813717765,7,60,70,0
"Math G8",2019,"Not economically disadvantaged",0.462761813717765,8,70,80,0
"Math G8",2019,"Not economically disadvantaged",0.462761813717765,9,80,90,0
"Math G8",2019,"Not economically disadvantaged",0.462761813717765,10,90,100,0.000122580661194599
"Math G8",2019,"Not economically disadvantaged",0.462761813717765,11,100,110,0
"Math G8",2019,"Not economically disadvantaged",0.462761813717765,12,110,120,0.000139268737317505
"Math G8",2019,"Not economically disadvantaged",0.462761813717765,13,120,130,0.000343227186155628
"Math G8",2019,"Not economically disadvantaged",0.462761813717765,14,130,140,0.00238870604658212
"Math G8",2019,"Not economically disadvantaged",0.462761813717765,15,140,150,0.0047256395886299
"Math G8",2019,"Not economically disadvantaged",0.462761813717765,16,150,160,0.0169729163530497
"Math G8",2019,"Not economically disadvantaged",0.462761813717765,17,160,170,0.0366865212211486
"Math G8",2019,"Not economically disadvantaged",0.462761813717765,18,170,180,0.0865132415550212
"Math G8",2019,"Not economically disadvantaged",0.462761813717765,19,180,190,0.177951434597438
"Math G8",2019,"Not economically disadvantaged",0.462761813717765,20,190,200,0.347102281257472
"Math G8",2019,"Not economically disadvantaged",0.462761813717765,21,200,210,0.627894873218141
"Math G8",2019,"Not economically disadvantaged",0.462761813717765,22,210,220,1.12245990389372
"Math G8",2019,"Not economically disadvantaged",0.462761813717765,23,220,230,1.78764022109363
"Math G8",2019,"Not economically disadvantaged",0.462761813717765,24,230,240,2.81917372742661
"Math G8",2019,"Not economically disadvantaged",0.462761813717765,25,240,250,4.07945264939072
"Math G8",2019,"Not economically disadvantaged",0.462761813717765,26,250,260,5.58129534423692
"Math G8",2019,"Not economically disadvantaged",0.462761813717765,27,260,270,7.21473502661098
"Math G8",2019,"Not economically disadvantaged",0.462761813717765,28,270,280,8.83002469836456
"Math G8",2019,"Not economically disadvantaged",0.462761813717765,29,280,290,9.96825211665525
"Math G8",2019,"Not economically disadvantaged",0.462761813717765,30,290,300,10.5825458144446
"Math G8",2019,"Not economically disadvantaged",0.462761813717765,31,300,310,10.3991908112926
"Math G8",2019,"Not economically disadvantaged",0.462761813717765,32,310,320,9.72633461254276
"Math G8",2019,"Not economically disadvantaged",0.462761813717765,33,320,330,8.24158076151597
"Math G8",2019,"Not economically disadvantaged",0.462761813717765,34,330,340,6.56409799901539
"Math G8",2019,"Not economically disadvantaged",0.462761813717765,35,340,350,4.77638597519329
"Math G8",2019,"Not economically disadvantaged",0.462761813717765,36,350,360,3.10081558718939
"Math G8",2019,"Not economically disadvantaged",0.462761813717765,37,360,370,1.89870860704277
"Math G8",2019,"Not economically disadvantaged",0.462761813717765,38,370,380,1.02825552675793
"Math G8",2019,"Not economically disadvantaged",0.462761813717765,39,380,390,0.551570068008476
"Math G8",2019,"Not economically disadvantaged",0.462761813717765,40,390,400,0.269314289551142
"Math G8",2019,"Not economically disadvantaged",0.462761813717765,41,400,410,0.10448554751306
"Math G8",2019,"Not economically disadvantaged",0.462761813717765,42,410,420,0.033777716558657
"Math G8",2019,"Not economically disadvantaged",0.462761813717765,43,420,430,0.0154747672866431
"Math G8",2019,"Not economically disadvantaged",0.462761813717765,44,430,440,0.00269252951097527
"Math G8",2019,"Not economically disadvantaged",0.462761813717765,45,440,450,0.000895008481729029
"Math G8",2019,"Not economically disadvantaged",0.462761813717765,46,450,460,0
"Math G8",2019,"Not economically disadvantaged",0.462761813717765,47,460,470,0
"Math G8",2019,"Not economically disadvantaged",0.462761813717765,48,470,480,0
"Math G8",2019,"Not economically disadvantaged",0.462761813717765,49,480,490,0
"Math G8",2019,"Not economically disadvantaged",0.462761813717765,50,490,500,0
"Math G8",2024,"Economically disadvantaged",0.46976839422743,1,0,10,0
"Math G8",2024,"Economically disadvantaged",0.46976839422743,2,10,20,0
"Math G8",2024,"Economically disadvantaged",0.46976839422743,3,20,30,0
"Math G8",2024,"Economically disadvantaged",0.46976839422743,4,30,40,0
"Math G8",2024,"Economically disadvantaged",0.46976839422743,5,40,50,0
"Math G8",2024,"Economically disadvantaged",0.46976839422743,6,50,60,0
"Math G8",2024,"Economically disadvantaged",0.46976839422743,7,60,70,0
"Math G8",2024,"Economically disadvantaged",0.46976839422743,8,70,80,0
"Math G8",2024,"Economically disadvantaged",0.46976839422743,9,80,90,0
"Math G8",2024,"Economically disadvantaged",0.46976839422743,10,90,100,9.39563837107255e-05
"Math G8",2024,"Economically disadvantaged",0.46976839422743,11,100,110,0.00202585315428582
"Math G8",2024,"Economically disadvantaged",0.46976839422743,12,110,120,0.00217594072189672
"Math G8",2024,"Economically disadvantaged",0.46976839422743,13,120,130,0.0137677330408729
"Math G8",2024,"Economically disadvantaged",0.46976839422743,14,130,140,0.0372581601654576
"Math G8",2024,"Economically disadvantaged",0.46976839422743,15,140,150,0.0922850940101324
"Math G8",2024,"Economically disadvantaged",0.46976839422743,16,150,160,0.22000244989484
"Math G8",2024,"Economically disadvantaged",0.46976839422743,17,160,170,0.456801871580864
"Math G8",2024,"Economically disadvantaged",0.46976839422743,18,170,180,0.912610291277047
"Math G8",2024,"Economically disadvantaged",0.46976839422743,19,180,190,1.72967194763373
"Math G8",2024,"Economically disadvantaged",0.46976839422743,20,190,200,2.80550685854351
"Math G8",2024,"Economically disadvantaged",0.46976839422743,21,200,210,4.27111591570433
"Math G8",2024,"Economically disadvantaged",0.46976839422743,22,210,220,5.81783157919233
"Math G8",2024,"Economically disadvantaged",0.46976839422743,23,220,230,7.48807499934151
"Math G8",2024,"Economically disadvantaged",0.46976839422743,24,230,240,9.01520387344415
"Math G8",2024,"Economically disadvantaged",0.46976839422743,25,240,250,10.0117510297767
"Math G8",2024,"Economically disadvantaged",0.46976839422743,26,250,260,10.4199571707597
"Math G8",2024,"Economically disadvantaged",0.46976839422743,27,260,270,10.085427334901
"Math G8",2024,"Economically disadvantaged",0.46976839422743,28,270,280,9.10449821384275
"Math G8",2024,"Economically disadvantaged",0.46976839422743,29,280,290,7.76790598161068
"Math G8",2024,"Economically disadvantaged",0.46976839422743,30,290,300,6.27210565912184
"Math G8",2024,"Economically disadvantaged",0.46976839422743,31,300,310,4.77411616702536
"Math G8",2024,"Economically disadvantaged",0.46976839422743,32,310,320,3.4077893327772
"Math G8",2024,"Economically disadvantaged",0.46976839422743,33,320,330,2.27748599277258
"Math G8",2024,"Economically disadvantaged",0.46976839422743,34,330,340,1.43092026948711
"Math G8",2024,"Economically disadvantaged",0.46976839422743,35,340,350,0.804812614439195
"Math G8",2024,"Economically disadvantaged",0.46976839422743,36,350,360,0.394671466972533
"Math G8",2024,"Economically disadvantaged",0.46976839422743,37,360,370,0.222590553785786
"Math G8",2024,"Economically disadvantaged",0.46976839422743,38,370,380,0.0951123622720617
"Math G8",2024,"Economically disadvantaged",0.46976839422743,39,380,390,0.0425855977716812
"Math G8",2024,"Economically disadvantaged",0.46976839422743,40,390,400,0.0184168840069555
"Math G8",2024,"Economically disadvantaged",0.46976839422743,41,400,410,0.00393270901709262
"Math G8",2024,"Economically disadvantaged",0.46976839422743,42,410,420,0.00138062004654537
"Math G8",2024,"Economically disadvantaged",0.46976839422743,43,420,430,0.000113515524633364
"Math G8",2024,"Economically disadvantaged",0.46976839422743,44,430,440,0
"Math G8",2024,"Economically disadvantaged",0.46976839422743,45,440,450,0
"Math G8",2024,"Economically disadvantaged",0.46976839422743,46,450,460,0
"Math G8",2024,"Economically disadvantaged",0.46976839422743,47,460,470,0
"Math G8",2024,"Economically disadvantaged",0.46976839422743,48,470,480,0
"Math G8",2024,"Economically disadvantaged",0.46976839422743,49,480,490,0
"Math G8",2024,"Economically disadvantaged",0.46976839422743,50,490,500,0
"Math G8",2024,"Not economically disadvantaged",0.439684843920936,1,0,10,0
"Math G8",2024,"Not economically disadvantaged",0.439684843920936,2,10,20,0
"Math G8",2024,"Not economically disadvantaged",0.439684843920936,3,20,30,0
"Math G8",2024,"Not economically disadvantaged",0.439684843920936,4,30,40,0
"Math G8",2024,"Not economically disadvantaged",0.439684843920936,5,40,50,0
"Math G8",2024,"Not economically disadvantaged",0.439684843920936,6,50,60,0
"Math G8",2024,"Not economically disadvantaged",0.439684843920936,7,60,70,0
"Math G8",2024,"Not economically disadvantaged",0.439684843920936,8,70,80,0
"Math G8",2024,"Not economically disadvantaged",0.439684843920936,9,80,90,3.0931372508298e-05
"Math G8",2024,"Not economically disadvantaged",0.439684843920936,10,90,100,0
"Math G8",2024,"Not economically disadvantaged",0.439684843920936,11,100,110,9.20488039271256e-05
"Math G8",2024,"Not economically disadvantaged",0.439684843920936,12,110,120,0.000308936843627836
"Math G8",2024,"Not economically disadvantaged",0.439684843920936,13,120,130,0.000925449968002838
"Math G8",2024,"Not economically disadvantaged",0.439684843920936,14,130,140,0.00695766280479192
"Math G8",2024,"Not economically disadvantaged",0.439684843920936,15,140,150,0.0177948105112613
"Math G8",2024,"Not economically disadvantaged",0.439684843920936,16,150,160,0.0453429709097379
"Math G8",2024,"Not economically disadvantaged",0.439684843920936,17,160,170,0.104916374936298
"Math G8",2024,"Not economically disadvantaged",0.439684843920936,18,170,180,0.228092216723773
"Math G8",2024,"Not economically disadvantaged",0.439684843920936,19,180,190,0.473322296501526
"Math G8",2024,"Not economically disadvantaged",0.439684843920936,20,190,200,0.843621391572006
"Math G8",2024,"Not economically disadvantaged",0.439684843920936,21,200,210,1.41904456951755
"Math G8",2024,"Not economically disadvantaged",0.439684843920936,22,210,220,2.17236548867072
"Math G8",2024,"Not economically disadvantaged",0.439684843920936,23,220,230,2.94827545134101
"Math G8",2024,"Not economically disadvantaged",0.439684843920936,24,230,240,3.99634471882281
"Math G8",2024,"Not economically disadvantaged",0.439684843920936,25,240,250,5.30009728075136
"Math G8",2024,"Not economically disadvantaged",0.439684843920936,26,250,260,6.71700662756301
"Math G8",2024,"Not economically disadvantaged",0.439684843920936,27,260,270,7.95870865024529
"Math G8",2024,"Not economically disadvantaged",0.439684843920936,28,270,280,8.90598841685573
"Math G8",2024,"Not economically disadvantaged",0.439684843920936,29,280,290,9.57695209843016
"Math G8",2024,"Not economically disadvantaged",0.439684843920936,30,290,300,9.68614048912403
"Math G8",2024,"Not economically disadvantaged",0.439684843920936,31,300,310,9.3089571925582
"Math G8",2024,"Not economically disadvantaged",0.439684843920936,32,310,320,8.43759832958276
"Math G8",2024,"Not economically disadvantaged",0.439684843920936,33,320,330,6.99615381327111
"Math G8",2024,"Not economically disadvantaged",0.439684843920936,34,330,340,5.28450433181312
"Math G8",2024,"Not economically disadvantaged",0.439684843920936,35,340,350,3.84722446598548
"Math G8",2024,"Not economically disadvantaged",0.439684843920936,36,350,360,2.54826151891166
"Math G8",2024,"Not economically disadvantaged",0.439684843920936,37,360,370,1.53896579120654
"Math G8",2024,"Not economically disadvantaged",0.439684843920936,38,370,380,0.874030217666174
"Math G8",2024,"Not economically disadvantaged",0.439684843920936,39,380,390,0.447466085162836
"Math G8",2024,"Not economically disadvantaged",0.439684843920936,40,390,400,0.191064317916919
"Math G8",2024,"Not economically disadvantaged",0.439684843920936,41,400,410,0.0778912736256707
"Math G8",2024,"Not economically disadvantaged",0.439684843920936,42,410,420,0.0344763608781693
"Math G8",2024,"Not economically disadvantaged",0.439684843920936,43,420,430,0.00825989131162
"Math G8",2024,"Not economically disadvantaged",0.439684843920936,44,430,440,0.00260646502349871
"Math G8",2024,"Not economically disadvantaged",0.439684843920936,45,440,450,0.000194277393810915
"Math G8",2024,"Not economically disadvantaged",0.439684843920936,46,450,460,1.67854232913767e-05
"Math G8",2024,"Not economically disadvantaged",0.439684843920936,47,460,470,0
"Math G8",2024,"Not economically disadvantaged",0.439684843920936,48,470,480,0
"Math G8",2024,"Not economically disadvantaged",0.439684843920936,49,480,490,0
"Math G8",2024,"Not economically disadvantaged",0.439684843920936,50,490,500,0
"Math G12",2019,"Economically disadvantaged",0.405532812299916,1,0,10,0.00746803843616784
"Math G12",2019,"Economically disadvantaged",0.405532812299916,2,10,20,0.0139493732115694
"Math G12",2019,"Economically disadvantaged",0.405532812299916,3,20,30,0.0391158453048359
"Math G12",2019,"Economically disadvantaged",0.405532812299916,4,30,40,0.0913212313145472
"Math G12",2019,"Economically disadvantaged",0.405532812299916,5,40,50,0.20147946983635
"Math G12",2019,"Economically disadvantaged",0.405532812299916,6,50,60,0.473378794325463
"Math G12",2019,"Economically disadvantaged",0.405532812299916,7,60,70,1.02224770029892
"Math G12",2019,"Economically disadvantaged",0.405532812299916,8,70,80,2.08010593762967
"Math G12",2019,"Economically disadvantaged",0.405532812299916,9,80,90,3.63939636100202
"Math G12",2019,"Economically disadvantaged",0.405532812299916,10,90,100,5.79731290451039
"Math G12",2019,"Economically disadvantaged",0.405532812299916,11,100,110,8.26549589269116
"Math G12",2019,"Economically disadvantaged",0.405532812299916,12,110,120,10.5102075704061
"Math G12",2019,"Economically disadvantaged",0.405532812299916,13,120,130,11.8199565538884
"Math G12",2019,"Economically disadvantaged",0.405532812299916,14,130,140,12.0915428868021
"Math G12",2019,"Economically disadvantaged",0.405532812299916,15,140,150,11.270715898882
"Math G12",2019,"Economically disadvantaged",0.405532812299916,16,150,160,10.0920893179802
"Math G12",2019,"Economically disadvantaged",0.405532812299916,17,160,170,7.85487372370099
"Math G12",2019,"Economically disadvantaged",0.405532812299916,18,170,180,5.84384958403335
"Math G12",2019,"Economically disadvantaged",0.405532812299916,19,180,190,4.06709606997468
"Math G12",2019,"Economically disadvantaged",0.405532812299916,20,190,200,2.40854186272797
"Math G12",2019,"Economically disadvantaged",0.405532812299916,21,200,210,1.28638535761841
"Math G12",2019,"Economically disadvantaged",0.405532812299916,22,210,220,0.653987683216058
"Math G12",2019,"Economically disadvantaged",0.405532812299916,23,220,230,0.287059002867122
"Math G12",2019,"Economically disadvantaged",0.405532812299916,24,230,240,0.126729428916601
"Math G12",2019,"Economically disadvantaged",0.405532812299916,25,240,250,0.0440827707452374
"Math G12",2019,"Economically disadvantaged",0.405532812299916,26,250,260,0.00990054980536893
"Math G12",2019,"Economically disadvantaged",0.405532812299916,27,260,270,0.00171018987435199
"Math G12",2019,"Economically disadvantaged",0.405532812299916,28,270,280,0
"Math G12",2019,"Economically disadvantaged",0.405532812299916,29,280,290,0
"Math G12",2019,"Economically disadvantaged",0.405532812299916,30,290,300,0
"Math G12",2019,"Not economically disadvantaged",0.529942750027543,1,0,10,0
"Math G12",2019,"Not economically disadvantaged",0.529942750027543,2,10,20,0.000287510616257261
"Math G12",2019,"Not economically disadvantaged",0.529942750027543,3,20,30,0.0038568716622823
"Math G12",2019,"Not economically disadvantaged",0.529942750027543,4,30,40,0.0129910387198119
"Math G12",2019,"Not economically disadvantaged",0.529942750027543,5,40,50,0.0413082643482486
"Math G12",2019,"Not economically disadvantaged",0.529942750027543,6,50,60,0.115476960783834
"Math G12",2019,"Not economically disadvantaged",0.529942750027543,7,60,70,0.261093020831773
"Math G12",2019,"Not economically disadvantaged",0.529942750027543,8,70,80,0.535085025455479
"Math G12",2019,"Not economically disadvantaged",0.529942750027543,9,80,90,1.14730069977328
"Math G12",2019,"Not economically disadvantaged",0.529942750027543,10,90,100,2.04767324207391
"Math G12",2019,"Not economically disadvantaged",0.529942750027543,11,100,110,3.47268615745587
"Math G12",2019,"Not economically disadvantaged",0.529942750027543,12,110,120,5.12622671947362
"Math G12",2019,"Not economically disadvantaged",0.529942750027543,13,120,130,6.82149838695031
"Math G12",2019,"Not economically disadvantaged",0.529942750027543,14,130,140,8.43376037055252
"Math G12",2019,"Not economically disadvantaged",0.529942750027543,15,140,150,9.89991147822517
"Math G12",2019,"Not economically disadvantaged",0.529942750027543,16,150,160,10.9394433756677
"Math G12",2019,"Not economically disadvantaged",0.529942750027543,17,160,170,11.204266855936
"Math G12",2019,"Not economically disadvantaged",0.529942750027543,18,170,180,10.5878836926691
"Math G12",2019,"Not economically disadvantaged",0.529942750027543,19,180,190,9.46712023522617
"Math G12",2019,"Not economically disadvantaged",0.529942750027543,20,190,200,7.63385066498586
"Math G12",2019,"Not economically disadvantaged",0.529942750027543,21,200,210,5.34335440624444
"Math G12",2019,"Not economically disadvantaged",0.529942750027543,22,210,220,3.20004778919023
"Math G12",2019,"Not economically disadvantaged",0.529942750027543,23,220,230,1.8854004864092
"Math G12",2019,"Not economically disadvantaged",0.529942750027543,24,230,240,1.04338660970154
"Math G12",2019,"Not economically disadvantaged",0.529942750027543,25,240,250,0.505969729935963
"Math G12",2019,"Not economically disadvantaged",0.529942750027543,26,250,260,0.187834114954096
"Math G12",2019,"Not economically disadvantaged",0.529942750027543,27,260,270,0.0600884801572076
"Math G12",2019,"Not economically disadvantaged",0.529942750027543,28,270,280,0.0168153521277267
"Math G12",2019,"Not economically disadvantaged",0.529942750027543,29,280,290,0.00408840041554761
"Math G12",2019,"Not economically disadvantaged",0.529942750027543,30,290,300,0.00129405945688054
"Math G12",2024,"Economically disadvantaged",0.41729691353962,1,0,10,0.000471099766548071
"Math G12",2024,"Economically disadvantaged",0.41729691353962,2,10,20,0.00673755088068654
"Math G12",2024,"Economically disadvantaged",0.41729691353962,3,20,30,0.0260827785950446
"Math G12",2024,"Economically disadvantaged",0.41729691353962,4,30,40,0.0749068703971312
"Math G12",2024,"Economically disadvantaged",0.41729691353962,5,40,50,0.202716136367634
"Math G12",2024,"Economically disadvantaged",0.41729691353962,6,50,60,0.565974513304893
"Math G12",2024,"Economically disadvantaged",0.41729691353962,7,60,70,1.37841620695632
"Math G12",2024,"Economically disadvantaged",0.41729691353962,8,70,80,2.78478858688288
"Math G12",2024,"Economically disadvantaged",0.41729691353962,9,80,90,4.77988255738143
"Math G12",2024,"Economically disadvantaged",0.41729691353962,10,90,100,7.26862067544356
"Math G12",2024,"Economically disadvantaged",0.41729691353962,11,100,110,9.47683953426747
"Math G12",2024,"Economically disadvantaged",0.41729691353962,12,110,120,11.1469016993953
"Math G12",2024,"Economically disadvantaged",0.41729691353962,13,120,130,11.8217482981785
"Math G12",2024,"Economically disadvantaged",0.41729691353962,14,130,140,11.3042271853092
"Math G12",2024,"Economically disadvantaged",0.41729691353962,15,140,150,10.4288304859369
"Math G12",2024,"Economically disadvantaged",0.41729691353962,16,150,160,8.6596577781985
"Math G12",2024,"Economically disadvantaged",0.41729691353962,17,160,170,7.10133450242456
"Math G12",2024,"Economically disadvantaged",0.41729691353962,18,170,180,5.01912045708599
"Math G12",2024,"Economically disadvantaged",0.41729691353962,19,180,190,3.43457277342277
"Math G12",2024,"Economically disadvantaged",0.41729691353962,20,190,200,2.12746831995651
"Math G12",2024,"Economically disadvantaged",0.41729691353962,21,200,210,1.23278449170865
"Math G12",2024,"Economically disadvantaged",0.41729691353962,22,210,220,0.592498953223909
"Math G12",2024,"Economically disadvantaged",0.41729691353962,23,220,230,0.35005413203068
"Math G12",2024,"Economically disadvantaged",0.41729691353962,24,230,240,0.156207128071877
"Math G12",2024,"Economically disadvantaged",0.41729691353962,25,240,250,0.0464372298950952
"Math G12",2024,"Economically disadvantaged",0.41729691353962,26,250,260,0.00999081055459406
"Math G12",2024,"Economically disadvantaged",0.41729691353962,27,260,270,0.00183008337687038
"Math G12",2024,"Economically disadvantaged",0.41729691353962,28,270,280,0.000380746643144413
"Math G12",2024,"Economically disadvantaged",0.41729691353962,29,280,290,0.000518414343383168
"Math G12",2024,"Economically disadvantaged",0.41729691353962,30,290,300,0
"Math G12",2024,"Not economically disadvantaged",0.496823908600379,1,0,10,0
"Math G12",2024,"Not economically disadvantaged",0.496823908600379,2,10,20,0.00250679022917442
"Math G12",2024,"Not economically disadvantaged",0.496823908600379,3,20,30,0.00594178205453453
"Math G12",2024,"Not economically disadvantaged",0.496823908600379,4,30,40,0.0176079433062652
"Math G12",2024,"Not economically disadvantaged",0.496823908600379,5,40,50,0.0542804215543161
"Math G12",2024,"Not economically disadvantaged",0.496823908600379,6,50,60,0.138060447532133
"Math G12",2024,"Not economically disadvantaged",0.496823908600379,7,60,70,0.371127066146687
"Math G12",2024,"Not economically disadvantaged",0.496823908600379,8,70,80,0.79760843233113
"Math G12",2024,"Not economically disadvantaged",0.496823908600379,9,80,90,1.59037436404472
"Math G12",2024,"Not economically disadvantaged",0.496823908600379,10,90,100,2.73513691519482
"Math G12",2024,"Not economically disadvantaged",0.496823908600379,11,100,110,4.28302680028237
"Math G12",2024,"Not economically disadvantaged",0.496823908600379,12,110,120,5.99631068002955
"Math G12",2024,"Not economically disadvantaged",0.496823908600379,13,120,130,7.43984968667506
"Math G12",2024,"Not economically disadvantaged",0.496823908600379,14,130,140,8.80280313125532
"Math G12",2024,"Not economically disadvantaged",0.496823908600379,15,140,150,10.2711897086868
"Math G12",2024,"Not economically disadvantaged",0.496823908600379,16,150,160,10.8034663370766
"Math G12",2024,"Not economically disadvantaged",0.496823908600379,17,160,170,10.5511601633768
"Math G12",2024,"Not economically disadvantaged",0.496823908600379,18,170,180,9.53154912071153
"Math G12",2024,"Not economically disadvantaged",0.496823908600379,19,180,190,8.06674861395778
"Math G12",2024,"Not economically disadvantaged",0.496823908600379,20,190,200,6.49777524663719
"Math G12",2024,"Not economically disadvantaged",0.496823908600379,21,200,210,4.69675874365369
"Math G12",2024,"Not economically disadvantaged",0.496823908600379,22,210,220,3.24293363249378
"Math G12",2024,"Not economically disadvantaged",0.496823908600379,23,220,230,2.03835489118799
"Math G12",2024,"Not economically disadvantaged",0.496823908600379,24,230,240,1.1167469093982
"Math G12",2024,"Not economically disadvantaged",0.496823908600379,25,240,250,0.580639033826551
"Math G12",2024,"Not economically disadvantaged",0.496823908600379,26,250,260,0.247332901490659
"Math G12",2024,"Not economically disadvantaged",0.496823908600379,27,260,270,0.0856899145419155
"Math G12",2024,"Not economically disadvantaged",0.496823908600379,28,270,280,0.0283051750208837
"Math G12",2024,"Not economically disadvantaged",0.496823908600379,29,280,290,0.00671514730348372
"Math G12",2024,"Not economically disadvantaged",0.496823908600379,30,290,300,0
