study_id,key,code,level,opt_in,mixed_samples,evidence_quote,evidence_location,source_used,coder,date,confidence,resolved_title,notes,batch,adjudicated,code_orig,level_orig,opt_in_orig,mixed_samples_orig,recode,recoder
1,1-abdulkadiroglu-2011,universal,none,1,0,"Each charter school collects applications and holds its own lottery in years the school is over-subscribed. Siblings of students already attending the school are guaranteed a seat, as are students continuing on from earlier grades. Students can apply to as many charter schools as they like",p. 12,pdf,fryer-a,2026-09-18,high,Accountability and Flexibility in Public Schools: Evidence from Boston's Charters and Pilots (NBER WP 15549),"Lottery sample of applicants to over-subscribed Boston charter and pilot schools; no achievement or demographic rule. Kraft rows 1 (K-12, n 11000) and 19 (grades 4-8, n 9141) both point to this paper; row 19 is labeled Angrist et al. 2011 in Kraft but its author list starts with Abdulkadiroglu, so treated as a twin (likely the middle school subsample). Text is the NBER working paper version of the 2011 QJE article.",fryer-a,0,,,,,,
19,19-abdulkadiroglu-2011,universal,none,1,0,"Each charter school collects applications and holds its own lottery in years the school is over-subscribed. Siblings of students already attending the school are guaranteed a seat, as are students continuing on from earlier grades. Students can apply to as many charter schools as they like",p. 12,pdf,fryer-a,2026-09-18,high,Accountability and Flexibility in Public Schools: Evidence from Boston's Charters and Pilots (NBER WP 15549),"Twin of row 1 (same paper, same codes). Kraft citation reads Angrist et al. 2011 but Kraft author list begins Abdulkadiroglu, Angrist, Dynarski, Kane, matching the QJE article; grades 4-8 and n 9141 suggest the middle school lottery subsample. Lottery applicants to over-subscribed charter and pilot schools; no eligibility rule beyond applying.",fryer-a,0,,,,,,
31,31-augustine-2016,targeted_other,school,1,0,These districts already offered voluntary summer learning programs to low-income and low-achieving elementary school students and were willing to adopt common programming elements and participate in a randomized controlled trial for two summers.,p. 27,pdf,bee-a,2026-09-18,medium,Learning from Summer: Effects of Voluntary Summer Learning Programs on Low-Income Urban Youth,"National Summer Learning Project: the Wallace Foundation selected five urban districts serving low-income students; students applied and were randomized (opt_in 1). Student eligibility criteria were set by each district and are described in McCombs et al. (2014), not here (p. 31); students mandated to summer school for poor grades or retention risk were excluded (p. 31), and the share at the lowest state proficiency level ranged from 12 to 81 percent by district (p. 32). Level coded school because the student rules are not stated in this source; both is possible. Kraft n 4,484 to 4,505 fits 5,639 randomized applicants less attrition.",bee-a,0,,,,,,
32,32-ault-2017,universal,none,0,0,"they selected districts to participate if they were in an urbanized area of Alaska, agreed to participate in the study, and anticipated new teacher hires.",p. 32 (report p. 20),pdf,wwc-a,2026-09-18,high,Mentoring Early Career Teachers in Urban Alaska: Impact Findings from the Investing in Innovation (i3) Evaluation of the Alaska Statewide Mentor Project Urban Growth Opportunity,"Teacher-level randomization of first-year teachers in five urban Alaska districts; the student sample is all students of the randomized early career teachers in tested grades (grades 4 to 6 self-contained classrooms and secondary math and language arts). Districts chosen for urbanicity and hiring, not need. Kraft n 263 to 2631 fits the student analytic samples by grade band and subject. Long i3 report; read the evaluation design and sample sections only.",wwc-a,0,,,,,,
49,49-barlow-2015,universal,none,0,1,"Forty-five schools in Greater Manchester, England, were randomly assigned to treatment and control groups. Allocation was balanced by proportions of children eligible for free school meals and speaking English as an additional language via minimization. Children (N = 4516) aged 7-9 years at baseline in the participating schools were the target cohort.",abstract,abstract,eef,2026-09-18,medium,"A cluster randomized controlled trial of the Promoting Alternative Thinking Strategies (PATHS) curriculum (Humphrey et al., 2016, Journal of School Psychology)","Abstract only. Whole age cohort in randomised schools; no student rule stated. The resolved article reports social-emotional outcomes, whereas Kraft's eight maths and reading effects (n 281-1582) must come from the EEF PATHS evaluation report of the same Manchester trial (Humphrey, Barlow, Wigelsworth et al., 2015), which reported KS2 attainment for a subsample and FSM subgroups; n 281 is likely a subgroup, hence mixed_samples 1. Kraft lists Barlow as first author, which matches neither document's author order.",eef,0,,,,,,
53,53-barrow-2009,universal,none,0,0,"We conducted the study in three large urban school districts, one in the northeast, one in the midwest, and one in the south, each of which had a superintendent or technology director interested in evaluating the CAI program already in use in their district.",p. 15,pdf,fryer-a,2026-09-18,high,Technology's Edge: The Educational Benefits of Computer-Aided Instruction (NBER WP 14240),"Pre-algebra and algebra classes in participating schools were randomly assigned to computer lab or traditional instruction (p. 16); no student rule. Districts volunteered (tie-breaker 6). Districts are high-minority but not selected on that. Post-test sample 1,873 students, so Kraft n 3451 may reflect a larger baseline roster; not confirmed in text. Quote has the paper's en dashes replaced with commas.",fryer-a,0,,,,,,
54,54-barrow-2009,universal,none,0,0,"We conducted the study in three large urban school districts–one in the northeast, one in the midwest, and one in the south – each of which had a superintendent or technology director interested in evaluating the CAI program already in use in their district.",p. 15 to 16,pdf,bee-a,2026-09-18,high,Technology's Edge: The Educational Benefits of Computer-Aided Instruction,"NBER w14240 text of the 2009 AEJ Economic Policy article. Pre-algebra and algebra classes in 17 schools were randomized within period pools; no student rule beyond class enrollment. Kraft n 1,605 matches the sample with both pre and post NWEA tests.",bee-a,0,,,,,,
65,65-beam-2011,targeted_low,student,0,0,A 2-step process was used to establish student eligibility for System 44. The Scholastic Reading Inventory (SRI) was used to screen students in Grades 4-8 who performed below the 50th percentile on the spring 2010 California Standards Test (CST) for System 44 eligibility.,p. 13 (report p. 5),pdf,wwc-a,2026-09-18,high,"Evaluation of System 44: Final Report (RMC Research, November 2011)","Students in grades 4 to 8 below the 50th percentile on the CST were screened with the SRI (below 600 Lexiles) and then the Scholastic Phonics Inventory; those in the Beginning or Developing reader categories (425 students) were randomized. One large suburban southern California district, 2010-11. Kraft n 287 to 340 matches the analytic samples. Manual WWC match: accepted 89969 (this 2011 report); 66-beam-2012 is a separate 2011-12 trial of the same program, not a twin.",wwc-a,0,,,,,,
66,66-beam-2012,targeted_low,student,0,0,Students who performed below the 50th percentile on the fall 2011 MEAP or below the 25th percentile on the spring 2011 AIMSweb assessment were subsequently tested for System 44 eligibility.,p. 17 (report p. 5),pdf,wwc-a,2026-09-18,high,"Evaluation of System 44: Final Report (RMC Research, September 2012)","Urban Michigan district, 2011-12, 16 schools, grades 4 to 8. Target sample chosen on MEAP or AIMSweb performance, then screened with SRI (below 600 Lexiles) and the Scholastic Phonics Inventory; 368 eligible students randomized, 317 received the allocated condition, which matches Kraft n_max 317. The evaluators purposefully oversampled students with learning disabilities, but the rule is achievement-based, so targeted_low (tie-breaker 1). Manual WWC match: accepted 89968 (this 2012 report). Separate trial from 65-beam-2011 (different district and year), not a twin.",wwc-a,0,,,,,,
70,70-becker-1994,universal,none,0,0,The research design incorporated same-classroom pretest-matched controls in which one-half of each class used the ILS for mathematics while the other half used it for reading.,abstract,abstract,bee-a,2026-09-18,medium,Mindless or mindful use of integrated learning systems,"Book chapter; two elementary schools; within-class matched design, not a lottery. No eligibility rule beyond class membership stated in the publisher abstract. Kraft n 360 to 400 cannot be checked from the abstract.",bee-a,0,,,,,,
76,76-bettinger-2012,universal,none,0,0,"In each year, half of all students in grades three through six became eligible for the financial incentive which can be as much as $100 per student.",p. 4,pdf,fryer-a,2026-09-18,high,Paying to Learn: The Effect of Financial Incentives on Elementary School Test Scores (NBER WP 16333),"Randomization by grade-within-school across all four Coshocton, Ohio elementary schools; all students in grades 3 to 6 were in the sample. Poor Appalachian district but not selected on that trait. Text is the 2010 NBER version of the 2012 REStat article.",fryer-a,0,,,,,,
82,82-bifulco-2009,universal,none,1,0,"To address potential selection biases, the analyses exploit the random assignment that results from lottery-based admissions for a small set of schools, as well as value-added and fixed-effect estimators",abstract,abstract,fryer-a,2026-09-18,medium,Can Interdistrict Choice Boost Student Achievement? The Case of Connecticut's Interdistrict Magnet School Program,Kraft grades 6-8 and n 494 point to the middle school lottery sample of magnet applicants; no achievement or demographic rule stated. Abstract says the program serves central city students but states no eligibility rule. WWC sample text adds only urban and suburban settings. The same WWC row is attached in error to study 202.,fryer-a,0,,,,,,
83,83-bifulco-2009,universal,none,1,0,the analyses exploit the random assignment that results from lottery-based admissions for a small set of schools,abstract,abstract,wwc-a,2026-09-18,medium,Can Interdistrict Choice Boost Student Achievement? The Case of Connecticut's Interdistrict Magnet School Program,"Lottery sample of applicants to interdistrict magnet schools (central-city students who applied), so universal with opt_in = 1 per codebook. Kraft n 514 to 516 matches the WWC full-sample lottery analysis; the abstract does not state the grade, WWC lists grade 8 (magnet middle schools). Abstract only.",wwc-a,0,,,,,universal,other
88,88-black-2009,targeted_low,student,1,0,"The target population for this study is comprised of students in second through fifth grades who are below grade level in reading or math, but not by more than two years. At the beginning of the study, local staff members (that is, the district coordinator and teachers) were asked to identify students in need of supplemental academic support",p. 56 (PDF page; report p. 15),pdf,fryer-a,2026-09-18,high,The Evaluation of Enhanced Academic Instruction in After-School Programs: Final Report (NCEE 2009-4077),"Students identified by local staff as below grade level, drawn from the pool signing up for the existing after-school program, then randomly assigned (opt_in 1). Sites also chosen purposefully to serve this target population. Kraft effects (-0.04 reading, 0.09 math) are from the second-year 27-center sample; Kraft n 1218 not verified against the report.",fryer-a,0,,,,,,
89,89-black-2009,targeted_low,student,1,0,"The target population for this study is comprised of students in second through fifth grades who are below grade level in reading or math, but not by more than two years. At the beginning of the study, local staff members ... were asked to identify students in need of supplemental academic support to meet local academic standards.",p. 16 (PDF p. 56),pdf,other,2026-09-18,high,The Evaluation of Enhanced Academic Instruction in After-School Programs: Final Report. NCEE 2009-4077,"Kraft row is the math (Mathletics) after-school sample, grades 2-5. Students were drawn from after-school enrollees, identified by staff as below grade level, and parents had to consent and apply before the lottery, so opt_in = 1. Students with serious learning disabilities or behavior problems were excluded.",other,0,,,,,,
95,95-borman-2008,universal,none,0,0,"The participants are 49 first-grade through fifth-grade classrooms from predominantly minority and poor contexts across the nation. Blocking by grade level within schools, the trial includes 27 classrooms receiving the OCR curricular materials and professional development and 22 business-as-usual control classrooms.",abstract,abstract,fryer-a,2026-09-18,medium,A Multisite Cluster Randomized Field Trial of Open Court Reading,"Whole classrooms randomized within 5 schools; no student rule. The abstract describes the sites as minority and poor but states no criterion for choosing them; if the full text shows sites were recruited for poverty, this becomes targeted_other at school level. Kraft n 1099 not checkable from the abstract. No WWC row.",fryer-a,0,,,,,,
98,98-borman-2007,universal,none,0,0,The participants are 49 first-grade through fifth-grade classrooms from predominantly minority and poor contexts across the nation.,abstract,abstract,bee-a,2026-09-18,medium,A Multisite Cluster Randomized Field Trial of Open Court Reading,"WWC sample text agrees: McGraw-Hill recruited schools that had not previously used Open Court Reading (tie-breaker 6) and classrooms were randomized within grade. Data flag: Kraft n 613 matches neither the abstract's 49 classrooms nor the WWC's 1,099 students in 57 classrooms or 855 in grades 1 to 3; probably an analytic sample.",bee-a,0,,,,,,
106,106-bosetal-2012,targeted_other,school,0,0,This study targeted middle schools in districts in Southern California in which English language learner students classified as limited English proficient comprised at least 10 percent of the student population.,p. 34 (PDF page; report p. 15),pdf,fryer-a,2026-09-18,high,Evaluation of Quality Teaching for English Learners (QTEL) Professional Development: Final Report (NCEE 2012-4005),"School-level RCT; schools chosen for EL concentration (10 percent LEP cutoff), a non-achievement school trait. Outcome sample is all grade 8 students of ELA and ELD teachers in 52 schools, not only ELs. Report Year 3 grade 8 sample is 9,555 intervention plus 8,625 control; Kraft n 8720 does not match that total, may be a single year or group.",fryer-a,0,,,,,,
108,108-bos-2012,targeted_other,school,0,0,This study targeted middle schools in districts in Southern California in which English language learner students classified as limited English proficient comprised at least 10 percent of the student population.,p. 16 (PDF p. 34),pdf,other,2026-09-18,high,Evaluation of Quality Teaching for English Learners (QTEL) Professional Development. Final Report. NCEE 2012-4005,"School-level selection on English learner concentration (at least 10 percent LEP). Kraft's reading effects (CST-ELA, grades 7-8, n about 8,100 to 18,200) are for all students of exposed teachers, not only English learners; the CELDT sample is LEP students only but is not in Kraft's row.",other,0,,,,,,
109,109-bottge-2014,targeted_other,student,0,0,A pretest-posttest cluster-randomized trial involving 31 middle schools and 335 students with disabilities tested the effects of combining explicit and anchored instruction on fraction computation and problem solving.,abstract,abstract,wwc-a,2026-09-18,medium,Effects of Blended Instructional Models on Math Performance,"Sample is students with disabilities taught in special education resource rooms (WWC: all were identified as having disabilities in mathematics). Tie-breaker 4: special-education sample is targeted_other even though the students are described as low performing in math. Abstract gives 335 students, Kraft n_max 323 is the analytic sample. WWC pct_iep 0.00 looks like a data entry error given the sample.",wwc-a,0,,,,,,
112,112-boylan-2018,universal,none,0,1,"The trial was to involve, ideally, two classes of Y5 pupils per school, and the same pupils when they progress into Y6. The target recruitment was for two-form entry schools wherever possible.",p. 19 of PDF (printed p. 18),pdf,eef,2026-09-18,high,"ScratchMaths: Evaluation report and executive summary (Boylan et al., 2018, EEF)","Whole Year 5 cohort in 110 randomised schools; the only school criteria were form entry, internet connectivity, and enough computers. Kraft n 5818 is the full KS2 maths sample and n 1632 is the everFSM subgroup (summary table PDF p. 5), so one of the two Kraft effects is a subgroup. UK Year 5 is US grade 4.",eef,0,,,,,,
113,113-bradshaw-2010,universal,none,0,0,This study uses data from a 5-year longitudinal randomized controlled effectiveness trial of SWPBIS conducted in 37 elementary schools,abstract,abstract,wwc-a,2026-09-18,medium,Examining the Effects of Schoolwide Positive Behavioral Interventions and Supports on Student Outcomes,Schoolwide universal program randomized across 37 Maryland elementary schools in five rural and suburban districts (WWC setting); no student or school eligibility rule stated in the abstract or WWC text. Kraft n 11738 matches the WWC full sample. Abstract only.,wwc-a,0,,,,,,
116,116-brandt-2013,targeted_other,school,0,0,"To qualify for the study, schools had to meet requirements under Title I (schoolwide or targeted) or Missouri's historical requirements for Title II.D (50 percent of students in poverty) and be part of the Small Rural School Achievement program or the Rural and Low-Income School program",p. 24 (PDF page; report p. 20),pdf,fryer-a,2026-09-18,high,"The Impact of eMINTS Professional Development on Teacher Instruction and Student Achievement: Year 1 Report (AIR, January 2013)","High-poverty rural Missouri middle schools, grades 7 and 8; all students of participating teachers. Report states 3,610 students, matching Kraft n. WWC row for this study is the Meyers et al. 2016 journal version of the same trial and agrees (rural, Title I or majority FRPL).",fryer-a,0,,,,,,
117,117-brandt-2013,targeted_other,school,0,0,"To qualify for the study, schools had to meet requirements under Title I (schoolwide or targeted) or Missouri's historical requirements for Title II.D (50 percent of students in poverty) and be part of the Small Rural School Achievement program or the Rural and Low-Income School program",p. 24 (report p. 20),pdf,wwc-a,2026-09-18,high,The Impact of eMINTS Professional Development on Teacher Instruction and Student Achievement: Year 1 Report,"High-poverty rural Missouri middle schools selected on Title I or 50 percent poverty plus rural program membership; schools randomized; all grade 7 and 8 students in study schools. Kraft n 3430 matches the WWC Year 1 report sample. The WWC row cites the 2016 EEPA article by Meyers, Molefe, Brandt, Zhu, and Dhillon on the same trial; Kraft cites the Year 1 report.",wwc-a,0,,,,,,
128,128-cabalo-2007,universal,none,0,0,"The participating teachers used the program in their randomly selected ""CT"" classes for six months during the 2005-2006 school year while teaching their other classes with their standard materials. The experiment involved nine teachers, 22 classes, and 541 students.",abstract,abstract,bee-a,2026-09-18,medium,Comparative Effectiveness of Carnegie Learning's Cognitive Tutor Algebra I Curriculum: A Report of a Randomized Experiment in the Maui School District,Algebra I classes in the Maui district randomized within teacher; no student rule stated. Kraft n 541 matches.,bee-a,0,,,,,,
137,137-campbell-2011,unclear,unclear,0,0,"This 3-year randomized control study found that over time coaches positively affected student achievement in grades 3, 4, and 5.",abstract,abstract,fryer-a,2026-09-18,low,"The Impact of Elementary Mathematics Coaches on Student Achievement (Elementary School Journal, 2011)","recoded after re-retrieval 2026-09-18: the abstract (ERIC EJ963689, DOI 10.1086/657654) is the correct article, Campbell and Malkus 2011, but it describes only the design (coaches placed in randomized schools, grades 3 to 5) and states no rule for how schools or students were chosen. No open full text was found. Kraft's n 24,759 is consistent with a whole-school sample but the abstract does not say so, so unclear rather than universal.",fryer-a,0,,,,,unclear,wwc-b
139,139-campuzano-2009,targeted_low,school,0,0,"It focused on school districts that had low student achievement and large proportions of students in poverty, but these were general guidelines rather than strict eligibility criteria. The study sought districts and schools that did not already use products like those in the study",p. 4 (PDF p. 27),pdf,other,2026-09-18,medium,Effectiveness of Reading and Mathematics Software Products: Findings From Two Student Cohorts. NCEE 2009-4041,"Twin of 140-campuzano-2009 (same report; 139 is the BEE/EEF row for grade 1 and 4 reading products, 140 the ies90 row). Borderline: recruitment focused on low-achieving, high-poverty districts but the report says these were not eligibility criteria; teachers volunteered and all their students were in the sample. Coded universal on the stated absence of a rule; a reviewer could argue targeted_low at the district level. | adjudication: Rule (Andrew, 2026-09-25): recruitment that focused on, preferentially targeted, or aimed at poor or low-performing districts or schools counts as targeted even without a strict criterion. Low achievement plus poverty is targeted_low (tie-breaker 1). ED software trial: all eight rows take one code.",other,1,universal,none,,,,
140,140-campuzano-2009,targeted_low,school,0,0,"It focused on school districts that had low student achievement and large proportions of students in poverty, but these were general guidelines rather than strict eligibility criteria. The study sought districts and schools that did not already use products like those in the study",p. 4 (PDF p. 27),pdf,other,2026-09-18,medium,Effectiveness of Reading and Mathematics Software Products: Findings From Two Student Cohorts. NCEE 2009-4041,"Twin of 139-campuzano-2009 (same report). Kraft lists one reading effect of 0.22 with n = 1,371 and grades 1, 4, 6; the report's reading products are grades 1 and 4 only (grade 6 was math), so the grade span looks off. Same borderline as 139: recruitment focused on low-achieving, high-poverty districts without a stated eligibility rule. | adjudication: Rule (Andrew, 2026-09-25): recruitment that focused on, preferentially targeted, or aimed at poor or low-performing districts or schools counts as targeted even without a strict criterion. Low achievement plus poverty is targeted_low (tie-breaker 1). ED software trial: all eight rows take one code.",other,1,universal,none,,,,
141,141-campuzano-2009,targeted_low,school,0,0,"It focused on school districts that had low student achievement and large proportions of students in poverty, but these were general guidelines rather than strict eligibility criteria.",p. 27,pdf,bee-a,2026-09-18,medium,Effectiveness of Reading and Mathematics Software Products: Findings From Two Student Cohorts. NCEE 2009-4041,"Second-cohort report of the congressionally mandated software study; Kraft's effects are the second-year grade 6 math products (Larson Pre-Algebra, Achieve Now) and algebra I. Districts were recruited with a stated focus on low achievement and poverty, but the report calls this a guideline rather than a criterion and vendors suggested many districts, so a reviewer may prefer universal; all students in participating classrooms were tested. Same recruitment as 252 and 254 (2007 first-cohort report), coded identically. The WWC row matched Cognitive Tutor Algebra I, one product within this study. | adjudication: Rule (Andrew, 2026-09-25): recruitment that focused on, preferentially targeted, or aimed at poor or low-performing districts or schools counts as targeted even without a strict criterion. Low achievement plus poverty is targeted_low (tie-breaker 1). ED software trial: all eight rows take one code.",bee-a,1,targeted_low,school,,,targeted_low,eef
144,144-cantrell-2008,universal,none,0,0,"The sample population was restricted to grades two through five, since students in these grades typically are assigned a single instructor for all subjects.",p. 13,pdf,fryer-a,2026-09-18,high,National Board Certification and Teacher Effectiveness: Evidence from a Random Assignment Experiment (NBER WP 14608),LAUSD schools with an NBPTS applicant teacher; principals volunteered (p. 14) and students were randomly assigned between the applicant and a comparison teacher. No student rule. WWC row reports no sample characteristics.,fryer-a,0,,,,,,
150,150-carlson-2011,universal,none,0,0,a district-level random assignment study fielded in over 500 schools within 59 school districts and seven states,abstract,abstract,fryer-a,2026-09-18,medium,A Multistate District-Level Cluster Randomized Trial of the Impact of Data-Driven Reform on Reading and Mathematics Achievement,"Districtwide reform with districts as the randomized unit and no student rule. The abstract gives no district recruitment criterion; a full-text check on whether CDDRE recruited districts for low performance or Title I status is needed, which would change the code to targeted at district level. Kraft n 31110 not checkable from the abstract. No WWC row.",fryer-a,0,,,,,,
168,168-clark-2013,universal,none,0,0,"Eligible schools were those with sets of TFA and comparison teachers teaching math classes that could form a randomization block for the study. Math courses eligible for inclusion included 6th, 7th, and 8th grade math; general high school math; Algebra I; Algebra II; and Geometry.",p. 13,pdf,fryer-a,2026-09-18,high,"Supplying Disadvantaged Schools with Effective Teachers: Experimental Evidence on Secondary Math Teachers from Teach For America (Chiang, Clark, and McConnell journal version)","Text is the journal article by the same team, not the Clark et al. 2013 NCEE report, but it describes the same trial. Districts chosen for concentrations of TFA math teachers; schools are high-poverty because TFA places there, not by a study rule (tie-breaker 6). Article reports 5,790 students randomized with TFA teachers; Kraft n 12699 likely pools the TFA and Teaching Fellows arms of the NCEE report, unverified here.",fryer-a,0,,,,,universal,other
170,170-clark-2013,targeted_other,school,0,0,We focused recruitment efforts on districts with large concentrations of secondary math teachers from TFA or a Teaching Fellows program.,p. 47 (report p. 13),pdf,wwc-a,2026-09-18,medium,The Effectiveness of Secondary Math Teachers from Teach For America and the Teaching Fellows Programs (NCEE 2013-4015),"Study schools were those with eligible classroom matches containing a TFA or Teaching Fellows math teacher; both programs place teachers only in high-need schools (report p. xxiii: 82 percent of TFA study schools Title I eligible). Coded targeted_other at the school level on the program's own placement rule, as with the codebook's AmeriCorps example; a reviewer could argue universal because the evaluators themselves imposed no need criterion, hence medium confidence. Students were randomly assigned to classes within schools; no student rule. Kraft n 710 to 4573 matches the WWC grade-band samples (grades 6 to 8: 3,373; grades 6 to 12: 4,573). Long report; read the executive summary and Chapter II recruitment section only. | adjudication: Rule (Andrew, 2026-09-25): schools that enter the sample through Teach For America or Teaching Fellows placement are targeted, since those programs place teachers only in high-need schools. Confirms coder's value.",wwc-a,1,targeted_other,school,,,,
171,171-clark-2015,targeted_other,school,0,0,We focused our recruitment efforts on districts and other TFA placement partners with large concentrations of elementary teachers from TFA.,p. 23 (report p. 7),pdf,wwc-a,2026-09-18,medium,"Impacts of the Teach For America Investing in Innovation Scale-Up (Mathematica final report, March 4, 2015)","Same design logic as 170-clark-2013: schools entered the sample because they employed first- or second-year TFA corps members, and TFA places corps members in low-income schools (report p. 8: 84 percent of 2012-13 corps members in schools with 60 percent or more FRL; study schools 97 percent Title I). Coded targeted_other at the school level on the program placement rule, medium confidence for the same reason. Students randomized to TFA or comparison teachers within schools, grades PK to 5. Kraft n 313 to 2123 matches the WWC subsamples (grades 3 to 5: 412 to 470; full: 2,065 to 2,123). Only test-score data for students whose parents consented, which is a consent condition rather than program opt-in. | adjudication: Rule (Andrew, 2026-09-25): schools that enter the sample through Teach For America or Teaching Fellows placement are targeted, since those programs place teachers only in high-need schools. Confirms coder's value.",wwc-a,1,targeted_other,school,,,,
184,184-cole-1992,unclear,unclear,0,0,,,,fryer-a,2026-09-18,low,,"Retrieval status unresolved: no document, abstract, or WWC row exists for Cole 1992 (grade 4, n 268, math 0.57 and reading 0.51). No source, so no code.",fryer-a,0,,,,,,
193,193-constantine-2009,universal,none,0,0,"Schools that had recently hired alternatively certified (AC) teachers were recruited to participate in the study. If the AC teacher was teaching the same grade level as a relative novice traditionally certified (TC) teacher, the school was eligible to participate in the evaluation.",p. 18 (PDF page; executive summary p. xvii),pdf,fryer-a,2026-09-18,high,An Evaluation of Teachers Trained Through Different Routes to Certification: Final Report (NCEE 2009-4043),"Students in study grades randomly assigned between AC and TC teachers; no student rule. Report states 2,600 students in 63 schools, close to Kraft n 2610.",fryer-a,0,,,,,,
195,195-cook-1999,universal,none,0,0,"The eligible population consists of the 22,314 students who were enrolled in the 23 county middle schools when the early-seventh-grade questionnaire was distributed. The longitudinal sample comprises those students whose parents gave active consent for them to take part in the study",p. 10 (PDF page; journal p. 552),pdf,fryer-a,2026-09-18,high,"Comer's School Development Program in Prince George's County, Maryland: A Theory-Based Evaluation (AERJ 1999)","All 23 district middle schools randomized by matched pairs; all enrolled students eligible, with 12,398 in the longitudinal sample after parental consent for surveys and exclusion of Latino students, matching Kraft n 12000. County chosen for its predominantly African American population but the sample is every student, so universal. Quote fixes the OCR spacing in who.",fryer-a,0,,,,,,
197,197-cordray-2012,universal,none,0,0,"Districts were not eligible if they had previously adopted or used MAP or similar computer-adaptive benchmark testing programs in any of their schools. ... To be eligible, schools needed to have at least one full-time regular classroom teacher who taught reading in a self-contained classroom in grade 4 and one ... in grade 5.",p. 9 (PDF p. 22),pdf,other,2026-09-18,high,The Impact of the Measures of Academic Progress (MAP) Program on Student Reading Achievement. Final Report. NCEE 2013-4000,"Illinois schools eligible only if new to MAP; all grade 4 and 5 students of regular classroom teachers. No need-based rule. The wwc-codes.csv row for 197 is matched to Smith, Cobb, Farran, Cordray, and Munter (2013), a math tutoring study, not this MAP report; that WWC match looks wrong.",other,0,,,,,,
202,202-courtney-2008,targeted_low,student,0,0,"Generally, youths, age 14 to 15, are initially assessed on their reading and math skills by an emancipation preparation advisor using The Community College Foundation (TCCF)-devised assessments. These assessments produce grade-level equivalent scores. Those who are assessed as being one to three years behind their school grade level in either reading or math are referred to TCCF for tutoring.",p. 16 (PDF page; report p. 33),pdf,fryer-a,2026-09-18,high,"Evaluation of the Early Start to Emancipation Preparation-Tutoring Program, Los Angeles County, California: Final Report (Multi-Site Evaluation of Foster Youth Programs, July 2008)","Foster youth (a non-achievement trait) screened for being one to three years behind grade level, so tie-breaker 1 gives targeted_low. Referred youths were randomly assigned; no application. Analysis sample 445 versus Kraft n 402. The wwc-codes.csv row for study 202 holds the Bifulco et al. 2009 magnet school text, which is the wrong study.",fryer-a,0,,,,,,
203,203-cowen-2008,targeted_other,student,1,0,"As an example, the CACE is estimated using data from a small, one-year field trial of vouchers in Charlotte, NC.",abstract,abstract,fryer-a,2026-09-18,low,School Choice as a Latent Variable: Estimating the Complier Average Causal Effect of Vouchers in Charlotte,"Abstract describes the estimator, not the sample; it says only that treatment was a random offer of a voucher to applicants, so opt_in 1. Whether the voucher program had an income eligibility rule is not stated; if it did, this is targeted_other at student level. Kraft n 1143, grades 2-8. No WWC row. | adjudication: Rule (Andrew, 2026-09-25): lottery applicants to a program that serves a needy area or population are targeted_other. Charlotte voucher program; eligibility runs through family income.",fryer-a,1,unclear,unclear,,,unclear,fryer-b
206,206-craig-2013,universal,none,1,0,The 253 sixth grade participants were recruited for the after-school program from four intermediate schools in a school district in west Tennessee.,p. 12 of PDF (accepted manuscript),pdf,eef,2026-09-18,medium,"The impact of a technology-based mathematics after-school program using ALEKS on student knowledge and behaviors (Craig et al., 2013, accepted manuscript)","After-school program: student volunteers were randomly assigned to teacher-led or ALEKS classrooms (abstract), so opt-in. No achievement or demographic eligibility rule stated. Kraft n 539 and grades 5-8 do not match the manuscript, which reports Study 1 (218 students, grades 6-8, correlational) and Study 2 (253 sixth graders, the RCT); coded from Study 2. Confidence medium because of the sample mismatch.",eef,0,,,,,universal,bee-b
212,212-cullen-2006,universal,none,1,0,"Many CPS schools use lotteries to allocate spots when oversubscribed. In this paper, we use lottery data from 194 separate lotteries at 19 high schools.",p. 4,pdf,fryer-a,2026-09-18,high,"The Effect of School Choice on Student Outcomes: Evidence from Randomized Lotteries (NBER WP 10113, 2003 version of the 2006 Econometrica article)","Sample is eighth-grade applicants to oversubscribed Chicago public high school lotteries (p. 9); no achievement or demographic rule. Text file is the earlier NBER working paper, not the published version, same study.",fryer-a,0,,,,,,
213,213-culliney-2019,universal,none,0,1,"Schools were required to have sufficient numbers of EAL pupils (absolute minimum of ten in Y5 for 2016/2017, lowered to eight following slow uptake during the early recruitment period), identified using a binary EAL/not EAL measure to enable subgroup analysis.",p. 14 of PDF,pdf,eef,2026-09-18,medium,"Integrating English: Evaluation Report (Culliney, Moore, Coldwell, and Demack, 2019, EEF)","All Year 5 pupils in 91 randomised two-form-entry primary schools took part. The only school rule was a minimum of eight to ten EAL pupils, stated as a requirement for subgroup analysis rather than selection on need, so coded universal with medium confidence; a reviewer could read it as targeted_other at school level. Kraft n 3607 is the full sample and n 1291 is likely the FSM or EAL subgroup, so one of the three effects is a subgroup.",eef,0,,,,,,
219,219-decesare-2017,targeted_other,school,0,0,"This study was conducted using data on 77 teachers at 11 Title I elementary schools in Aurora Public Schools for the 2013/14 and 2014/15 school years (see appendix A for more details). Participating schools had at least 80 percent of students eligible for the federal school lunch program, a proxy for low-income status.","p. 12 (report p. 6, Box 1)",pdf,wwc-a,2026-09-18,medium,Making an Impact: Impacts of the Retired Mentors for New Teachers program (REL 2017-225),"The program pairs probationary teachers 'in high-need elementary schools' with retired mentors (theory of change, report p. 5), and every study school was Title I with at least 80 percent FRL against a district average of 70 percent, so the sites follow the program's own high-need rule; the report never says in one sentence that schools were chosen for poverty, hence medium confidence. Teachers randomized within schools; all students of those teachers in grades 1 to 5. Kraft n 964 to 1156 fits the Year 1 student samples by subject.",wwc-a,0,,,,,,
225,225-denverpublicschools-2016,unclear,unclear,0,0,,,,bee-a,2026-09-18,low,,"No document exists (retrieval status unresolved). The BEE secondary reading table gives 16 middle schools, 5,660 students, grades 6-8, Collaborative Strategic Reading i3 grant; the eligibility rule is not stated in anything available.",bee-a,0,,,,,,
226,226-deussen-2012,targeted_low,both,0,0,"staff in the assessment department at OSPI, who determined that a score of 390 or below on the Washington Assessment of Student Learning (WASL, the state reading assessment at the time) was roughly equivalent to two years below grade level. This then became the initial basis for eligibility for Washington Striving Readers.",p. 37,pdf,bee-a,2026-09-18,high,Washington Striving Readers: Year 1 Evaluation Report,"Schools were Title I eligible under the grant and chosen by state staff for not already offering reading interventions (p. 6); students were eligible on WASL 390 or below, excluding students with a reading IEP and Level 1 ELLs, with reading-fluency floors that excluded the weakest decoders (p. 37). Kraft n 295 to 759 by grade fits the Year 1 grade 6 and grade 8 samples.",bee-a,0,,,,,,
237,237-dobbie-2011,universal,none,1,0,Both lottery and instrumental variable identification strategies suggest that the effects of attending an HCZ middle school are enough to close the black-white achievement gap in mathematics.,abstract,abstract,fryer-a,2026-09-18,medium,Are High-Quality Schools Enough to Increase Achievement Among the Poor? Evidence from the Harlem Children's Zone,"Lottery applicants to HCZ Promise Academy charter schools; no achievement or demographic rule stated in the abstract, though the title frames the population as poor. Kraft n 850, grades K-8, effects 0.04 and 0.12 likely the elementary or pooled lottery estimates. No WWC row.",fryer-a,0,,,,,,
238,238-dolfin-2019,targeted_other,school,0,0,We focused on relatively high-need districts where at least 40 percent of students were eligible to receive free and reduced-price lunch.,p. 23 (report p. 7),pdf,wwc-a,2026-09-18,high,"Evaluation of the Teacher Potential Project (Mathematica, July 30, 2019)","Districts recruited on a poverty threshold; within districts, schools were eligible if they had at least one novice ELA teacher and 45 minutes of ELA, then schools were randomized (70 schools, 18 districts, 12 states). All students of ELA teachers in study schools; no student rule. Kraft n 3932 to 9657 fits the one-year and two-year student samples. Long report; read Chapter II only.",wwc-a,0,,,,,,
239,239-dominguez-2006,universal,none,0,0,"Participating in the experiment were a (final) total of 92 elementary teachers in grades three to five, who were recruited from public schools in three locations: Miami-Dade County (Florida), Richland Two (South Carolina), and Buffalo (New York). The teachers were assigned at random into one of two groups.",p. 2,pdf,bee-a,2026-09-18,high,Experimental Methods and Results in a Study of PBS TeacherLine Math Courses,"Teacher professional development trial; students are those in the recruited teachers' classrooms, no student rule. Kraft n 1,119 matches the BEE table cited in the resolution note.",bee-a,0,,,,,,
249,249-watts-2018,targeted_other,school,0,0,"In this efficacy project, researchers will conduct a clustered randomized controlled trial of the effect of the Math for All (MFA) intervention on teacher outcomes (i.e., knowledge, skill, and classroom practice) and student outcomes (i.e., academic achievement in mathematics and efficacy).",abstract,abstract,bee-a,2026-09-18,low,Assessing the impact of the Math for All professional development program on elementary school teachers and their students,"Twin of 250-duncan-2018 (batch wwc-a): same Math for All trial in Chicago, per the resolver's note (BEE table 29 schools, 881 students, NWEA MAP 0.11, exact match). The only source here is the IES grant landing page, which states no sample rule; the code follows the codebook's worked example for 250 (full text, grade 4 and 5 teachers and students in randomized schools, no poverty or performance criterion) so the twins match. Adjudication should confirm against 250. Data flag: Kraft's surname columns for this row (Watts, Duncan, Clements, Sarama) belong to Watts et al. (2018) in Child Development, a mis-entry. | adjudication: Andrew, 2026-09-25: Math for All, like Teach For America, is a targeted_other program; study schools are high-need (92 percent free lunch in 250). Twins 249 and 250 take one code, level = school.",bee-a,1,universal,none,,,,
250,250-duncan-2018,targeted_other,school,0,0,"The full study took place during 2015-2016 (implementation year) and 2016-2017 (impact year), involving 32 CPS schools, 96 fourth- and fifth-grade general and special education teachers, and approximately 1,500 fourth- and fifth- grade students",p. 5 (brief p. 2),pdf,wwc-a,2026-09-18,high,Assessing the impact of the Math for All professional development program on elementary school teachers and their students,"Codebook worked example. Thirty-two Chicago elementary schools randomized; schools average 92 percent free lunch but no poverty or performance criterion is stated. About half of grade 4 and 5 teachers per school agreed to take part and students needed parental consent for data, which are participation conditions, not program opt-in. Kraft n 392 (single math effect -0.05) is the first-year student analytic sample after attrition. WWC row counts 29 schools. | adjudication: Andrew, 2026-09-25: Math for All, like Teach For America, is a targeted_other program; study schools are high-need (92 percent free lunch in 250). Twins 249 and 250 take one code, level = school.",wwc-a,1,universal,none,,,,
252,252-campuzano-2007,targeted_low,school,0,0,"The team focused on school districts that had low student achievement and large proportions of students in poverty, but these were general guidelines rather than strict eligibility criteria.",p. 18,pdf,bee-a,2026-09-18,medium,Effectiveness of Reading and Mathematics Software Products: Findings from the First Student Cohort. Report to Congress,"First-cohort report (Dynarski et al. 2007); Kraft's row is reading in grades 1 and 4. Table I.1 (p. 19) gives 2,619 grade 1 and 2,265 grade 4 students, so Kraft's n 850 must be a product-level sample. Same document as 254 (different grade sample) and same recruitment as 141; coded identically; see the 141 note on the soft criterion. | adjudication: Rule (Andrew, 2026-09-25): recruitment that focused on, preferentially targeted, or aimed at poor or low-performing districts or schools counts as targeted even without a strict criterion. Low achievement plus poverty is targeted_low (tie-breaker 1). ED software trial: all eight rows take one code.",bee-a,1,targeted_low,school,,,,
253,253-dynarski-2007,targeted_low,school,0,0,"the study used three criteria to identify potential districts and schools: (1) geographical diversity, (2) high poverty rates, and (3) enough teachers volunteering for the study. The study also wanted districts that had six or more schools receiving Title I funds and, within districts, schools that had high poverty rates.",p. 32 of PDF (printed p. 7),pdf,eef,2026-09-18,medium,"Effectiveness of Reading and Mathematics Software Products: Findings from the First Student Cohort (Dynarski et al., 2007, NCEE 2007-4005)","Grade 4 reading cohort 1, n 2265 matches. Districts and schools recruited on high poverty and Title I; the report also says the team focused on districts with low student achievement but calls that a general guideline rather than a strict eligibility criterion (PDF p. 25), so coded on poverty. Teachers volunteered and were randomized within schools; all their students included. Twin of 1044 (same trial, same n and ES). | adjudication: Rule (Andrew, 2026-09-25): recruitment that focused on, preferentially targeted, or aimed at poor or low-performing districts or schools counts as targeted even without a strict criterion. Low achievement plus poverty is targeted_low (tie-breaker 1). ED software trial: all eight rows take one code.",eef,1,targeted_other,school,,,,
254,254-dynarski-2007,targeted_low,school,0,0,"The team focused on school districts that had low student achievement and large proportions of students in poverty, but these were general guidelines rather than strict eligibility criteria.",p. 18,pdf,bee-a,2026-09-18,medium,Effectiveness of Reading and Mathematics Software Products: Findings from the First Student Cohort. Report to Congress,"Kraft's row is the first-cohort algebra sample: Table I.1 (p. 19) gives 10 districts, 23 schools, 1,404 students, matching Kraft's n 1,404. Same document as 252 (different grade sample) and same recruitment as 141; coded identically; see the 141 note on the soft criterion. | adjudication: Rule (Andrew, 2026-09-25): recruitment that focused on, preferentially targeted, or aimed at poor or low-performing districts or schools counts as targeted even without a strict criterion. Low achievement plus poverty is targeted_low (tie-breaker 1). ED software trial: all eight rows take one code.",bee-a,1,targeted_low,school,,,,
264,264-eddy-2011,targeted_low,student,0,0,"Once students’ AIMSweb R-CBM scores were calculated, they were then selected for participation if they had a “low” pretest score. Scores were considered “low” if they were below the 30th national percentile.",p. 18,pdf,bee-a,2026-09-18,high,Pearson Words Their Way: Word Study in Action Intervention Efficacy Study Final Report,"Schools nominated grade 2 and 4 Tier II students on state reading test performance, excluding Tier III; AIMSweb screen below the 30th national percentile; student-level random assignment to pull-out groups (p. 18). Consent is not described as a family sign-up, so opt_in 0. Kraft n 257 fits.",bee-a,0,,,,,,
265,265-eddy-2010,targeted_other,school,0,0,Recruitment was targeted to schools with diverse student ethnicity and lower socioeconomic status that had at least two teachers with multiple sections of language arts or English classes.,"WWC sample text, intervention report Appendix A.3, PDF p. 12",wwc-page,bee-a,2026-09-18,low,"WWC intervention report, Prentice Hall/Pearson Literature (2007-15) (November 2017), Appendix A.3 on Eddy, Ruitman, Hanken, and Sloper (2010)","recoded after re-retrieval 2026-09-18: the document is the WWC intervention report, a secondary source describing the Eddy et al. 2010 Cobblestone efficacy trial; the cited report is not online. Eight schools in Arizona, California, Ohio, and Oregon, grades 7, 8, and 10, nominated by the developer and evaluator, with teachers randomized within school; the analysis sample of 1,518 students matches Kraft's n. Coded targeted_other at the school level because recruitment targeted lower socioeconomic status schools; this was a recruitment preference rather than a cutoff (seven of eight schools had at least 35 percent free or reduced-price lunch), so a reviewer could read the sample as universal. Confidence low per codebook for WWC summaries.",bee-a,0,,,,,,
271,271-faddis-2011,targeted_low,both,0,1,Students in Grades 7–10 are eligible for the targeted intervention if they are reading at least 2 years below grade level as measured by their total reading score on the OAKS or the Degrees of Reading Power (for Grade 10 selection only) administered the previous spring.,p. 41,pdf,bee-a,2026-09-18,high,Portland Public Schools' Striving Readers Program: Year 5 Evaluation Report,"Nine Portland schools were eligible because all received Title I funding, had missed AYP, and had many students two or more years behind (p. 9); students were then screened on OAKS or DRP (p. 41). Kraft's five effects with n 822 to 1,776 and grades 7-8 look like middle-school subsamples pooled across years (Years 1 to 4 randomized 1,311, 443, 684, and 457 students), hence mixed_samples 1. The text file concatenates the Year 5 and Year 4 reports.",bee-a,0,,,,,,
273,273-fairlie-2013,targeted_other,student,0,0,Any student who reported not having a home computer was eligible for the study.,p. 8,pdf,fryer-a,2026-09-18,high,Experimental Evidence on the Effects of Home Computers on Academic Achievement among Schoolchildren (NBER version),"Eligibility was lack of a home computer, identified by an in-class survey of all students in 15 Central Valley schools; a program rule that is not achievement-based. Schools are poorer than the California average but no poverty criterion for choosing them is stated. Sample of 1,123 students matches Kraft n.",fryer-a,0,,,,,,
281,281-festas-2015,universal,none,0,0,We examined the effects of the Self-Regulated Strategy Development (SRSD) for opinion essay writing among 380 eighth grade students in six urban middle schools in a major city in Portugal.,abstract,abstract,wwc-a,2026-09-18,medium,Professional development in Self-Regulated Strategy Development: Effects on the writing performance of eighth grade Portuguese students,"Codebook worked example. Schools matched in pairs on SES and randomized; no student rule stated. International setting (Portugal). Outcome is writing quality, not a broad reading test. Abstract only.",wwc-a,0,,,,,,
284,284-fitzgerald-2008,targeted_low,both,1,0,"In this randomized controlled trial involving 312 students enrolled in an after-school program, the authors generated intention-to-treat and treatment-on-the-treated estimates of the program’s impact on several literacy outcomes of fourth, fifth, and sixth graders reading below proficiency on a state assessment at baseline.",abstract,abstract,wwc-a,2026-09-18,medium,"Can a Mixed-Method Literacy Intervention Improve the Reading Achievement of Low-Performing Elementary School Students in an After-School Program? Results From a Randomized Controlled Trial of READ 180 Enterprise (Educational Evaluation and Policy Analysis, 2011)","recoded after re-retrieval 2026-09-18: the abstract (DOI 10.3102/0162373711399148) is Kim, Capotosto, Hartry, and Fitzgerald 2011, the peer-reviewed version of the Brockton READ 180 after-school trial that Kraft cites as the Fitzgerald and Hartry 2008 phase II report, which is not online; same trial and same eligibility rule. Students were fourth to sixth graders reading below proficiency on the state test who enrolled in the after-school program, so targeted_low with opt_in 1. The wwc-codes.csv row for 284 adds that Brockton chose four of its 16 schools for having many students reading below grade level, so level is both. Kraft's n 293 to 296 are the 2008 report's cohort figures; the abstract's 312 is the journal sample. Kraft rows 491-kim-2011 and 494-kim-2010 describe the same trial. Abstract-only, so medium.",wwc-a,0,,,,,,
290,290-fogarty-2014,universal,none,0,0,"The study was conducted in three schools, involving 14 teachers and 859 students. English language arts classes were randomly assigned to the Comprehension Circuit Training intervention (n = 30) or typical practice comparison (n = 31) conditions, and all teachers taught in both conditions.",abstract,abstract,bee-a,2026-09-18,medium,Examining the Effectiveness of a Multicomponent Reading Comprehension Intervention in Middle Schools: A Focus on Treatment Fidelity,Grade 6 to 8 ELA classes; no student rule stated. Kraft n 859 matches. The ERIC abstract has encoding artifacts around the equals signs; the quote normalizes them to spaces.,bee-a,0,,,,,,
297,297-fryer-2015,universal,none,0,1,"The district contains nine K-8 schools with a total of approximately 3,200 students. [...] program participation was made available to every K-8 classroom teacher, as well as reading and math interventionists.","PDF p. 9, Section III Background",pdf,fryer-a,2026-09-18,high,"Enhancing the Efficacy of Teacher Incentives Through Loss Aversion: A Field Experiment (NBER Working Paper 18237, July 2012)","recoded after re-retrieval 2026-09-18: first page names Fryer, Levitt, List, and Sadoff (NBER w18237), the Chicago Heights teacher-incentive experiment that Fryer's reference 105 cites. All nine K-8 schools in the Chicago Heights, IL district took part; 150 of about 160 eligible teachers opted in and were randomized, and every student of those teachers is in the sample, so opt_in is 0 at the student level. The sample is 98 percent free or reduced-price lunch but nothing in the design selected on income. mixed_samples 1 because Kraft's study 297 folds four prekindergarten parental-incentive rows (n 257, Fryer, Levitt, and List 2015, NBER w21477) into the same study id; the two benchmark-cell rows (math, n 2,150, grades K-8) come from this trial, whose analysis samples are 2,144 and 2,347 students in the tables, and their PPVT label is a carry-over from the prek rows.",fryer-a,0,,,,,,
298,298-fryer-2011,universal,none,0,0,Schools that signed up to participate serve as the basis for our randomization. All randomization was done at the school level.,p. 10,pdf,fryer-a,2026-09-18,high,Financial Incentives and Student Achievement: Evidence from Randomized Trials (NBER working paper version of the 2011 QJE article),"Four school-level experiments (Dallas grade 2, New York grades 4 and 7, Washington DC grades 6 to 8, Chicago grade 9); Kraft grade list 2,4,7,9 omits DC. Schools volunteered (tie-breaker 6); Chicago used the 40 smallest of 70 volunteers, described as low-performing but not chosen by an achievement rule. Students needed parental consent to receive payments, but the analysis is intent-to-treat on all students in study schools, so opt_in 0. Kraft n 27000 approximates the pooled sample.",fryer-a,0,,,,,,
300,300-fryer-2013,targeted_other,school,0,0,"Three hundred and ninety-six high-poverty schools were included in the random assignment process: 187 elementary schools, 82 middle schools, 39 K-8 schools, 73 high schools, one K-12 school, and 14 schools serving middle and high school students.","p. 3 (WWC single study review, Appendix A, Study sample)",pdf,fryer-a,2026-09-18,low,"WWC Review of the Report: Teacher Incentives and Student Achievement: Evidence from New York City Public Schools (WWC Single Study Review, September 2013)","The text file is the eight-page WWC review of Fryer's paper, not the paper itself, so the code rests on a WWC summary. The bonus program operated in high-need schools chosen by the district; all students in those schools are in the analysis. Kraft n 185612 fits a 396-school sample. Twin candidate: study 301 is a different Fryer paper (Houston).",fryer-a,0,,,,,,
301,301-fryer-2014,targeted_low,school,0,0,"implementing a bundle of best practices from high-performing charter schools into low-performing, traditional public schools in Houston, Texas, using a school-level randomized field experiment and quasi-experimental comparisons",abstract,abstract,fryer-a,2026-09-18,medium,Injecting Charter School Best Practices into Traditional Public Schools: Evidence from Field Experiments,"Schools were chosen because they were low-performing (Houston Apollo 20); all students in treated schools served, so level school. Kraft grades K-5 and n 39464 match the elementary school-level experiment. Denver and Chicago results in the paper are not experimental. No WWC row.",fryer-a,0,,,,,,
302,302-fryer-2012,universal,none,0,0,"program participation was made available to every K-8 classroom teacher, as well as reading and math interventionists. Approximately 160 teachers were eligible to participate in the experiment.",p. 9,pdf,wwc-a,2026-09-18,high,Enhancing the Efficacy of Teacher Incentives through Loss Aversion: A Field Experiment (NBER Working Paper 18237),"Nine schools in Chicago Heights, IL; every K-8 teacher was eligible and 150 of 160 opted in, then teachers were randomized to incentive arms. Students were all students of participating teachers; the district is 98 percent FRL but nothing in the design selected on poverty or achievement. Teacher opt-in, not student opt-in, so opt_in = 0. Kraft n 900 to 1016 is well below the roughly 150 classrooms in the trial; Kraft's rows may be a grade-band or test subsample (ISAT grades 3 to 8 versus ITBS K to 2). Kraft cites the 2012 working paper.",wwc-a,0,,,,,,
322,322-fuchs-2013,targeted_low,student,0,0,At-risk students (n = 259) were randomly assigned to intervention and control.,abstract,abstract,wwc-a,2026-09-18,medium,Improving at-risk learners' understanding of fractions,Codebook worked example. WWC setting text confirms the rule: participants scored below the 35th percentile on a whole-number calculation screener. Twin of 323-fuchs-2013 (same article entered twice by Kraft with different effect lists); identical codes. Abstract only.,wwc-a,0,,,,,,
323,323-fuchs-2013,targeted_low,student,0,0,At-risk students (n = 259) were randomly assigned to intervention and control.,abstract,abstract,wwc-a,2026-09-18,medium,Improving at-risk learners' understanding of fractions,Codebook worked example. WWC setting text confirms the rule: participants scored below the 35th percentile on a whole-number calculation screener. Twin of 322-fuchs-2013 (same article entered twice by Kraft with different effect lists); identical codes. Abstract only.,wwc-a,0,,,,,,
339,339-gallagher-2017,targeted_other,school,0,0,"This paper reports on a district-randomized controlled trial of the National Writing Project's College-Ready Writers Program (CRWP), implemented in high-need rural districts in 10 states",abstract,abstract,bee-a,2026-09-18,medium,Impact of the National Writing Project's College-Ready Writers Program in High-Need Rural Districts,"Twin of 341-gallagher-2015 (batch wwc-b, the 2015 SRI report of the same trial); codebook worked example; identical code. Selection on need and rurality at the district level, 44 districts randomized, all ELA classes in grades 7 to 10, no student rule. Kraft n 2,486 is not checkable from the abstract.",bee-a,0,,,,,,
340,340-gallagher-2015,universal,none,0,0,"For this study, 70 grade 8 Algebra I teachers were recruited from 15 school districts across California. Collectively, these districts are representative of the state in terms of geography, size, demographics, and socioeconomic status.",p. 27 (report p. 18),pdf,wwc-a,2026-09-18,high,"STEM Learning Opportunities Providing Equity: An Investing in Innovation (i3) Grant Final Evaluation Report (WestEd, Gallagher, Huang, and Van Matre, 2015)","Teacher-level randomization; students placed in classrooms by routine district policy, no student rule. Districts had prior relationships with the grantee, not a need criterion. A confirmatory subquestion covers students below proficient on the grade 7 test, but Kraft's single effect (-0.08, n 2225) is consistent with the full grade 8 Algebra I sample, so mixed_samples = 0. DATA PROBLEM: the WWC match for study 340 is 82553, the SRI College-Ready Writers Program review by H. A. Gallagher, Woodworth, and Arshan, which belongs to study 341; the WWC sample text for 340 was therefore not used.",wwc-a,0,,,,,,
341,341-gallagher-2015,targeted_other,school,0,0,SRI's research design for the evaluation was to randomly assign 44 rural high-poverty school districts to either the CRWP program or a control group.,p. 1,pdf,wwc-a,2026-09-18,high,"Impact of the National Writing Project's College-Ready Writers Program on Teachers and Students (SRI research brief, November 2015)","Codebook worked example. Districts selected on rurality and poverty; no student rule; all grade 7 to 10 English classes took part. Twin of 339-gallagher-2017 (another batch); identical codes. The source is the 5-page SRI research brief. Outcome is argument writing on the Analytic Writing Continuum, not a broad reading test. Kraft n 2486 matches the WWC full sample.",wwc-a,0,,,,,,
347,347-gatti-2008,universal,none,0,0,"From the schools that responded to an invitation to participate in the study, researchers selected those with student populations that were ethnically and socioeconomically diverse and whose math achievement was comparable to average achievement for all schools in the state.","WWC sample text, intervention report Appendix A.2, PDF p. 13",wwc-page,bee-a,2026-09-18,low,"WWC intervention report, Investigations in Number, Data, and Space (updated February 2013), Appendix A.2 on Gatti and Giordano (2010)","recoded after re-retrieval 2026-09-18: the document is the WWC intervention report, a secondary source; it reviews Gatti and Giordano's 2010 final report (two-year outcomes for 333 students), while Kraft's rows (n 1,363, grades 1 and 4, ES -0.23 and -0.31) come from the 2008 year-one report of the same Gatti Evaluation trial, and neither report is online. Eight schools in four districts (Arizona, Massachusetts, Oregon, South Carolina) were chosen from volunteers for diversity and state-average math achievement, not for need; first- and fourth-grade teachers were randomized within school and students were placed in classrooms by administrators. No student rule. mixed_samples 0 because the selection rule is the same trial's; the analytic sample the WWC describes is the two-year subset, not Kraft's year-one sample. Confidence low per codebook for WWC summaries.",bee-a,0,,,,,,
357,357-glassman-1989,universal,none,0,0,"Twenty-four third-, fourth-, and fifth-grade teachers and their classrooms participated in the study.",p. 1 (ERIC abstract) and p. 7 (volunteer teacher sample),pdf,fryer-a,2026-09-18,high,"A Study of Cooperative Learning in Mathematics, Writing and Reading as Implemented in Third, Fourth and Fifth Grade Classes (ERIC ED294926, AERA 1988 paper)","Two intermediate schools in Bay Shore, NY; teachers volunteered (62 percent of those invited) and all students in their classes took part; no student rule. The report calls its design pre-test post-test quasi-experimental, not a randomized trial, which a reviewer may want to check against Kraft's inclusion rule. Kraft n 441 is plausible for 24 classrooms. OCR is rough in places.",fryer-a,0,,,,,,
359,359-glazerman-2006,universal,none,0,0,"The study took place in 17 schools located in six TFA regions: Baltimore, Chicago, Houston, Los Angeles (Compton school district), the Mississippi Delta, and New Orleans.",WWC sample text,wwc-page,fryer-a,2026-09-18,medium,Alternative routes to teaching: The impacts of Teach for America on student achievement and other outcomes,"Abstract states only that it is a randomized experiment on TFA teachers; the WWC setting text gives the 17 schools in TFA regions, where students were randomly assigned between TFA and other teachers. Sample is 95 percent FRPL by WWC, but no poverty rule for choosing schools is stated, so universal by the same logic as study 168. Kraft n 1800, grades 1-5.",fryer-a,0,,,,,,
360,360-glazerman-2009,universal,none,0,0,"The schools had been pre-selected by CPS using a series of school information sessions, initial interest applications, and site visits to assess staff’s ability and readiness to benefit from the program.","PDF p. 17, Chapter II.A Methods, footnote 2 (printed p. 6)",pdf,fryer-a,2026-09-18,high,"An Evaluation of the Teacher Advancement Program (TAP) in Chicago: Year One Impact Report. Final Report (Mathematica, April 2009)","recoded after re-retrieval 2026-09-18: first page names Glazerman, McKie, and Carey (Mathematica Policy Research, April 27, 2009), the Chicago TAP year-one report Kraft cites. Sixteen CPS K-8 schools applied to become TAP schools, were chosen as finalists on staff readiness (application, site visits, faculty vote), and were then randomized 8 to treatment and 8 to delayed control; all students in those schools' test-score files form the sample. Schools that applied and were rated on readiness are volunteers, not selected on need (tie-breaker 6). No achievement or poverty criterion is stated. Kraft's n 3,501 was not located as a printed figure in the text.",fryer-a,0,,,,,,
361,361-glazerman-2013,targeted_low,school,0,0,"The lowest-ranking schools were designated as potential receiving schools that could benefit from the intervention, and the rest were potential sending schools.","PDF p. 31, Executive Summary, Study Sample (printed p. xxxi)",pdf,fryer-a,2026-09-18,high,"Transfer Incentives for High-Performing Teachers: Final Results from a Multisite Randomized Experiment (NCEE 2014-4003, November 2013)","recoded after re-retrieval 2026-09-18: first page names Glazerman, Protik, Teh, Bruch, and Max (Mathematica, NCEE 2014-4003, November 2013), the Talent Transfer Initiative final report Kraft cites. Within each of 10 districts, schools were ranked by students' average prior achievement and the lowest-ranking schools became potential receiving schools; the 114 study schools were the receiving schools whose teaching teams with vacancies were randomized. Students are those taught by the randomized teams, with no student-level rule, so level is school. Districts were chosen for size and economic diversity (at least 40 elementary schools, 10 low-poverty and 15 high-poverty). Kraft's n 7,000 was not located as a printed figure in the text.",fryer-a,0,,,,,,
362,362-glazerman-2012,targeted_other,school,0,0,"In order to be selected for Chicago TAP, a school had to have at least 75 percent of its students qualifying for free or reduced-price lunch.",p. 26 (report p. 10),pdf,wwc-a,2026-09-18,high,An Evaluation of the Chicago Teacher Advancement Program (Chicago TAP) After Four Years: Final Report,"Chicago TAP was a pilot for high-need CPS schools; schools applied and had to meet the 75 percent FRL rule, then a lottery set the start year among applicant elementary schools (34 schools in the experimental sample). Selection on poverty at the school level; school-level application is not student opt-in. All K-8 students in study schools. Kraft n 7656 to 7661 matches the WWC grade 4 to 8 sample of 7,656.",wwc-a,0,,,,,,
363,363-glazerman-2006,targeted_other,school,0,0,"This paper reports on a randomized experiment to study the impact of an alternative teacher preparation program, Teach for America (TFA), on student achievement and other outcomes.",abstract,abstract,wwc-a,2026-09-18,low,Alternative routes to teaching: The impacts of Teach for America on student achievement and other outcomes,"Neither the abstract nor the WWC text states how the 17 schools in six TFA regions were chosen; the WWC only reports demographics (95 percent FRL). The design (schools where TFA placed teachers) suggests targeted_other at the school level through TFA's own placement rule, but no source available here says so, so unclear per the codebook. Students were randomly assigned to TFA or non-TFA teachers within schools, grades 1 to 5. Kraft n 1715 matches the WWC sample. Abstract only. | adjudication: Rule (Andrew, 2026-09-25): Teach For America is a program targeted to Title I schools, so schools that enter the sample through TFA placement are targeted_other at school level. Applied on the program's placement rule, since no retrieved source describes how the 17 study schools were chosen; WWC reports 95 percent FRL.",wwc-a,1,unclear,unclear,,,,
364,364-glazerman-2013,targeted_low,school,0,0,"The lowest-ranking schools were designated as potential receiving schools that could benefit from the intervention, and the rest were potential sending schools.",p. ES-7 (PDF page 17),pdf,wwc-a,2026-09-18,high,"Transfer Incentives for High-Performing Teachers: Final Results from a Multisite Randomized Experiment (Executive Summary, NCEE 2014-4004)","Text file is the executive summary only. Study schools were the receiving schools, chosen as the lowest-ranked schools in each district by students' average prior achievement (21 percent of schools); teacher teams with vacancies in those schools were randomized. Districts were chosen for size and economic diversity. No student-level rule; all students of the teacher teams were analyzed. Kraft n 6103 (reading, grades 3 to 8) is plausible for the pooled team-level sample.",wwc-a,0,,,,,targeted_low,wwc-b
365,365-gleason-2010,universal,none,1,0,"On average, charter middle schools that hold lotteries are neither more nor less successful than traditional public schools in improving student achievement, behavior, and school progress; however, impacts varied widely across schools.",abstract,abstract,fryer-b,2026-09-18,medium,"The Evaluation of Charter School Impacts (NCEE, 2010)","Lottery sample of applicants to oversubscribed charter middle schools; abstract states no applicant eligibility rule beyond applying. Kraft n 2330, grades 4-7, not verifiable from the abstract. wwc-codes row 365 has no sample text.",fryer-b,0,,,,,,
373,373-gorard-2016,universal,none,1,0,"Once the school confirmed the uniformed group to be offered, the lead contact person in the school ran a recruitment drive to attract pupils. The target pupils were those in Year 9 (aged 13/14). Pupils were recruited at the end of Year 8.",p. 15 of PDF (printed p. 14),pdf,eef,2026-09-18,high,"Youth Social Action Trials: Youth United. Evaluation report and executive summary (Gorard, See, Siddiqui, Smith, and White, 2016, EEF)","Schools recruited by geography, first come first served, and randomised; pupils volunteered for uniformed-group activities. Kraft n 3170 and ES -0.09 for both English and maths match Tables 5 and 6 (PDF p. 26), the survey-volunteer pupil analysis, so opt_in is 1. Report notes some schools simply allocated pupils or nominated those they thought would benefit (one school picked pupils aiming at C to D GCSE grades), but there was no general achievement rule. UK Year 9 is US grade 8.",eef,0,,,,,,
374,374-gorard-2014,targeted_low,student,1,1,"The programme was targeted at pupils aged nine to 11 (Years 5 and 6) who were eligible for FSM, had low literacy scores, English as an additional language, or a special educational need.",p. 11 of PDF,pdf,eef,2026-09-18,medium,"Future Foundations: Evaluation Report and Executive Summary (Gorard, Siddiqui, and See, 2014, EEF)","Summer school with individual randomisation. Eligibility was disjunctive (FSM, low literacy, EAL, or SEN); the executive summary (PDF p. 4) phrases it as FSM-eligible pupils and pupils who had not achieved Level 4 in English or maths at KS2. Coded targeted_low under tie-breaker 1 because a performance criterion was part of the rule, but a reviewer could prefer targeted_other since not every pupil was selected on achievement. Participation voluntary (summer holiday). Kraft n 306-310 is the overall achieved sample; FSM-only and Year 5 results are also reported, hence mixed_samples 1 as a caution.",eef,0,,,,,,
375,375-gorard-2015,targeted_other,school,0,1,"All schools have, or recently had, at least 25% of their pupils known to be eligible for free school meals (FSM). At least 10 of the schools had fewer than 60% of pupils achieving Level 4+ in English and maths, and with pupils making below-average progress in English and maths, in 2012 (or 2011). These were therefore disadvantaged schools.",p. 11 of PDF,pdf,eef,2026-09-18,high,"Philosophy for Children: Evaluation report and Executive summary (Gorard, Siddiqui, and See, 2015, EEF)","48 primary schools recruited on an FSM threshold (at least 25 percent) and randomised; all Year 4 and Year 5 pupils in the schools took part, so the rule is at school level and on poverty. The low-attainment description applies to only some schools and is descriptive, not a criterion. Kraft five effects with n 498-1529 span the full sample and the pre-specified FSM-only analyses (Tables 8-10), so some effects are a subgroup.",eef,0,,,,,,
376,376-gorard-2017,universal,none,1,1,"In practice, 14 of 36 intervention schools offered CU to the entire age cohort and subsidised the extra cost themselves, 16 schools asked children to volunteer to take part, and the other 6 initially tried to maximise participation by the most disadvantaged pupils",p. 12 of PDF,pdf,eef,2026-09-18,high,"Children's University: Evaluation report and executive summary (Gorard, Siddiqui, See, Smith, and White, 2017, EEF)","68 schools recruited by Children's University regional offices and randomised; Years 5 and 6. Main analysis is on the pre-specified group of volunteer pupils identified prior to randomisation, so opt_in 1. Kraft n 1231 matches the volunteer KS2 maths and reading analyses and n 493 the everFSM subgroup (summary table PDF p. 5), so two of the four effects are a subgroup. No achievement rule.",eef,0,,,,,universal,other
381,381-greenwood-1989,unclear,unclear,0,0,Results with 94 teachers and 416 students indicate that peer tutoring was more effective in increasing academic engagement of low-SES students than teacher instruction.,abstract,abstract,fryer-b,2026-09-18,low,"Longitudinal effects of classwide peer tutoring (Journal of Educational Psychology, 1989)","Abstract reports a low versus high SES contrast as an analysis, not a sampling rule, and gives no eligibility statement; a classwide program suggests universal but the text does not say. Kraft n 416 matches the abstract.",fryer-b,0,,,,,,
386,386-kim-2016,universal,none,0,0,"The experiment took place in nine elementary schools, and included all rising 4th- and 5th-grade students in those schools.","PDF p. 9, Section IV The current study (printed p. 8)",pdf,bee-a,2026-09-18,high,"Motivation and Incentives in Education: Evidence from a Summer Reading Experiment (NBER Working Paper 20918, January 2015)","recoded after re-retrieval 2026-09-18: first page names Guryan, Kim, and Park (NBER w20918, January 2015), the working-paper version of Guryan, Kim, and Park 2016, Economics of Education Review, which the BEE summer-programs synthesis lists as Guryan et al. (2016) with 9 schools and 397 students. All rising 4th and 5th graders in nine elementary schools of an urban northeastern district with above-median income took part, randomized within classroom to control, READS, or READS with incentives; consent and assent were obtained before randomization (PDF p. 15) but no application was required, so opt_in 0. Footnote 3: one mixed classroom added a few rising 3rd graders. Kraft's n 397 is the GMRT total analysis sample (table notes list 400 comprehension, 405 vocabulary, 397 total, 409 MCAS). Data flag: the outcome is reading (GMRT), so Kraft's subject label Math for this row is wrong.",bee-a,0,,,,,,
404,404-heppen-2012,targeted_other,both,0,0,"A total of 68 schools were eligible, agreed to participate in the study, and met the study's requirement to identify their AR students before the schools were randomly assigned to condition.",p. 13 (report p. xii),pdf,wwc-a,2026-09-18,high,Access to Algebra I: The Effects of Online Mathematics for Grade 8 Students (NCEE 2012-4021),"Schools in Maine and Vermont were eligible if they served grade 8 and did not offer a stand-alone Algebra I course (school rule, not need-based); within them, schools identified algebra-ready (AR) students, 445 in all, as the analytic sample (student rule selecting advanced students, which the codebook puts under targeted_other). Kraft n 440 with one effect of 0.40 matches the AR algebra outcome. Mostly small rural schools, 94 percent Title I, but poverty was not a criterion.",wwc-a,0,,,,,,
405,405-herrera-2013,targeted_other,school,1,0,"to be eligible for Higher Achievement, students and their parents needed to complete an application, attend an in-person interview and commit to active participation for three to four years.",pp. 6-7,pdf,wwc-a,2026-09-18,medium,Staying On Track: Testing Higher Achievement's Long-Term Impact on Academic Outcomes and High School Choice,"Lottery among 952 applicants (rising 5th and 6th graders) to five Higher Achievement centers in DC and Alexandria, so universal with opt_in = 1 per the codebook. No achievement or income rule at the student level; applicants scored slightly above the national average and 60 percent were FRL. Caveat: the program sites its centers in 'at-risk communities' and recruits mainly through school referrals, which a reviewer could read as targeted_other at the site level; coded on the applicant lottery rule and confidence set to medium for that reason. Kraft n 719 to 815 fits the follow-up analytic samples. | adjudication: Rule (Andrew, 2026-09-25): lottery applicants to a program that serves a needy area or population are targeted_other. Higher Achievement sites its centers in at-risk communities, so the selection is at site level.",wwc-a,1,universal,none,,,,
406,406-hill-2016,universal,none,0,0,"The 32 school leaders who volunteered to join the experimental sample represented a diverse array of elementary schools in terms of prior achievement, demographics, and geography.",p. 7,pdf,wwc-a,2026-09-18,high,"The Impact of Achieve3000 on Elementary Literacy Outcomes: Randomized Control Trial Evidence, 2013-14 to 2014-15 (WCPSS DRA Report No. 16.02)","Wake County elementary schools were eligible after removing the 12 pilot schools and SuccessMaker schools; 32 volunteering schools were paired on 2013 reading composites and randomized (16 treatment, 16 control); all students in grades 2 to 5 in those schools were in the sample. Volunteering is not selection on need (tie-breaker 6). Kraft n 6235 to 12851 fits the annual and pooled analytic samples. Not in the WWC export; manual match accepted WWC study 85405, the same DRA report.",wwc-a,0,,,,,,
411,411-hodgen-2019,targeted_low,student,0,1,"Pupils were eligible as long as they were in the bottom 15-20% of mathematics achievement based on attainment at KS1, as well as the professional judgement of teachers based on their more recent performance.",p. 15 of PDF,pdf,eef,2026-09-18,high,"Catch Up Numeracy: Evaluation report and executive summary (Hodgen, Adkins, Ainsworth, and Evans, 2019, EEF)","Schools recruited by the developer had to provide at least six eligible Year 4 and six eligible Year 5 pupils (or four in each of Years 3 to 5); that is a capacity requirement, not school selection on need, so level is student. Kraft n 1481 matches the primary model and n 551 the everFSM subgroup (summary table PDF p. 5), so one of the two effects is a subgroup. Report notes schools interpreted the eligibility criterion broadly.",eef,0,,,,,,
414,414-horner-2018,universal,none,0,0,"All participating schools met the following criteria for inclusion in the project: (a) is an elementary school; (b) has been implementing positive behavioral interventions and supports (PBIS) for at least 1 year, as documented by district records",p. 3 (journal p. 446),pdf,wwc-a,2026-09-18,high,A Randomized Waitlist Controlled Analysis of Team-Initiated Problem Solving Professional Development and Use,"Thirty-eight K-5 schools in North Carolina and Oregon, recruited as a convenience sample of schools already implementing PBIS and using SWIS with a monthly team meeting; criteria are implementation features, not need or achievement (tie-breaker 6). All students in the schools are the student sample. Kraft n 2765 to 2984 is far below the WWC full sample of 18,443 students, so Kraft's math effects may come from a grade-level subsample or a companion report; the journal article itself reports team-process outcomes, and the student achievement results are not described in this text.",wwc-a,0,,,,,universal,bee-a
417,417-hoxby-2009,universal,none,1,0,"Specifically, if a charter school in New York receives more applicants than it has places, it must hold a random lottery among the applicants. Lotteries are specific to a school, grade, and year of intended entry",p. 6,pdf,fryer-b,2026-09-18,high,"Charter Schools in New York City: Who Enrolls and How They Affect Their Students' Achievement (NBER Working Paper 14852, 2009)","Lotteried-in versus lotteried-out applicants to NYC charter schools, tests in grades 3-8; no applicant eligibility rule beyond applying. Text is the NBER working paper. Kraft n 32551 not checked against the paper's tables.",fryer-b,0,,,,,universal,wwc-b
422,422-humphrey-2020,universal,none,0,1,"The target cohort within the schools were pupils in Year 4 (Y4) and Year 5 (Y5) in the first year of the trial (2016/2017). After accounting for parental/carer opt-outs (n = 117; 0.91%), this sample consisted of n = 6,586 and n = 6,338 pupils in the Y4 and Y5 cohorts, respectively.",p. 15 of PDF,pdf,eef,2026-09-18,high,"Achievement for All Evaluation Report (Humphrey, Squires, Choudry, Byrne, Demkowicz, Troncoso, and Wo, 2020, EEF)","Whole-school programme; 134 schools recruited by the developer (only rule: not previously involved with AfA) and randomised; all Y5 pupils analysed. Schools nominated a 20 percent AfA target group of vulnerable pupils, but the headline analysis is the whole cohort. Kraft n 5813 is the complete-case whole-cohort KS2 reading sample and n 1231 the FSM subgroup (ES -0.157 in the FSM table), so one of the two effects is a subgroup. Hand-supplied PDF.",eef,0,,,,,,
425,425-husain-2016,universal,none,0,0,"The parents of all pupils in Years 3 to 6 of the 16 recruited schools were invited to take part in the intervention. Of those, 2,690 pupils in 2,306 distinct families did not opt out.",p. 21 of PDF,pdf,eef,2026-09-18,high,"Parent Academy: Evaluation report and executive summary (Husain, Jabin, Haywood, Kasim, and Paylor, 2016, EEF)","Pupil-level randomisation among all Years 3 to 6 pupils whose parents did not opt out, in 16 schools recruited on a convenience basis in two local authorities; intention to treat, so opt_in 0 even though parents chose whether to attend the academy. Kraft n 1465-1578 does not match the report analysed samples of 1,895 (reading) and 1,923 (maths); the four Kraft effects may include the FSM-only analysis or the adjusted models. No achievement rule.",eef,0,,,,,,
431,431-isenberg-2009,targeted_other,school,0,0,"District selection was based upon factors such as district size and poverty ... The selected districts, which were spread across 13 states, served low-income students, with every district in the study having more than 50 percent of its students qualifying for the federal School Lunch Program.",p. 24 (executive summary),pdf,fryer-b,2026-09-18,high,Impacts of Comprehensive Teacher Induction: Results from the Second Year of a Randomized Controlled Study (NCEE 2009-4072),"Districts chosen partly on poverty; within districts, all beginning K-6 teachers in the study schools and their students, no student rule. Kraft n 3000 does not match any report sample (one-year districts 1,917 reading and 1,683 math students, p. 34; two-year districts 1,303 and 1,242); possibly a sum or a rounded figure.",fryer-b,0,,,,,targeted_other,bee-a
432,432-jaciw-2016,universal,none,0,0,"We worked with HMH to recruit 12 schools with grades 3, 4, and 5. We randomized intact grade-level teams that volunteered for participation to the MIF and control groups.",p. 4,pdf,bee-a,2026-09-18,high,"Assessing Impacts of Math in Focus, a 'Singapore Math' Program for American Schools","SREE 2015 abstract (ED562089) of the 2016 JREE article; one urban Nevada district. Grade-level teams volunteered (tie-breaker 6); no student rule. Kraft n 1,641 is an analytic sample of the 2,235 rostered students. Data flags: Kraft's grade span 3-5,9-12 is wrong (grades 3 to 5 only), and the WWC row attached to 432 is Newman et al. (Alabama AMSTI), a different study.",bee-a,0,,,,,,
435,435-jacob-2015,targeted_low,student,1,0,"At the start of the school year, schools and Reading Partners staff developed a list of students who were deemed eligible for Reading Partners based on a combination of test score review and teacher and/or staff recommendation.",p. 8,pdf,bee-a,2026-09-18,high,Leveraging Volunteers: An Experimental Evaluation of a Tutoring Program for Struggling Readers,"Reading Partners volunteer tutoring; 1,657 students recruited, 1,265 consented, randomized within school and grade group (p. 8); parental consent was required for the pull-out tutoring, hence opt_in 1. Schools were 89 percent Title I but were recruited as existing program sites, not selected on Title I (p. 9). Kraft n 1,166 is the analytic sample.",bee-a,0,,,,,,
438,438-jacob-2015,targeted_low,both,1,0,"At each site, teachers, principals, and reading specialists identify students who are reading below grade level and consider the different reading interventions that are available to students.",p. 37 (report p. 15),pdf,wwc-a,2026-09-18,high,"Mobilizing Volunteer Tutors to Improve Student Literacy: Implementation, Impacts, and Costs of the Reading Partners Program (MDRC, March 2015)","Students in grades 2 to 5 were referred to Reading Partners by school staff for reading below grade level, then randomized within school (1,265 students, 19 schools); all had parental consent for the pull-out tutoring study, so opt_in = 1 per the codebook. Schools were established Reading Partners sites in under-resourced, mostly schoolwide Title I schools with more capacity demand than seats, so level = both. Kraft n 492 to 1147 matches the WWC all-student and grade-band samples.",wwc-a,0,,,,,,
441,441-james-burdumy-2005,universal,none,1,0,"Subjects: A total of 2,308 elementary students eligible for and interested in attending a 21st Century Community Learning Center. A total of 973 students applied to 18 centers in fall 2000, and 1,335 applied to 8 centers in fall 2001.",p. 13,pdf,fryer-b,2026-09-18,high,When Schools Stay Open Late: The National Evaluation of the 21st Century Community Learning Centers Program: Final Report (2005),"Applicants to oversubscribed after-school centers were randomized (p. 34). Centers were chosen for oversubscription, and the report describes the program as serving mostly low-income schools, but no student selection rule beyond applying. Kraft n 2308 matches.",fryer-b,0,,,,,,
443,443-jay-2017,targeted_other,school,0,1,Eligible schools were those having at least two Year 5 classes and a high proportion (over 20%) of children eligible for free school meals (FSM pupils).,p. 14 of PDF,pdf,eef,2026-09-18,high,"Dialogic Teaching: Evaluation report and executive summary (Jay et al., 2017, EEF)","78 schools in Leeds, Bradford, and Birmingham recruited on an FSM threshold and randomised; all Year 5 pupils in the schools took part. Analysed sample was 1,832 intervention and 2,080 control pupils, so Kraft n 603-1239 does not match the full sample; 1,239 and 603 appear in secondary-outcome and subgroup tables, so Kraft effects appear to come from subsamples.",eef,0,,,,,,
447,447-jerrim-2016,unclear,unclear,0,0,"This paper attempts to overcome these limitations by presenting evidence from a randomized controlled trial (RCT) involving more than 4,000 children in England.",abstract,abstract,eef,2026-09-18,low,"Does Teaching Children How to Play Cognitively Demanding Games Improve Their Educational Attainment? (Jerrim, Macmillan, Micklewright, Sawtell, and Wiggins, 2018, Journal of Human Resources)","Abstract only; it gives no sample description beyond the count, so no eligibility rule can be read. Kraft cites the 2016 EEF Chess in Schools evaluation report by the same authors; the resolved item is the later journal version of the same trial. Kraft n 1321 does not match the abstract's more than 4,000 children. Study 995 was resolved to this same abstract but appears to be a different trial (see its note).",eef,0,,,,,,
464,464-jordan-2009,unclear,unclear,0,0,,,,bee-a,2026-09-18,low,,"No document exists (retrieval status unresolved). The BEE elementary math table gives 139 teachers, 1,897 students, grades 2 and 4, University of Cincinnati evaluation; the eligibility rule is not stated in anything available.",bee-a,0,,,,,,
470,470-karper-1993,targeted_other,school,0,0,"Subjects for this study were third, fourth, and fifth grade students in the Derry Township School District in Hershey, Pennsylvania. Derry Township is a small district with approximately 2,500 students in a wealthy community where the average I.Q. is 118.",p. 3,pdf,bee-a,2026-09-18,medium,The Effectiveness of Team Accelerated Instruction on High Achievers in Mathematics,"The district was chosen to study high achievers ('a district where achievement is already above average', p. 1), so selection on a characteristic at the district level; all students in 12 classrooms, no student rule. Students were randomly assigned to classrooms and two classes per grade were taught with TAI, not a lottery on treatment. Data flags: the article reports 247 students (34 and 35, 44 and 44, 46 and 44 across grades 3 to 5), not Kraft's n 588, and Kraft's grade span 3-12 is wrong (grades 3 to 5). Text is the EBSCO full text.",bee-a,0,,,,,,
473,473-kemple-2000,universal,none,1,1,"This reports focuses on a sample of 1,764 students (referred to in this report as the study sample) who applied for one of the Career Academies selected for the study.",p. 19,pdf,fryer-b,2026-09-18,high,"Career Academies: Impacts on Students' Engagement and Performance in High School (MDRC, 2000)","Lottery among applicants identified in grade 8 or 9. MDRC's interest in at-risk students (p. 19) is motivation, not a sample rule (tie-breaker 7). Kraft n 1764 matches the study sample, but the standardized achievement test was given to a 490-student subsample (p. 20), so Kraft's test-score effects likely rest on that subsample, hence mixed_samples 1. wwc-codes row describes a 1,482-student grade 9-12 sample.",fryer-b,0,,,,,,
476,476-kim-2010,targeted_other,unclear,0,0,The effects of a voluntary summer reading intervention with and without a parent training component were evaluated with a sample of low-income Latino children from language minority families.,abstract,abstract,bee-a,2026-09-18,medium,The efficacy of a voluntary summer book reading intervention for low-income Latino children from language minority families,"The sample is defined by low-income, Latino, language-minority status (title and abstract), but the abstract does not say whether this operated by choosing schools or screening students, so level unclear. Children were pretested in school and randomized; 'voluntary' describes the summer reading, not enrollment. Data flag: Kraft lists the subject as Math with n 317; the outcomes are reading comprehension and vocabulary (370 randomized).",bee-a,0,,,,,,
477,477-kim-2008,universal,none,0,0,"A total of 24 teachers and 400 children in Grades 3, 4, and 5 were randomly assigned to one of four experimental conditions: control, books only, books with oral reading scaffolding, and books with oral reading and comprehension scaffolding.",abstract,abstract,bee-a,2026-09-18,medium,Scaffolding Voluntary Summer Reading for Children in Grades 3 to 5: An Experimental Study,No eligibility rule stated. Kraft n 400 matches.,bee-a,0,,,,,,
479,479-kim-2006,universal,none,0,0,"The effects of a voluntary summer reading intervention were assessed in a randomized field trial involving 552 students in 10 schools. In this study, fourth-grade children received eight books to read during their summer vacation",abstract,abstract,bee-a,2026-09-18,medium,Effects of a Voluntary Summer Reading Intervention on Reading Achievement: Results From a Randomized Field Trial,No eligibility rule stated; subgroup effects for less fluent readers are reported but Kraft's 0.02 is an overall estimate. Kraft n 486 is an analytic sample of 552.,bee-a,0,,,,,,
481,481-kim-2008,universal,none,0,0,"A total of 24 teachers and 400 children in Grades 3, 4, and 5 were randomly assigned to one of four experimental conditions: control, books only, books with oral reading scaffolding, and books with oral reading and comprehension scaffolding.",abstract,abstract,eef,2026-09-18,medium,"Scaffolding Voluntary Summer Reading for Children in Grades 3 to 5: An Experimental Study (Kim and White, 2008, Scientific Studies of Reading)","Abstract only. Children in the classrooms of 24 teachers randomised across four conditions; no achievement or demographic rule stated, and the abstract does not say whether every child in those classrooms was included. Voluntary refers to the summer reading, not to enrolment in the study, so opt_in 0. Kraft n 400 matches. Confidence capped at medium by the abstract-only rule.",eef,0,,,,,,
482,482-kim-2010,targeted_low,student,1,0,A total of 294 children in Grades 4–6 were randomly assigned to READ 180 or a district after-school program.,abstract,abstract,bee-a,2026-09-18,medium,"A randomized experiment of a mixed-methods literacy intervention for struggling readers in grades 4-6: effects on word reading efficiency, reading comprehension and vocabulary, and oral reading fluency","Same after-school READ 180 Enterprise trial as 483-kim-2011 (EEPA), whose abstract states the rule: fourth to sixth graders reading below proficiency on the state assessment at baseline, enrolled in an after-school program (opt_in 1). Coded identically with 483 as its twin; this abstract names struggling readers only in the title. Kraft n 264 fits an analytic subset of 294.",bee-a,0,,,,,,
483,483-kim-2011,targeted_low,student,1,0,"In this randomized controlled trial involving 312 students enrolled in an after-school program, the authors generated intention-to-treat and treatment-on-the-treated estimates of the program’s impact on several literacy outcomes of fourth, fifth, and sixth graders reading below proficiency on a state assessment at baseline.",abstract,abstract,bee-a,2026-09-18,medium,Can a Mixed-Method Literacy Intervention Improve the Reading Achievement of Low-Performing Elementary School Students in an After-School Program? Results From a Randomized Controlled Trial of READ 180 Enterprise,"Twin of 482-kim-2010 (same trial, Reading and Writing 2010 article). Data flags: the WWC row attached to 483 is the Pathway Project (Kim, Olson, et al. 2011, Santa Ana English learners), which belongs to 485-olson-2012, not this READ 180 study; the codebook's worked example for key 483-kim-2011 describes that Pathway sample and so applies to 485. Kraft n 306 fits 312 randomized.",bee-a,0,,,,,,
484,484-kim-2011,targeted_other,student,0,0,The study examined the impact of the Pathway Project intervention on students who were mainstreamed Latino English language learners (ELLs). One hundred and three English teachers in 15 schools in California were recruited and randomly assigned,p. 1 (WWC single study review),pdf,other,2026-09-18,medium,WWC Review of the Report: A Randomized Experiment of a Cognitive Strategies Approach to Text-Based Analytical Writing for Mainstreamed Latino English Language Learners in Grades 6 to 12,"text/484-kim-2011.txt is the WWC single study review (August 2012) of Kim et al. 2011, not the JREE article, so confidence is medium. Same trial as the codebook's worked example 483-kim-2011 (another batch), which should carry the same code. Kraft's n_max 4,459 and grade span 4-11 do not match the article (2,726 students, grades 6-12); resolution note says 4,459 is the BEE pooled two-cohort figure.",other,0,,,,,targeted_other,eef
485,485-olson-2012,targeted_other,student,0,0,"The sample included 2,726 English learner students in grades 6 to 12. All students were English learners, 95% of students were Hispanic, and Spanish was the first language for 88% of students.",WWC sample text,wwc-page,bee-a,2026-09-18,medium,Enhancing the Interpretive Reading and Analytical Writing of Mainstreamed English Learners in Secondary School,"The abstract (title and text: mainstreamed English learners, 72 Santa Ana teachers randomized) and the WWC sample text agree, so confidence medium rather than low. Kraft n 4,459 is plausible for the two-year sample; the WWC-reviewed sample is 2,726. Kraft's 0.48 is the on-demand writing assessment and 0.10 the standardized writing test.",bee-a,0,,,,,,
486,486-kim-2016,targeted_low,student,0,0,"This study examined the efficacy of a supplemental, multicomponent adolescent reading intervention for middle school students who scored below proficient on a state literacy assessment.",abstract,abstract,bee-a,2026-09-18,medium,Engaging Struggling Adolescent Readers to Improve Reading Skills,"WWC sample text agrees: 483 eligible students identified as needing intensive reading support on the state ELA test, excluding separate special education classes and beginning ELLs. All eight schools were Title I but no school selection rule is stated, so level student. Kraft n 398 is an analytic sample of 483.",bee-a,0,,,,,,
487,487-kim-2006,universal,none,0,0,"The effects of a voluntary summer reading intervention were assessed in a randomized field trial involving 552 students in 10 schools. In this study, fourth-grade children received eight books to read during their summer vacation",abstract,abstract,fryer-b,2026-09-18,medium,"Effects of a Voluntary Summer Reading Intervention on Reading Achievement: Results From a Randomized Field Trial (EEPA, 2006)","Voluntary describes the summer reading, not enrollment; fourth graders in 10 schools with no student rule stated. Subgroup effects reported for Black, Latino, and less fluent readers, but Kraft's 0.01 is consistent with an overall effect. Kraft n 552 matches.",fryer-b,0,,,,,,
488,488-kim-2007,unclear,unclear,0,0,The causal effects of a voluntary summer reading intervention on children's reading activities and reading achievement were assessed in a randomized experiment involving 331 children in Grades 1-5.,abstract,abstract,fryer-b,2026-09-18,low,"The effects of a voluntary summer reading intervention on reading activities and reading achievement (Journal of Educational Psychology, 2007, 99(3), 505-515)","recoded after re-retrieval 2026-09-18: the abstract (ERIC EJ772024, DOI 10.1037/0022-0663.99.3.505) is the correct article, Kim 2007, and Kraft's n 331 matches; no open full text was found. The abstract states no school or student eligibility rule: children were pretested, stratified by grade and classroom, and randomized to receive 10 matched books over the summer. The word voluntary describes the summer reading, not enrollment, and nothing describes an application, so opt_in 0. Because the abstract does not say whether all children in the participating classrooms took part or how the site was chosen, the code is unclear rather than universal.",fryer-b,0,,,,,,
490,490-kim-2018,unclear,unclear,0,0,"The current study examines whether Word Generation (WG), a Tier-I discussion-based program designed to build academic literacy and linguistic practices, provides differential gains for non-ELL and ELL students",abstract,abstract,wwc-a,2026-09-18,low,Reducing academic inequalities for English language learners: Variation in experimental effects of Word Generation in high-poverty schools,"DATA PROBLEM: the WWC row (85771) is Kim, Hemphill, Troyer et al. 2017 on STARI (grades 6 to 8, about 400 students), not the Kim, Hsin, and Snow 2018 Word Generation paper Kraft cites (n 2160 to 2226, grades 4 to 7); the WWC match is wrong and its sample text was not used. The abstract describes a universal Tier-I program in high-poverty schools but never states how schools or students were selected, so unclear. Kraft's two effects (0.03, 0.03) may be full-sample reading comprehension estimates by year or ELL versus non-ELL subgroup estimates; cannot tell from the abstract. Abstract only.",wwc-a,0,,,,,,
491,491-kim-2011,targeted_low,student,1,0,"In this randomized controlled trial involving 312 students enrolled in an after-school program, the authors generated intention-to-treat and treatment-on-the-treated estimates of the program's impact on several literacy outcomes of fourth, fifth, and sixth graders reading below proficiency on a state assessment at baseline.",abstract,abstract,wwc-a,2026-09-18,medium,Can a mixed-method literacy intervention improve the reading achievement of low-performing elementary school students in an after-school program? Results from a randomized controlled trial of READ 180 Enterprise,"Students enrolled in an after-school program (opt_in) and were reading below proficiency on the MCAS at baseline; the WWC text says 95 percent, not all, scored below proficiency, so the rule was not a strict cutoff. This is the Cohort 1 first-year sample (297 students per WWC) of the Brockton READ 180 trial also reported in 284-fitzgerald-2008 and 494-kim-2010. Kraft n 296 matches the WWC full sample. Abstract only.",wwc-a,0,,,,,,
493,493-kim-2011,targeted_other,student,0,0,Students who were identified as English language learners (ELLs) and were eligible for mainstreaming were randomly assigned to classrooms participating in the study.,p. 2,pdf,wwc-a,2026-09-18,medium,WWC Review of the Report: A Randomized Experiment of a Cognitive Strategies Approach to Text-Based Analytical Writing for Mainstreamed Latino English Language Learners in Grades 6 to 12,"DATA NOTE: text/493-kim-2011.txt is the WWC single study review (August 2012) of the Kim, Olson et al. 2011 JREE article, not the article itself, so confidence is medium. All 2,726 students were English learners eligible for mainstreaming in Santa Ana USD; selection on ELL status, not on a score. Kraft n 1393 to 2721 matches the WWC analysis samples. The codebook worked example 483-kim-2011 (another batch) is the same Pathway Project study, so rows 483 and 493 look like a cross-batch twin; codes should match.",wwc-a,0,,,,,,
494,494-kim-2010,targeted_low,student,1,0,administered during an hour-long after-school program to groups of randomly selected students in grades 4-6 who were identified as struggling readers prior to randomization,WWC sample text,wwc-page,wwc-a,2026-09-18,medium,"A randomized experiment of a mixed-methods literacy intervention for struggling readers in grades 4-6: Effects on word reading efficiency, reading comprehension and vocabulary, and oral reading fluency","The abstract (ERIC) states only that 294 children in grades 4 to 6 were randomly assigned to READ 180 or a district after-school program; the title and the WWC setting text both say the students were struggling readers identified before randomization, so the two sources agree and confidence is medium rather than low. After-school program implies enrollment (opt_in). Second-year combined-cohort sample of the Brockton READ 180 trial (see 284-fitzgerald-2008, 491-kim-2011). Kraft n 264 matches the WWC full analytic sample.",wwc-a,0,,,,,,
505,505-konstantopoulos-2013,unclear,unclear,0,0,We use high-quality data from a large-scale school-level cluster randomized experiment to examine the impact of two well-known commercial interim assessment programs on mathematics and reading achievement in Indiana.,abstract,abstract,other,2026-09-18,low,The Impact of Indiana's System of Interim Assessments on Mathematics and Reading Achievement,"Abstract only (Educational Evaluation and Policy Analysis, paywalled); it names the design and state but no school or student eligibility rule, and no WWC sample text exists for this study. Kraft's n 11,623 to 20,000 could not be checked.",other,0,,,,,,
506,506-konstantopoulos-2016,universal,none,0,0,"We use data from a large-scale, school-level randomized experiment conducted in 2010-2011 in public schools in Indiana. Our sample includes more than 30,000 students in 70 schools.",abstract,abstract,bee-a,2026-09-18,medium,"Effects of Interim Assessments on Student Achievement: Evidence From a Large-Scale Experiment (Journal of Research on Educational Effectiveness, 2016)","recoded after re-retrieval 2026-09-18: the abstract (ERIC EJ1115334, DOI 10.1080/19345747.2015.1116031) is the correct article, Konstantopoulos, Li, Miller, and van der Ploeg 2016; no open full text was found. Seventy Indiana public schools were randomized to interim assessment programs (mCLASS in K-2, Acuity in 3-8) serving all students in the school, and the abstract states no need-based rule for schools; coded universal on the Festas precedent in codebook section 6, with medium confidence because the abstract does not say how the 70 schools were recruited. Kraft's n 13,944 is presumably the grade 3-8 Acuity math sample; Kraft's grades_all K-6 differs from the abstract's K-8.",bee-a,0,,,,,,
507,507-kozlow-2004,universal,none,0,0,"The study was conducted in one school district and involved 76 teachers and their classes in grades 3 to 6. Within each grade level, half the teachers were randomly assigned to the treatment group and half were randomly assigned to the control group.",p. 22,pdf,bee-a,2026-09-18,high,Experimental Study on the Impact of the 6+1 Trait Writing Model on Student Achievement in Writing,"Writing outcome (6+1 Trait), listed by Kraft under reading. No selection rule for the district or students is stated; low-poverty sample (10 percent FRPL, under 1 percent ELL or minority). Kraft n 1,592 matches the students with complete data.",bee-a,0,,,,,,
521,521-lin-2016,universal,none,0,1,"Middle school students (N = 5,870) from diverse backgrounds participated in a randomized study of the intervention that was conducted in 12 middle schools located in an urban school district.",abstract,abstract,bee-a,2026-09-18,low,Assessing Adolescents' Communicative Self-Efficacy to Discuss Controversial Issues: Findings From a Randomized Study of the Word Generation Program,"Per the header note in the abstract file, Kraft's reading effects (0.07, 0.00, 0.05; n 8,466) come from the Word Generation trial via the BEE table, not from this self-efficacy article, so mixed_samples 1 and confidence low. No eligibility rule beyond school membership is stated.",bee-a,0,,,,,,
526,526-lenard-2019,unclear,unclear,0,0,,,,bee-a,2026-09-18,low,,"recoded after re-retrieval 2026-09-18: retrieval status failed; no open copy and no abstract of Lenard and Rhea 2019 (DreamBox Learning, Wake County; Kraft n 12,467, grades K-5, math ES 0.08) exists in text/ or abstracts/, and wwc-codes.csv has no row for this study, so no document was read and the code is unclear with no source, per the batch instructions.",bee-a,0,,,,,,
534,534-little-2014,universal,none,0,0,"The study, which incorporated multi-site cluster-randomized design, was conducted in four middle schools with 2,150 students and 47 teachers.",abstract,abstract,bee-a,2026-09-18,medium,Effects of Differentiated Reading Instruction on Student Achievement in Middle School,"Differentiated reading for whole classes; no student rule stated. Kraft n 2,028 is an analytic sample of 2,150.",bee-a,0,,,,,,
536,536-lloyd-2015,targeted_other,school,0,0,"Ten secondary schools in North East England were recruited to take part in the trial, selecting schools where the proportion of pupils eligible for free school meals (FSM) was above the national average.",p. 10 of PDF,pdf,eef,2026-09-18,high,"Paired Reading: Evaluation report and Executive summary (Lloyd, Edovald, Kiss, Morris, Skipp, and Ahmed, 2015, EEF)","Class-level randomisation; all Year 7 (tutee) and Year 9 (tutor) classes in the schools were eligible, with extra classes dropped only to equalise numbers. Kraft n 1300 (Year 7) and 1265 (Year 9) match the adjusted analyses. The wwc-codes.csv row for this study_id is a different study (Kennedy, Deshler, and Lloyd 2015) and was ignored. UK Years 7 and 9 are US grades 6 and 8.",eef,0,,,,,,
537,537-lloyd-2015,targeted_low,school,0,0,it was intended that around 40 per cent of schools in the study sample were to be or have been below the government performance floor target threshold at some time in the last three years ... The local authorities were asked to prioritise schools that were perceived as having weaknesses in maths teaching,p. 11 of PDF (printed pp. 9-10),pdf,eef,2026-09-18,medium,"Durham Shared Maths Project: Evaluation report and Executive summary (Lloyd, Edovald, Morris, Kiss, Skipp, and Haywood, 2015, EEF)","Cluster RCT in 82 schools across four local authorities; all Year 3 and Year 5 pupils in recruited schools took part, so any selection is at school level. Recruitment aims were that about 40 percent of schools be below the floor target and that schools come from high-deprivation areas, and local authorities were asked to prioritise schools with perceived weaknesses in maths teaching; these were aims, not strict criteria, so confidence is medium and a reviewer could prefer targeted_other (deprivation) or universal. Kraft n 2786 (Year 5) and 2683 (Year 3) match the analysed samples. Hand-supplied PDF; the wwc-codes.csv row for this study_id is a different study (Kennedy et al. 2015). | adjudication: Rule (Andrew, 2026-09-25): recruitment that focused on, preferentially targeted, or aimed at poor or low-performing districts or schools counts as targeted even without a strict criterion. Low achievement plus poverty is targeted_low (tie-breaker 1). Confirms coder's value.",eef,1,targeted_low,school,,,,
551,551-mie-2015,universal,none,0,0,"Children in Years 3, 4 and 5 on a given school's full-time roll at the start of the 2012-13 academic year were the target population for the study.",p. 10,pdf,bee-b,2026-09-18,high,Promoting Alternative Thinking Strategies (PATHS): Evaluation report and Executive summary,"EEF cluster RCT, 45 mainstream primary schools in Greater Manchester, England; eligibility was any mainstream primary school in the 10 Greater Manchester local authorities (p. 10), no pupil rule. Kraft n 2699 matches the BEE listing of the Years 5-6 Key Stage 2 maths sample. International setting.",bee-b,0,,,,,,
552,552-madden-2011,unclear,unclear,0,0,,,,bee-b,2026-09-18,low,,"No source: retrieval status unresolved for Madden et al., 2011; no full text, abstract, or WWC sample text exists, so no eligibility rule can be read.",bee-b,0,,,,,,
564,564-mastrorilli-2014,universal,none,0,0,"To be eligible to participate, schools had to be part of the NYCDOE public school system and have an existing arts program in at least one arts discipline. ... Two informational meetings in winter 2011 were held to describe the program and to recruit volunteer schools to participate in the study.",p. 7 (PDF p. 8),pdf,other,2026-09-18,high,"Arts Achieve, Impacting Student Success in the Arts: Preliminary Findings After One Year of Implementation","Volunteer NYC schools with existing arts programs; classes chosen by grade (grade 5, 8, and a high school grade) and whole classes were tested. No need-based rule at any level.",other,0,,,,,,
574,574-mayer-2002,targeted_other,student,1,0,"To be eligible for a scholarship, children had to be entering grades one through five, living in New York City, attending a public school at the time of application, and be a member of a family with an income that qualified children for the federal School Lunch Program.",p. 11,pdf,fryer-b,2026-09-18,high,"School Choice in New York City After Three Years: An Evaluation of the School Choice Scholarships Program: Final Report (Mathematica, 2002)","Income-eligible applicants randomized by lottery. 85 percent of scholarships were reserved for applicants from public schools with below-median test scores (p. 12); that is a school-level performance weight in the lottery, not an eligibility rule, and estimates are weighted back to all eligible applicants. Kraft n 1960 not verified in text.",fryer-b,0,,,,,,
576,576-maynard-1979,targeted_other,student,0,0,Analyzes the impact of a negative income tax experiment on the school performance of children in grades 4 through 10,abstract,abstract,fryer-b,2026-09-18,low,"The Effects of a Negative Income Tax on School Performance: Results of an Experiment (Journal of Human Resources, 1979)","Abstract gives no eligibility rule. Families in a negative income tax experiment are enrolled by income, which would make this targeted_other at the family level with opt_in 1 if the full text confirms it. Kraft n 851 not verifiable. | adjudication: Rule (Andrew, 2026-09-25): lottery applicants to a program that serves a needy area or population are targeted_other. Negative income tax experiment; families enrolled on income.",fryer-b,1,unclear,unclear,,,,
588,588-meisch-2011,targeted_low,both,0,1,"The cut-off scores for student eligibility were set by Newark Public Schools (NPS), based on one standard deviation from the norm.","p. 73 (report p. 49, section 3.A.1.3)",pdf,wwc-a,2026-09-18,high,"Striving Readers Study: Targeted and Whole-School Interventions, Year 5 (Westat, 2011)","Newark Striving Readers. School rule: Title I eligible middle schools designated in need of improvement under NCLB, not already using READ 180 (report p. 5); 19 schools randomized. Student rule for the targeted READ 180 evaluation: NJASK reading subtest score below a district cut-off about one SD below the norm, that is, reading well below grade level. Kraft's 29 effects with n 436 to 2555 appear to mix the targeted sample (hundreds per grade or year) and the whole-school sample (all students in study schools), so mixed_samples = 1; both samples are targeted_low (student rule for targeted, INOI school rule for whole-school). Manual WWC match accepted 81694. Long report; read the executive summary and section 3.A only.",wwc-a,0,,,,,,
592,592-menzies-2016,universal,none,0,0,"Schools were eligible to participate in the project if they were a mainstream state secondary school in any area of England willing to be randomised to implementing the intervention (and pay a contribution of 10,000 pounds) or to be part of a business as usual control group.",p. 16 of PDF,pdf,eef,2026-09-18,high,"Project Based Learning: Evaluation report and executive summary (Menzies et al., 2016, EEF)","24 secondary schools randomised; all Year 7 pupils in participating schools were included. No need-based rule; schools self-selected and paid. Kraft lists grades 3-5 and n 470-715, which do not match this Year 7 (US grade 6) trial with about 1,549 intervention and 1,847 control pupils; neither n appears in the report. Flag for review. Pound sign in the quote replaced with the word pounds.",eef,0,,,,,,
595,595-mertes-2013,unclear,unclear,0,0,"Assessment and LEarning in Knowledge Spaces (ALEKS), a technology-based mathematics curriculum, was piloted in the 2012-2013 school year at a Minnesota rural public middle school.",abstract,abstract,eef,2026-09-18,low,"A Mathematics Education Comparative Analysis of ALEKS Technology and Direct Classroom Instruction (Mertes, 2013, dissertation)","Abstract only. A single rural middle school pilot comparing ALEKS with direct instruction in grades 6 to 8; the abstract states no eligibility rule and does not say which students or classes were in each arm, so unclear rather than universal. Kraft n 2500 is implausible for one rural middle school and could not be checked; flag. The design reads as a comparison of instruction methods rather than a randomised trial.",eef,0,,,,,,
599,599-meyers-2015,unclear,unclear,0,0,"This evaluation included 60 high-poverty rural schools across Missouri that were randomly assigned to two treatment conditions and a control condition, with approximately 200 teachers and 3,000 students in the 2011-2012 baseline academic year.",abstract,abstract,other,2026-09-18,low,Impact Results of the eMINTS Professional Development Validation Study,"Abstract only. The abstract describes the sample as high-poverty rural schools but does not say whether schools were selected on poverty or rurality, so per the codebook this is unclear rather than a guess; if the full report confirms a poverty or rural eligibility rule for the i3 validation grant, the code becomes targeted_other with level = school. Kraft's n 1,931 to 3,295 is consistent with the 3,000 baseline students.",other,0,,,,,,
600,600-meyers-2016,targeted_other,school,0,0,"This evaluation included 60 high-poverty rural schools across Missouri that were randomly assigned to two treatment conditions and a control condition, with approximately 200 teachers and 3,000 students in the 2011-2012 baseline academic year.",abstract,abstract,wwc-b,2026-09-18,medium,Impact Results of the eMINTS Professional Development Validation Study,Twin of 601 (same eMINTS trial; Kraft rows 600 and 601). WWC 87694 setting confirms the rule: eligible schools were rural and either Title I or majority FRL eligible. No student rule. Abstract plus WWC sample text.,wwc-b,0,,,,,,
601,601-meyers-2015,targeted_other,school,0,0,"This evaluation included 60 high-poverty rural schools across Missouri that were randomly assigned to two treatment conditions and a control condition, with approximately 200 teachers and 3,000 students in the 2011-2012 baseline academic year.",abstract,abstract,wwc-b,2026-09-18,medium,Impact Results of the eMINTS Professional Development Validation Study,"Twin of 600 (same eMINTS trial). Kraft cites the 2015 Year 3 report; abstracts/601 is the 2016 EEPA article of the same trial, not the report. WWC candidate 81457 accepted in wwc-match-manual; no wwc-codes row existed for 601. Coded identically to 600.",wwc-b,0,,,,,,
605,605-miller-2007,universal,none,0,0,"is more effective than current science programs in five diverse sites--Federal Way Public Schools (Washington), Ogden City School District (Utah), Reynodsburg City Schools (Ohio), St. Petersburg Catholic Schools (Florida), and Visalia Unified School District (California).",abstract,abstract,fryer-b,2026-09-18,low,"Comparative Effectiveness of Scott Foresman Science: A Report of Randomized Experiments in Five School Districts (Empirical Education, 2007)","Whole-class curriculum comparison with teachers and students in five districts; the abstract states no student or school need criterion, so universal is inferred from the design rather than stated, hence low. A reviewer may prefer unclear. Kraft n 2638 and grades 3-5 not verifiable; reading 0.05 is a secondary outcome.",fryer-b,0,,,,,,
607,607-miller-2016,universal,none,0,0,"Within participating schools, all pupils in Years 7, 9 and 11 were eligible for inclusion.",p. 12 of PDF,pdf,eef,2026-09-18,high,"Texting Parents: Evaluation report and executive summary (Miller et al., 2016, EEF)","36 secondary schools recruited through developer networks, randomised at Key Stage group level; schools were eligible if willing to be randomised and share data. Kraft n 5376 (English) and 5613 (maths) match the summary table. The wwc-codes.csv row for study 888 is this study, not Thurston 2016. UK Years 7, 9, and 11 are US grades 6, 8, and 10.",eef,0,,,,,,
609,609-miller-2016,universal,none,0,0,"Within participating schools, all pupils in Years 7, 9 and 11 were eligible for inclusion.",p. 11,pdf,wwc-b,2026-09-18,high,"Texting Parents: Evaluation report and executive summary (EEF, July 2016)","England, 36 secondary schools; Key Stage groups randomized within school. Schools recruited through networks, no need criterion. Kraft n_min 664 is far below any analytic sample in the report (smallest listed is the FSM subsample of 2,551); may be a school-level or subgroup count.",wwc-b,0,,,,,universal,fryer-a
619,619-usdepartmentofeducation-2015,unclear,unclear,0,0,,,,wwc-b,2026-09-18,low,,"No source exists: Kraft cites an ED-524B grant performance report for CSR Colorado (Collaborative Strategic Reading, Denver) with no author or identifier; retrieval status unresolved. Not coded from memory.",wwc-b,0,,,,,,
622,622-loera-2013,universal,none,0,0,"the students included in the confirmatory analyses had to be enrolled in the participating schools prior to random assignment, which took place in January 2011 (Price, 2014). Specifically, the students in grades 3, 4, and 5 in 2013-14 had to be enrolled in the participating schools in 2010-11",p. 10 (PDF p. 13),pdf,other,2026-09-18,high,"The Beaverton School District Arts for Learning (A4L) Lessons Project, an Investing in Innovation (i3) Development Grant: Student Impact Findings from Years 1, 2, and 3","Twins: 622-loera-2013, 623-nakamoto-2014, and 624-nakamoto-2015 are the same Beaverton A4L trial (identical text files, WestEd report of October 2015 covering years 1 to 3); Kraft's three rows are presumably the year 1, 2, and 3 OAKS reading impacts. 32 elementary schools pair-matched and randomized; all grade 3 to 5 students enrolled before random assignment. Kraft lists first author as Loera for 622, but the report authors are Nakamoto, Sobolew-Shubin, and Orland.",other,0,,,,,,
623,623-nakamoto-2014,universal,none,0,0,"the students included in the confirmatory analyses had to be enrolled in the participating schools prior to random assignment, which took place in January 2011 (Price, 2014). Specifically, the students in grades 3, 4, and 5 in 2013-14 had to be enrolled in the participating schools in 2010-11",p. 10 (PDF p. 13),pdf,other,2026-09-18,high,"The Beaverton School District Arts for Learning (A4L) Lessons Project, an Investing in Innovation (i3) Development Grant: Student Impact Findings from Years 1, 2, and 3","Twin of 622-loera-2013 and 624-nakamoto-2015 (same Beaverton A4L trial, identical text files). All grade 3 to 5 students enrolled before random assignment in 32 randomized elementary schools; no need-based rule.",other,0,,,,,,
624,624-nakamoto-2015,universal,none,0,0,"the students included in the confirmatory analyses had to be enrolled in the participating schools prior to random assignment, which took place in January 2011 (Price, 2014). Specifically, the students in grades 3, 4, and 5 in 2013-14 had to be enrolled in the participating schools in 2010-11",p. 10 (PDF p. 13),pdf,other,2026-09-18,high,"The Beaverton School District Arts for Learning (A4L) Lessons Project, an Investing in Innovation (i3) Development Grant: Student Impact Findings from Years 1, 2, and 3","Twin of 622-loera-2013 and 623-nakamoto-2014 (same Beaverton A4L trial, identical text files). All grade 3 to 5 students enrolled before random assignment in 32 randomized elementary schools; no need-based rule.",other,0,,,,,,
625,625-nakamoto-2015,universal,none,0,0,33 elementary schools in the Beaverton School District in Oregon were randomly assigned to either treatment or control conditions.,p. 8,pdf,wwc-b,2026-09-18,high,"The Beaverton School District Arts for Learning (A4L) Lessons Project: Student Impact Findings from Years 1, 2, and 3 (WestEd, 2015)","School-level RCT (32 schools analyzed, matched pairs). Confirmatory sample is all grade 3-5 students enrolled in the schools before random assignment; only students with under 40 percent regular-classroom instruction were excluded. No need criterion for schools.",wwc-b,0,,,,,,
632,632-dumont-2012,universal,none,0,0,"To participate in the study, schools must have housed at least one grade between grades 4 and 8, and at least 80 percent of a school's mathematics and science teachers must have agreed to participate. From the eligible schools that applied to the program, researchers made a purposeful effort to select a sample",p. 24,pdf,bee-b,2026-09-18,high,"Evaluation of the Effectiveness of the Alabama Math, Science, and Technology Initiative (AMSTI). Final Report (NCEE 2012-4008)","IES cluster RCT of 82 applicant schools in five Alabama regions, all math and science teachers in grades 4-8; schools applied to AMSTI (tie-breaker 6), no need or performance criterion. The study-list surnames for this row (dumont, trautwein, ludtke, neumann, niggli, schnyder) belong to a different paper; the document matches the citation string Newman et al. (2012). Report gives 18,713 students in the year-1 math analysis; Kraft n 9370 is presumably one subexperiment or grade band.",bee-b,0,,,,,,
633,633-dumont-2012,universal,none,0,0,Schools were eligible for selection into the study if they met two criteria: Program criterion. At least 80 percent of the mathematics and science teachers signed the application form indicating that they wanted to participate in AMSTI. ... Study criterion. The school housed at least one of grades 4-8.,p. 44,pdf,fryer-b,2026-09-18,high,"Evaluation of the Effectiveness of the Alabama Math, Science, and Technology Initiative (AMSTI). Final Report (NCEE 2012-4008)","Schools applied to the state program and were selected to resemble regional populations (p. 42); no need-based rule at school or student level (tie-breaker 6). Kraft n 780 is the report's approximate teacher count, not students (about 30,000 students eligible; reading analytic sample 7,528 students in 79 schools, p. 27). Study-list key 633-dumont-2012 and author fields (dumont, trautwein, ludtke) do not match the citation Newman et al. 2012; looks like a study-list error.",fryer-b,0,,,,,,
634,634-dumont-2012,universal,none,0,0,"To participate in the study, schools must have housed at least one grade between grades 4 and 8, and at least 80 percent of a school’s mathematics and science teachers must have agreed to participate.","PDF p. 24, Executive Summary, Study design",pdf,wwc-b,2026-09-18,high,"Evaluation of the Effectiveness of the Alabama Math, Science, and Technology Initiative (AMSTI). Final Report (NCEE 2012-4008, February 2012)","recoded after re-retrieval 2026-09-18: first page names Newman, Finney, Bell, Turner, Jaciw, Zacamy, and Feagans Gould (NCEE 2012-4008, February 2012), matching Kraft's citation string; the study-list surname fields (dumont, trautwein, ludtke, neumann, niggli) are wrong in Kraft's data. Eighty-two schools were selected from 144 eligible schools that applied to the AMSTI program, chosen in matched pairs to be representative of their regions on achievement, minority share, and low-income share, then randomized within pairs; all students in grades 4 to 8 of participating teachers are in the sample. Applicant schools are volunteers, not selected on need (tie-breaker 6). Kraft's n 18,713 and 18,710 match the math and reading analytic samples in the report tables.",wwc-b,0,,,,,,
642,642-nunnery-2006,universal,none,0,0,This randomized field experiment was designed to gauge program impacts on the reading achievement of 978 urban students in Grades 3 to 6. Schools and teachers within schools volunteered to participate in the study,abstract,abstract,fryer-b,2026-09-18,medium,"A Randomized Experimental Evaluation of the Impact of Accelerated Reader/Reading Renaissance Implementation on Reading Achievement in Grades 3 to 6 (JESPAR, 2006)",Schools and teachers volunteered (tie-breaker 6); no student rule. Kraft n 1023 does not match the abstract's 978 students.,fryer-b,0,,,,,,
643,643-nussbaum-2010,universal,none,0,1,random assignment of 364 second through sixth grade students to classrooms and random assignment of participating classrooms to control and experimental groups was implemented in a school district located in East Texas.,abstract,abstract,fryer-b,2026-09-18,medium,"The Effects of Brain Gym as a General Education Intervention: Improving Academic Performance and Behaviors (dissertation, 2010)","Class-wide tier-one intervention for all students. The only achievement results in the abstract are for the at-risk subgroup (t(66) and t(71), roughly 70 students), so Kraft's reading and math effects may come from that subgroup while n 364 is the full sample; mixed_samples 1.",fryer-b,0,,,,,universal,wwc-a
650,650-olson-2020,targeted_other,school,0,1,"The four Writing Project sites, in turn, recruited districts in their service areas with high proportions of ELs in grades 7-12 and a desire to implement the intervention.",p. 19,pdf,wwc-b,2026-09-18,high,"The Pathway to Academic Success: Scaling Up a Text-Based Analytical Writing Intervention for Latinos and English Learners in Secondary School (JEP 2020, accepted manuscript)","Districts selected for high EL share; teachers randomized; focal classes were all grade 7-12 ELA and ELD classes except self-contained SPED and introductory ELD. Kraft's two effects (0.38, 0.30) are the EL and non-EL subgroup effects in the two-consecutive-year sample (n 353 + 505 = 858, p. 55), so mixed_samples = 1. Same trial as 1017. | adjudication: Andrew, 2026-09-25: targeted_other confirmed (Writing Project sites recruited districts with high proportions of English learners). Confirms coder's value.",wwc-b,1,targeted_other,school,,,,
653,653-ohare-2019,targeted_low,student,0,1,The eligibility criteria for the targeted version were children who were poor at reading comprehension but relatively good at decoding. The children in this category were selected by teachers in June 2017 using guidance and materials provided by FFT literacy,p. 18 of PDF,pdf,eef,2026-09-18,medium,"Reciprocal Reading: Evaluation Report (O'Hare et al., 2019, EEF)","Two arms in 98 schools: a universal arm delivered to all Year 4 pupils (overall reading n 3198, ES 0.00; comprehension n 2958, ES -0.02) and a targeted arm for Years 5 and 6 in which teachers selected six poor comprehenders per class (overall n 1296, ES 0.14; comprehension n 1270, ES 0.18). Kraft's four effects and n 1270-3198 span both arms, so half of the effects come from a universal whole-cohort sample; coded targeted_low because the codebook takes the first applicable code, with mixed_samples 1 so the merge can split the arms. Schools were recruited preferentially from high-FSM areas to reach a mean of at least 29 percent everFSM, but all school types could join, so level stays student.",eef,0,,,,,,
658,658-pane-2013,universal,none,0,0,"Participating schools were matched into similar pairs and randomly assigned to either continue with the current algebra curriculum for 2 years or to adopt Cognitive Tutor Algebra I (CTAI), which uses a personalized, mastery-learning, blended-learning approach.",abstract,abstract,wwc-b,2026-09-18,medium,Effectiveness of Cognitive Tutor Algebra I at Scale,"Kraft's row is the middle school experiment (grade 8, n 2,765); the article also reports a high school experiment. Schools volunteered and were randomized in pairs; no student rule in the abstract. No wwc-codes row; WWC 82103 accepted in wwc-match-manual.",wwc-b,0,,,,,,
661,661-park-2021,targeted_other,school,0,0,"To be eligible to participate, all districts had to meet the federal definition of rural districts.",p. 14,pdf,wwc-b,2026-09-18,high,"Evaluation of the College, Career, and Community Writers Program: Findings from the i3 Scale-up Grant. Technical Report (SRI, 2021)","48 rural districts randomized in pairs; students were a random sample of core ELA students in grades 7-10 (Kraft n 1,856 matches the WWC full sample). No student rule.",wwc-b,0,,,,,,
662,662-hamm-2019,unclear,unclear,0,0,"At the beginning of the school year, students in Grades 4-8 (n = 550) were randomly assigned to receive math support via the program or to a waitlist control group.",abstract,abstract,bee-b,2026-09-18,low,Evaluation of a Math Intervention Program Implemented With Community Support,"Minnesota Math Corps RCT (Parker et al. 2019, JREE). The abstract mentions a data-driven tiered framework and at-risk students only in the framing sentences and states no eligibility rule, so unclear rather than targeted_low. Abstract n 550 and grades 4-8 differ from Kraft n 284 and grades 4-6; Kraft row 802 (ServeMinnesota 2017 brief) is the same program and may be a different cohort.",bee-b,0,,,,,unclear,bee-a
665,665-patel-2018,targeted_other,student,0,0,The student outcomes analysis included 455 ELs in 48 ELA teachers' classrooms in treatment and 469 ELs in 43 ELA teachers' classrooms in control.,p. iv,pdf,wwc-b,2026-09-18,high,"Evaluation of Education Connections: Supporting Teachers with Standards-Based Instruction for English Learners in Mainstream Classrooms. Final Report (SRI, 2018)","Teachers randomized; the student sample is English learners only (n 924 matches Kraft). Outcome is state English language proficiency test (CELDT, ACCESS), not a reading achievement test.",wwc-b,0,,,,,,
694,694-prast-2018,universal,none,0,0,"Thirty primary schools (N = 5658 students of grade 1-6) divided over three cohorts participated: Cohort 1 received the PD programme in Year 1, Cohort 2 in Year 2, and Cohort 3 was control.",abstract,abstract,bee-b,2026-09-18,medium,Differentiated instruction in primary mathematics: Effects of teacher professional development on student achievement,"Netherlands; teacher PD trial at the school level, all students in participating schools, no student rule stated. Kraft n 3514 is smaller than the abstract N 5658, presumably a single year or cohort comparison. International setting.",bee-b,0,,,,,,
698,698-programevaluationgroupcollegeofeducationuniversityofgeorgia-2015,universal,none,0,0,"All schools in the district were given access to the LMS, but only treatment schools had access to the recommendation engine. Students with both pre-test and post-test scores were included in the impact analysis.",Appendix B,pdf,wwc-b,2026-09-18,medium,"EngageME P.L.E.A.S.E. Investing in Innovation (i3) Grantee Results Summary (Forsyth County Schools, Development grant 2010-2015)","Document is a short i3 grantee results summary, not a full evaluation report; its page footer misnames it Florida Master Teacher Initiative but the content is EngageME P.L.E.A.S.E. School-level RCT of 8 middle and 4 high schools in one district, paired on share of high-needs students. Kraft's grades 6-8 row is the middle school sample.",wwc-b,0,,,,,universal,bee-b
706,706-quint-2015,targeted_other,school,0,0,"Evaluation schools had to meet the same criteria as all SFA schools: At least 40 percent of the students had to be eligible for the free or reduced-price lunch program, 75 percent of the teachers had to vote to adopt SFA, and the school had to be willing to hire and fund the position of an SFA facilitator.",p. 14 (PDF p. 38),pdf,other,2026-09-18,high,Scaling up the Success for All Model of School Reform: Final Report from the Investing in Innovation (i3) Evaluation,"School-level poverty criterion (at least 40 percent FRL) set by the program's own eligibility rule; within schools, all kindergarten students in regular classes were included (p. 14 to 15). Kraft's n 1,625 to 1,659 matches the kindergarten cohort followed to grade 2.",other,0,,,,,,
712,712-ragosta-1983,unclear,unclear,0,0,"In a four-year longitudinal study of computer-assisted instruction, mathematics, reading, and language arts courseware developed by Computer Curriculum Corporation was evaluated in four elementary schools.",abstract,abstract,bee-b,2026-09-18,low,Computer-Assisted Instruction and Compensatory Education: A Longitudinal Analysis,"ERIC abstract only (EJ290190), 63 words. The title names compensatory education, which suggests Title I schools, but the abstract states no school or student eligibility rule, so unclear. Kraft n 1440, grades 1-6.",bee-b,0,,,,,unclear,wwc-b
717,717-randel-2011,universal,none,0,0,"Researchers randomly assigned 67 elementary schools to receive CASL materials or continue with regularly scheduled professional development. ... Analysis of all schools and 9,596 students failed to yield statistically significant impacts of CASL on student mathematics achievement",abstract,abstract,fryer-b,2026-09-18,medium,"Impacts of professional development in classroom assessment on teacher and student outcomes (Journal of Educational Research, DOI 10.1080/00220671.2014.992581)","Abstract is the journal version of the 2011 REL Central report Kraft cites. Whole-school professional development; no student rule. Kraft n 4700 does not match the 9,596 students in the abstract (possibly grade 4 only or one cohort).",fryer-b,0,,,,,,
719,719-randel-2011,universal,none,0,0,"Sixty-seven schools from 32 districts in Colorado participated in the study. These schools were not specifically selected using any sampling methodology; rather, they volunteered to participate in the study.",p. 3 (PDF p. 12),pdf,other,2026-09-18,high,Classroom Assessment for Student Learning: Impact on Elementary School Mathematics in the Central Region. Final Report. NCEE 2011-4005,Volunteer Colorado elementary schools randomized; all grade 4 and 5 students in study schools. No need-based rule (tie-breaker 6).,other,0,,,,,,
724,724-rappaport-2017,universal,none,0,0,The research team recruited schools in five districts that volunteered to participate in the study and these schools entered the study over the course of two years,p. 5,pdf,wwc-b,2026-09-18,high,"Group Work Is Not Cooperative Learning: An Evaluation of PowerTeaching in Middle Schools (MDRC, June 2017)",58 middle schools randomized within five districts; all grade 6-8 math classes. 91 percent Title I and 72 percent FRL but no need criterion stated; only requirement was a district with more than one middle school. WWC 89971 accepted in wwc-match-manual; no wwc-codes row.,wwc-b,0,,,,,,
728,728-reis-2008,universal,none,0,0,Students and teachers were randomly assigned to either the SEM-R treatment with 1 hr of SEMR and 1 hr of basal instruction or to the control group with 2 hr of basal instruction.,abstract,abstract,fryer-b,2026-09-18,low,"Using Enrichment Reading Practices to Increase Reading Fluency, Comprehension, and Attitudes (Journal of Educational Research, 2008)","Schoolwide enrichment model delivered to whole classes in grades 3-5; abstract gives no site description or sample size, so Kraft's n 558 cannot be checked and universal is inferred from the design rather than stated.",fryer-b,0,,,,,,
729,729-reis-2008,universal,none,0,0,Students and teachers were randomly assigned to either the SEM-R treatment with 1 hr of SEMR and 1 hr of basal instruction or to the control group with 2 hr of basal instruction.,abstract,abstract,bee-b,2026-09-18,medium,"Using Enrichment Reading Practices to Increase Reading Fluency, Comprehension, and Attitudes","Schoolwide Enrichment Reading Model, grades 3-5; abstract describes randomization of students and teachers with no student selection rule. Kraft n 544.",bee-b,0,,,,,,
733,733-resendez-2005,universal,none,0,0,Second- and fourth-grade teachers were randomly assigned within schools to the intervention using Scott Foresman–Addison Wesley Elementary Mathematics. The baseline sample included 35 teachers (18 intervention and 17 comparison) and 742 students (389 intervention and 353 comparison).,"WWC sample text, intervention report Appendix A.3, PDF p. 11",wwc-page,bee-b,2026-09-18,low,"WWC intervention report, Scott Foresman-Addison Wesley Elementary Mathematics (updated May 2013), Appendix A.3 on Resendez and Manley (2005)","recoded after re-retrieval 2026-09-18: the document is the WWC intervention report, a secondary source describing the Resendez and Manley 2005 PRES Associates trial; the cited final report is not online. Six elementary schools in Kentucky, Virginia, Washington, and Wyoming; teachers of grades 2 and 4 randomized within school; no school or student eligibility rule is stated, and the WWC distinguishes this trial from the Resendez and Azin 2006 grade 3 and 5 trial. Two of the six schools were above 90 percent free or reduced-price meals and the rest near the national average, but nothing selected on that. Kraft's n 645 lies between the WWC analysis samples (491 computation, 624 math total) and the baseline 742. Confidence low per codebook for WWC summaries.",bee-b,0,,,,,,
734,734-resendez-2009,unclear,unclear,0,0,,,,bee-b,2026-09-18,low,,"No source: retrieval status unresolved for Resendez et al., 2009; no full text, abstract, or WWC sample text exists, so no eligibility rule can be read.",bee-b,0,,,,,,
735,735-resendez-2009,unclear,unclear,0,0,,,,bee-b,2026-09-18,low,,"No source: retrieval status unresolved for Resendez, 2009; no full text, abstract, or WWC sample text exists, so no eligibility rule can be read.",bee-b,0,,,,,unclear,wwc-a
736,736-resendez-2005,unclear,unclear,0,0,,,,bee-b,2026-09-18,low,,"No source: retrieval status unresolved for Resendez, Azin, and Sridharan, 2005; no full text, abstract, or WWC sample text exists, so no eligibility rule can be read.",bee-b,0,,,,,,
740,740-riccio-2010,targeted_other,student,1,0,"Family Rewards was targeted toward families who lived in selected community districts and who had incomes at or below 130 percent of the federal poverty level. Eligible families had to have at least one child in the fourth, seventh, or ninth grade.",p. 26,pdf,fryer-b,2026-09-18,high,"Toward Reduced Poverty Across Generations: Early Findings from New York City's Conditional Cash Transfer Program (MDRC, 2010)","Family-level income and residence rule in six high-poverty community districts; families volunteered and were randomized by lottery. Level coded student because the rule is the family's income, not the school's. Kraft n 11311 is close to the report's about 11,000 children. wwc-codes row matched Miller and Riccio (2011), an SREE paper on the same trial.",fryer-b,0,,,,,,
741,741-rienzo-2016,universal,none,0,1,Schools were eligible to take part in the evaluation if they: (1) were willing to be randomly assigned to the intervention or control group at the year group level; (2) were willing to engage with the programme and implement with Year 9 pupils; and (3) were willing to allow the evaluation team access to pupils for administration of tests.,p. 12 of PDF,pdf,eef,2026-09-18,high,"Powerful Learning Conversations: Evaluation report and executive summary (Rienzo, Rolfe, and Wilkinson, 2016, EEF)","Feasibility trial in South West England secondary schools, randomised at year-group level; all Year 9 pupils in participating year groups. No need-based rule. Kraft n 1722 matches the English main analysis (Table 6) and n 276 the low-pre-attainment English subgroup (KS2 points in the bottom third), so at least one of the three effects is a subgroup. UK Year 9 is US grade 8.",eef,0,,,,,,
742,742-rimm-kaufman-2014,universal,none,0,0,Study authors randomly assigned 12 elementary schools to implement Responsive Classroom for 3 years and another 12 elementary schools to a comparison group that would not implement Responsive Classroom during that period.,p. 1,pdf,bee-b,2026-09-18,low,"WWC Review of the Report: Efficacy of the Responsive Classroom Approach: Results From a 3-Year, Longitudinal Randomized Controlled Trial (WWC Single Study Review, February 2015)","The text file is the four-page WWC single study review, not the AERJ 2014 article, so confidence is low per the codebook rule for WWC summaries. The review describes a large, ethnically and socioeconomically diverse mid-Atlantic district and states no selection criterion for schools or students; grades 3-5 math outcomes. Kraft n 2904.",bee-b,0,,,,,,
744,744-ritter-2000,targeted_low,student,0,0,"The study sample is comprised of 385 elementary school students identified by their teachers as in need of tutoring services. From this pool of ""eligible"" students, approximately half (51 percent) were randomly selected to work with college-age tutors.",abstract,abstract,bee-b,2026-09-18,medium,The academic impact of volunteer tutoring in urban public elementary schools: Results of an experimental design evaluation,"Codebook worked example; hand-supplied ProQuest dissertation abstract. Teacher referral for need of tutoring is an achievement trigger. Kraft n 328 versus 385 in the abstract, presumably the analytic sample.",bee-b,0,,,,,,
750,750-rockoff-2012,unclear,unclear,0,0,We examine how employers learn about worker productivity in a randomized pilot experiment which provided objective estimates of teacher performance to school principals.,abstract,abstract,fryer-b,2026-09-18,low,"Information and Employee Evaluation: Evidence from a Randomized Intervention in Public Schools (AER, 2012)",Abstract describes a school-level information treatment to principals and says nothing about which schools or students were in the sample; likely universal within participating schools but not stated. Kraft n 1434 not verifiable.,fryer-b,0,,,,,,
751,751-rockoff-2015,targeted_other,school,0,0,"So1 personnel also endeavored to select schools with a strong need for the program, giving preference to schools serving greater percentages of students eligible for Title I, English as a Second Language (ESL), and special education services.",p. 6 (PDF p. 6),pdf,other,2026-09-18,medium,Evaluation Report on the School of One i3 Expansion,"Borderline. Eight volunteer NYC middle schools were chosen from applicants with a stated preference for high-need (Title I, ESL, special education) schools, then schools or academies were randomized within pairs; all enrolled students are in the analysis sample (p. 9). Coded targeted_other at the school level because need was an explicit selection preference; a reviewer could argue universal since it was a preference, not a rule. | adjudication: Rule (Andrew, 2026-09-25): recruitment that focused on, preferentially targeted, or aimed at poor or low-performing districts or schools counts as targeted even without a strict criterion. Poverty or need only is targeted_other. Confirms coder's value.",other,1,targeted_other,school,,,,
755,755-roschelle-2010,unclear,unclear,0,0,"Each study addressed both replicability of findings and robustness across Texas settings, with varied teacher characteristics (backgrounds, knowledge, attitudes) and student characteristics (demographics, levels of prior mathematics knowledge).",abstract,abstract,wwc-b,2026-09-18,low,"Integration of Technology, Curriculum, and Professional Development for Advancing Middle School Mathematics","Abstract describes three SimCalc studies (two teacher-level RCTs) in Texas grade 7-8 math but states no student or school eligibility rule; WWC sample characteristics not reported. Likely volunteer teachers with whole classes, but that is not stated, so unclear.",wwc-b,0,,,,,,
760,760-rouse-1998,targeted_other,student,1,0,Only students whose family income was at or below 1.75 times the national poverty line were eligible to apply.,p. 4,pdf,fryer-b,2026-09-18,high,"Private School Vouchers and Student Achievement: An Evaluation of the Milwaukee Parental Choice Program (NBER Working Paper 5964, 1997 version of the 1998 QJE article)","Income-eligible applicants, random selection at oversubscribed choice schools. Analysis sample is African-American and Hispanic applicants in grades K-8, 1990-1993 (p. 11). Kraft n 2258 is close to the approximately 2,300 applicants with data (p. 18).",fryer-b,0,,,,,,
761,761-roy-2019,targeted_low,student,0,1,"Schools were asked to nominate up to 12 Year 4 and Year 5 pupils, who were underperforming or struggling in literacy. There was no threshold to describe the underperformance.",p. 12 of PDF (printed p. 11),pdf,eef,2026-09-18,high,"Catch Up Literacy: Evaluation report and executive summary (Roy, Rutt, Buchanan, Rennie, Martin, and Walker, 2019, EEF)","Teacher nomination of struggling readers in Years 4 and 5; schools eligible if not already using Catch Up. Kraft n 1006 matches the primary analysis and n 494 the everFSM subgroup (summary table PDF p. 5), so one of the two effects is a subgroup. The wwc-codes.csv row for this study_id is a different study (Barnett et al., SUNY placement) and was ignored. UK Years 4 and 5 are US grades 3 and 4.",eef,0,,,,,,
762,762-roy-2019,targeted_other,school,0,0,"it recruited schools with predominantly, but not exclusively, an above average proportion of pupils eligible for FSM. The eligible schools also needed to have at least one Year 3 class and one Year 5 class. In other words, all primary schools were eligible to take part in the trial as long as they had at least two classes",p. 16 of PDF,pdf,eef,2026-09-18,medium,"Stop and Think: Learning Counterintuitive Concepts. Evaluation Report (Roy, Rutt, Easton, Sims, Bradshaw, and McNamara, 2019, EEF)","All Year 3 and Year 5 pupils in 89 randomised primary schools. Recruitment leaned toward above-average FSM schools but the report states all primary schools with the two year groups were eligible, so coded universal with medium confidence; a reviewer could prefer targeted_other at school level. Kraft n 2702 and ES 0.09 match the maths summary table. The wwc-codes.csv row for this study_id is a different study (Barnett et al.) and was ignored. | adjudication: Rule (Andrew, 2026-09-25): recruitment that focused on, preferentially targeted, or aimed at poor or low-performing districts or schools counts as targeted even without a strict criterion. Poverty or need only is targeted_other. Recruitment leaned toward above-average FSM schools.",eef,1,universal,none,,,,
765,765-rudd-2017,targeted_low,school,0,1,"Fifty-two schools expressed an interest in participating in the study; 24 were selected by the IEE, choosing those that had low prior attainment and high levels of socio-economic deprivation (based on the proportion of pupils receiving free school meals).",p. 10 of PDF,pdf,eef,2026-09-18,high,"MathsFlip: Flipped Learning. Evaluation report and executive summary (Rudd, Villanueva Aguilera, Elliott, and Chambers, 2017, EEF)","Only high-FSM primary schools in Birmingham and the Black Country could express interest, and the evaluator then picked 24 on low prior attainment and deprivation; all Year 5 pupils in the schools took part, so the rule is at school level and includes a performance criterion (tie-breaker 1). Kraft n 1129 matches the KS2 maths analysis and n 426 the FSM subgroup (summary table PDF p. 5), so one of the two effects is a subgroup.",eef,0,,,,,,
775,775-sallis-1999,universal,none,0,0,"Of the 12 public elementary schools that agreed to participate in a randomized study of physical education, 7 were selected for the study. ... Informed consent was obtained from 98% of fourth grade students and their parents.",pp. 2-3,pdf,fryer-b,2026-09-18,high,"Effects of Health-Related Physical Education on Academic Achievement: SPARK (Research Quarterly for Exercise and Sport, 1999)","Whole-school PE program in a relatively affluent suburban district; consent was for measurement, not for program entry, so opt_in 0. Kraft n 759 matches the achievement test sample. Kraft lists three effects for two subjects; the paper analyzes two cohorts separately (test samples 330 and 424).",fryer-b,0,,,,,,
776,776-sanbonmatsu-2006,targeted_other,student,1,0,"Program eligibility requirements included residing in a targeted development, having very low income that met the Section 8 income limits of the public housing authority, having a child under eighteen, and being in good standing with the housing authority.",p. 8,pdf,fryer-b,2026-09-18,high,"Neighborhoods and Academic Achievement: Results from the Moving to Opportunity Experiment (NBER Working Paper 11909, 2006)",Families in public housing in tracts with 40 percent or higher poverty who volunteered for MTO and were assigned by lottery; child sample ages 6 to 20 tested in 2002. Level coded student because the rule is the family's. Kraft n 5074 and three effects for two subjects not checked against tables.,fryer-b,0,,,,,,
778,778-sato-2010,targeted_other,school,0,1,Non-EL students (those with no matching CELDT score) whose unique identifiers were matched with state achievement test scores in ELA were separated into two subgroups: those who were proficient in ELA (scored at or above the state-established proficiency cut score) and those who were not proficient (scored below the cut score).,p. 19,pdf,wwc-b,2026-09-18,medium,Accommodations for English Language Learner Students: The Effect of Linguistic Modification of Math Test Item Sets (NCEE 2009-4079),"Test-accommodation experiment, not an instructional intervention. Full tested sample was all grade 7-8 students in volunteer math classes in 13 California middle schools from districts with 25 percent or more Spanish-speaking ELs (analytic n 4,617: EL 1,214, NEP 1,625, EP 1,778). Kraft's n 2,839 = EL + NEP exactly, so the effect comes from ELs plus non-ELs below the ELA proficiency cut; coded on that subgroup per codebook section 1 and tie-breaker 1, with mixed_samples = 1. | adjudication: Andrew, 2026-09-25: targeted_other. Coded on the recruitment of the study sample (districts with 25 percent or more Spanish-speaking English learners), not on the below-proficiency subgroup in Kraft's row, so level = school.",wwc-b,1,targeted_low,both,,,,
786,786-schenckjr-2011,universal,none,1,0,"Students were considered a PLTW participant if they enrolled in at least one PLTW course in either 9th or 10th grade. For the purposes of this study, nonparticipants are students who did not enroll in a PLTW course in 9th or 10th grade, but were enrolled in a school district that offered the program.",p. 6,pdf,bee-b,2026-09-18,medium,"A Study of the Impact of Project Lead The Way on Achievement Outcomes in Iowa (ASEE 2012, AC 2012-3308)","Twin of row 787: both rows point to the same PDF (peer.asee.org/20867.pdf; the text files are byte-identical), the 2012 ASEE conference version; the 2011 working paper was not retrieved separately. Propensity-matched observational study, not an RCT; 1,321 PLTW participants versus 24,709 nonparticipants in Iowa districts offering PLTW. Participation is self-selected elective enrollment, hence opt_in 1. Outcome is 11th grade ITED growth from 8th grade ITBS, not the grade 6-8 span Kraft lists; Kraft n 1295 is close to the 1,321 participants.",bee-b,0,,,,,,
787,787-rethwisch-2012,universal,none,1,0,"Students were considered a PLTW participant if they enrolled in at least one PLTW course in either 9th or 10th grade. For the purposes of this study, nonparticipants are students who did not enroll in a PLTW course in 9th or 10th grade, but were enrolled in a school district that offered the program.",p. 6,pdf,bee-b,2026-09-18,medium,"A Study of the Impact of Project Lead The Way on Achievement Outcomes in Iowa (ASEE 2012, AC 2012-3308)","Twin of row 786: same PDF and byte-identical text file. Propensity-matched observational study, not an RCT; self-selected PLTW course enrollment, hence opt_in 1. Outcome is 11th grade ITED, not the grade 7-8 span Kraft lists; Kraft n_min 568 and n_max 1269 do not appear in the paper, which reports 1,321 participants.",bee-b,0,,,,,,
788,788-rethwisch-2012,targeted_low,both,0,0,Eligibility for participation in the study included students who scored at least two years below grade level on the Gates-MacGinitie (GMRT) 4th Edition when in the sixth and seventh grades.,executive summary,pdf,wwc-b,2026-09-18,high,"Evaluation Report/Impact Study: Virginia Striving Readers Intervention Initiative (VSRII) (RMC Research, March 2012)","Students also eligible if they failed the SOL English/Reading test. Nine Title I middle schools in three divisions chosen by VDOE for large numbers of striving readers, so level = both. Kraft first author key (rethwisch) differs from the citation's Schenck; the text file is the correct VSRII report. 913 eligible students randomized; Kraft n 269-701 fits outcome subsets.",wwc-b,0,,,,,,
789,789-schenke-2014,targeted_low,school,0,0,Schools were eligible to apply for the study if they were in the bottom third of the achievement distribution for the California state standardized test (p. 218).,WWC sample text,wwc-page,wwc-b,2026-09-18,medium,Alignment of game design features and state mathematics standards: Do results reflect intentions?,"Abstract (hand-supplied) gives only the RCT design and N = 10,860 grade 3-5 students; the school-level low-achievement eligibility rule comes from the WWC 80703 setting text, which cites p. 218 of the article. Schools applied (school-level opt-in), students did not.",wwc-b,0,,,,,,
790,790-schiller-2012,targeted_low,both,0,0,Students in each of the schools had to meet the following criteria to be eligible to participate in this study. They had to score between the 5th to 35th percentiles on the Test of Silent Contextual Reading Fluency (TOSCRF).,p. 14,pdf,bee-b,2026-09-18,high,A Randomized Controlled Trial of the Impact of the Fusion Reading Intervention on Reading Achievement and Motivation for Adolescent Struggling Readers,"Striving Readers grant study in seven Michigan schools (grades 6-10) recruited by the state department of education; the initiative targets Title I-eligible schools (p. 4), so level is both, but the operative rule is the student screener cutoff. Students with severe cognitive disability or limited English were excluded (p. 14). Kraft n_max 837.",bee-b,0,,,,,,
794,794-schoen-2018,universal,none,0,0,all students with consent to participate who were enrolled in a randomized teacher's classroom at the time of post-testing were eligible for inclusion in the analytic sample.,p. 5,pdf,wwc-b,2026-09-18,high,Effects of the First Year of a Three-Year CGI Teacher Professional Development Program on Grades 3-5 Student Achievement: A Multisite Cluster-Randomized Trial (FSU Research Report 2018-25),"Teachers volunteered and were randomized within schools (tie-breaker 6); students were whole classes with parental consent for data. 31 schools in nine Florida districts, no need criterion.",wwc-b,0,,,,,universal,fryer-b
800,800-seeetal-2018,targeted_low,student,0,0,"The results suggest that MC is effective for children struggling with basic maths skills (ES = +0.12 for general maths skills and +0.18 for maths attitude), but there is no evidence that it is particularly effective for children eligible for free school meals.",abstract,abstract,bee-b,2026-09-18,low,Evaluation of the impact of Maths Counts delivered by teaching assistants on primary school pupils attainment in maths,"England, EEF-style efficacy trial; 291 Year 3-6 pupils in 35 primary schools individually randomised within school. The abstract does not state the recruitment rule; the code rests on the results sentence describing the sampled children as struggling with basic maths and on the intensive one-to-one design, so a reviewer may prefer unclear. International setting.",bee-b,0,,,,,,
801,801-see-2018,targeted_low,both,0,0,Pupil participants were those from Years 3 to 6 identified as eligible. Eligibility was assessed using a combination of teacher judgements of which pupils were deemed to be unlikely to meet the Year 2 Programme of Study and the criteria in the Ofsted framework grade indicators for pupil outcomes.,p. 13 of PDF (printed p. 12),pdf,eef,2026-09-18,high,"Maths Counts: Evaluation report and executive summary (See, Morris, Gorard, and Siddiqui, 2018, EEF)","Schools recruited were those with above the national average FSM percentage (school-level rule), and within each school at least eight lowest-attaining pupils were identified and individually randomised (student-level rule), so level is both. Priority also given to Pupil Premium pupils and younger KS2 pupils. Kraft n 291 is close to the 305 pupils recruited across 35 schools. Kraft grade list 2-5,10 looks odd for a Years 3 to 6 sample.",eef,0,,,,,,
802,802-serveminnesota-2017,unclear,unclear,0,0,"Students in the sample were 53 percent White, 24 percent Black/African American, 11 percent Hispanic, 8 percent Asian, and 4 percent other. Twelve percent of students were identified as English language learners, and 45 percent were eligible for free or reduced-price lunch.",WWC sample text,wwc-page,bee-b,2026-09-18,low,"Research brief: Minnesota Math Corps (not retrieved; WWC review of ServeMinnesota 2018, osf.io/7s4bv)","Retrieval failed (dead link, no archive copy). Per needs-manual-retrieval.md the study 662 abstract (Parker et al. 2019, same program) was also read; neither it nor the WWC setting and sample text (20 Minnesota schools, demographics only) states an eligibility rule, so unclear. Kraft n 284, grades 4-6, ES 0.20 per the BEE listing.",bee-b,0,,,,,,
806,806-shanoski-1986,unclear,unclear,0,0,,,,bee-b,2026-09-18,low,,"No source: retrieval status unresolved for Shanoski, 1986; no full text, abstract, or WWC sample text exists, so no eligibility rule can be read.",bee-b,0,,,,,,
815,815-simmons-2014,universal,none,0,0,"The study was conducted in 6 schools, involving 17 teachers and 921 students. Teachers' English language arts classes were randomly assigned to intervention (n = 36) or typical practice comparison (n = 29) conditions, and all teachers taught in both conditions.",abstract,abstract,bee-b,2026-09-18,medium,Integrating Content Knowledge-Building and Student-Regulated Comprehension Practices in Secondary English Language Arts Classes,"Grades 7-10 ELA classes; class-level randomization, no student rule stated. Kraft n 786 versus 921 in the abstract, presumably the analytic sample. The wwc-codes.csv row for 815 is matched to a different paper (Vaughn, Swanson, Roberts, Wanzek, Stillman-Spisak et al.) and its sample fields are empty; it was not used.",bee-b,0,,,,,,
816,816-simon-2011,targeted_low,school,0,0,"The process of random assignment began with CPS generating a list of schools having a high percentage of struggling readers, as measured by their performance on a standardized test. These schools were invited to participate in the program and informed that by agreeing to participate, they also were agreeing to be either a treatment or a control school.",p. 158,pdf,bee-b,2026-09-18,high,"Chicago Public Schools Striving Readers Initiative: Year Four Evaluation Report (Metis Associates, March 2011)","School-level RCT in 31 Title I Chicago schools chosen for a high share of low-scoring readers (tie-breaker 1: performance plus Title I codes targeted_low, level school). The whole-school component served all grade 6-8 students (Table 3a, p. 31), which matches Kraft single ES -0.01 with n 8127; the targeted (Tier 2) and intensive (Tier 3) components have separate impact estimates that Kraft does not appear to use, so mixed_samples 0.",bee-b,0,,,,,,
822,822-sivin-kachala-2012,unclear,unclear,0,0,,,,bee-b,2026-09-18,low,,"No source: retrieval status unresolved for Sivin-Kachala and Bialo, 2012; no full text, abstract, or WWC sample text exists, so no eligibility rule can be read.",bee-b,0,,,,,,
825,825-slavin-1984,targeted_other,school,0,0,"The initial sample included 1,092 students in 44 classrooms in 16 schools. The analysis sample (students with valid pre- and posttest data) included 588 students from those 44 classrooms in 16 schools.",p. 3,pdf,bee-b,2026-09-18,low,"WWC Review of the Report: Mastery Learning and Student Teams: A Factorial Experiment in Urban General Mathematics Classes (WWC Single Study Review, October 2012)","The text file is the WWC single study review, not the 1984 AERJ article, so confidence is low. Sample is ninth-grade general mathematics classes in 16 Philadelphia junior and senior high schools with teachers randomized within school; no student eligibility rule is stated. General mathematics was a lower-track course, so a reviewer might treat course placement as achievement-based selection. Kraft lists grades 6-12; the sample is ninth grade. Kraft n 588 matches the analysis sample. | adjudication: Rule (Andrew, 2026-09-25): lower-track course placement (ninth-grade general mathematics) is targeted_other. Whole classrooms were the selected units, so level = school per the codebook.",bee-b,1,universal,none,,,,
826,826-slavin-1985,unclear,unclear,0,0,Achievement and attitudinal effects of three mathematics instruction methods directed in varying degrees toward accommodating diversity in student performance levels were compared in two randomized field experiments.,abstract,abstract,fryer-b,2026-09-18,low,"Effects of Whole Class, Ability Grouped, and Individualized Instruction on Mathematics Achievement (AERJ 22(3), 1985)","Abstract names no site or sample; whole-class instructional methods imply no student selection but the text does not say. Kraft n 480 (22 classrooms per Fryer's table) not verifiable. wwc-codes citation reads 1984, 12(4), 725-736, which does not match AERJ 22(3) 1985.",fryer-b,0,,,,,,
854,854-springer-2010,universal,none,0,0,"Middle school teachers of mathematics were eligible to participate. A teacher could give instruction in other subjects but needed to teach at least ten students who would take the state's annual mathematics assessment in the spring in order to remain eligible. ... As noted, only volunteers were included in the experiment.",p. 12,pdf,fryer-b,2026-09-18,medium,"POINT/CounterPOINT: The View from the Trenches of Education Policy Research (Ballou, Springer, McCaffrey, Lockwood, Stecher, Hamilton, Pepper; Education Finance and Policy 7(2), 2012)","Text file is the companion article on the POINT experiment, not the Springer et al. 2010 final report Kraft cites, hence medium. Selection was teacher volunteering in Nashville middle schools; no student rule. Kraft grades 5-8 and n 23784 not verifiable here.",fryer-b,0,,,,,,
855,855-springer-2012,universal,none,0,0,The study includes teachers on 78 teams of teachers teaching core subjects to students in grades 6 to 8 in nine middle schools. These are all the teams in the schools.,p. 3,pdf,fryer-b,2026-09-18,medium,"Team Pay for Performance: Experimental Evidence from Round Rock's Project on Incentives in Teaching (SREE 2011 conference abstract; McCaffrey, Pane, Springer, Burns, Haas)","Text is an 8-page SREE conference abstract of the Round Rock team-incentive trial, not the 2012 report, hence medium. All teams in all nine district middle schools; no student rule. Kraft n 17383 not verifiable here.",fryer-b,0,,,,,,
861,861-steele-2017,universal,none,1,0,The study focuses on the seven cohorts of students who applied to a pre-k or kindergarten immersion slot in Portland for the fall terms of 2004 through 2010.,p. 291S,pdf,wwc-b,2026-09-18,high,Effects of Dual-Language Immersion Programs on Student Achievement: Evidence From Lottery Data (AERJ 2017),"Lottery sample of applicants to dual-language immersion; only binding-lottery applicants analyzed (1,625 with outcomes). Kraft's effects span grades 1-8 reading.",wwc-b,0,,,,,,
864,864-stevens-1991,universal,none,0,0,The subjects were 486 third- and fourth-grade students in four elementary schools from an ethnically diverse (see Table 1) school district in a medium-sized city in central Pennsylvania.,p. 9,pdf,wwc-b,2026-09-18,high,"The Effects of Cooperative Learning and Direct Instruction in Reading Comprehension Strategies on Main Idea Identification (CREMS Report No. 44, 1989; published JEP 1991)",Text file is the ERIC report version (ED 328 902) of the 1991 JEP article. 30 volunteer teachers' classes randomized to three conditions; Kraft's n 320 is the CIRC versus control contrast (153 + 167) as in the WWC.,wwc-b,0,,,,,,
866,866-sun-2017,unclear,unclear,0,0,,,,bee-b,2026-09-18,low,,"No source: retrieval status unresolved for Strobel et al., 2017 (Strobel, Resendez, and DuBose 2017, Strobel Consulting); no full text, abstract, or WWC sample text exists, so no eligibility rule can be read. The wwc-codes.csv row for 866 is matched to Mokher, Lee, and Sun (2016), a CNA study of 29 Tennessee high schools, which cannot be Kraft grade 1-2 and 4-5 elementary math study (n 495); that WWC match looks wrong and was not used.",bee-b,0,,,,,,
873,873-suppes-2013,targeted_other,school,0,1,"to test the efficacy, for Title I students, of the technological and individualized EPGY Kindergarten through Grade 5 Mathematics Course Sequence, modified for the Title I schools.",abstract,abstract,bee-b,2026-09-18,medium,Effectiveness of an Individualized Computer-Driven Online Math K-5 Course in Eight California Title I Elementary Schools,"Eight California Title I elementary schools, selection on Title I status at the school level with no student achievement rule. The abstract says the reported gains restrict attention to students in the top half of the distribution of correct first-exercise attempts (an engagement measure) compared with matched controls, so Kraft ES may come from that subgroup; mixed_samples 1. Kraft n 1484, grades 2-5.",bee-b,0,,,,,,
874,874-suppes-2013,targeted_other,school,0,1,"Stanford University's Education Program for Gifted Youth (EPGY) conducted a randomized-treatment experiment during the 2006-2007 school year to test the efficacy, for Title I students, of the technological and individualized EPGY Kindergarten through Grade 5 Mathematics Course Sequence, modified for the Title I schools.",abstract,abstract,wwc-b,2026-09-18,medium,Effectiveness of an Individualized Computer-Driven Online Math K-5 Course in Eight California Title I Elementary Schools,"Eight Title I schools (WWC confirms all schools were Title I); no student rule stated. Abstract says the reported gains restrict attention to students in the top half of first-exercise engagement, compared with matched controls, so Kraft's effects may come from that analytic subset; mixed_samples = 1 flagged for review.",wwc-b,0,,,,,targeted_other,fryer-a
876,876-sutherland-2019,universal,none,0,0,RAND Europe found in a UK randomised controlled trial that classes of 8 and 9 year-old primary school children randomly allocated to receive a technology-based education intervention using Microsoft's Immersive Reader performed as well as business-as-usual classes.,abstract,abstract,eef,2026-09-18,medium,"Evaluation of a Technology-based Intervention for Reading in UK Classroom Settings (Sutherland et al., 2019, RAND Europe RR-4208)","Abstract only (69 words). Whole classes of 8 and 9 year olds (UK Years 4 and 5) randomised; no student rule stated, but the abstract is thin, so a reviewer could prefer unclear. Kraft n 635-2133 with two effects could not be checked; the smaller n may be an FSM subgroup. The wwc-codes.csv row for this study_id is a different study (Sutherland, Conroy et al. 2018, early childhood) and was ignored.",eef,0,,,,,,
879,879-swanlund-2012,targeted_low,both,0,0,The student scores Minimal or Basic on the Wisconsin Knowledge and Concepts Examination (WKCE) during fall 2009.,p. 6,pdf,wwc-b,2026-09-18,high,"Striving Readers: Impact Study and Project Evaluation Report, Wisconsin Department of Public Instruction (with Milwaukee Public Schools) (AIR, January 2012)","READ 180 in five Title I Milwaukee schools, grades 6-10; students eligible for random assignment only if below proficient on the WKCE, the ThinkLink benchmark, or teacher rating; ELLs below LAU 3.0 (later 4.0) and some SWD excluded. Kraft n 617-619 matches the WWC full sample.",wwc-b,0,,,,,,
888,888-thurston-2016,targeted_other,school,0,0,"To be assigned to condition, schools had to meet the following inclusion criteria: had at least 20 Year 2 students in single form entry class and 20 Year 5 students in single form entry class; ... met criteria acceptable to the EEF, in that the majority of schools in the sample would be from a disadvantaged area",p. 17 of PDF,pdf,eef,2026-09-18,medium,"Talk of the Town: Evaluation report and executive summary (Thurston, 2016, EEF)","64 single-form-entry primary schools randomised; all Year 2 and Year 5 pupils. The disadvantage criterion was applied to the sample as a whole (above the national FSM mean) rather than to each school, so confidence is medium; the achieved sample was about 63 percent FSM. Kraft n 2696 matches the NGRT main analysis and n 292 is the ACE secondary outcome on the full sample (not a subgroup), so mixed_samples 0. The wwc-codes.csv row for this study_id is Miller et al. 2016 (Texting Parents), not this study. UK Years 2 and 5 are US grades 1 and 4. | adjudication: Rule (Andrew, 2026-09-25): recruitment that focused on, preferentially targeted, or aimed at poor or low-performing districts or schools counts as targeted even without a strict criterion. Poverty or need only is targeted_other. Confirms coder's value.",eef,1,targeted_other,school,,,,
896,896-torgerson-2018,targeted_low,school,0,0,All Year 5 and Year 6 pupils in the 2015/2016 academic year at participating primary schools were eligible for inclusion in the study. Pupils were identified from the school roll in the 2014/2015 academic year (when they were in Years 4 and 5).,p. 14 of PDF (printed p. 12),pdf,eef,2026-09-18,medium,"Calderdale Excellence Partnership: IPEELL. Evaluation report and executive summary (Torgerson et al., 2018, EEF)","Twin of 899 (same report; Kraft split the two trials). This row is Trial 1, IPEELL for one year in Year 6, n 2196 with ES 0.11 matching the summary table; Kraft's second ES of -0.30 is not in the summary table and may be a secondary outcome. Whole year groups in 84 randomised schools in Leeds and Lincolnshire. Recruitment preferentially targeted schools with high FSM and high proportions below age-expected KS2 levels, but the only exclusion was Ofsted category four, so coded universal with medium confidence; a reviewer could prefer a school-level targeted code. Identical code to 899. | adjudication: Rule (Andrew, 2026-09-25): recruitment that focused on, preferentially targeted, or aimed at poor or low-performing districts or schools counts as targeted even without a strict criterion. Low achievement plus poverty is targeted_low (tie-breaker 1). IPEELL: recruitment preferentially targeted high-FSM, low-KS2 schools; twins take one code.",eef,1,universal,none,,,,
898,898-torgerson-2018,targeted_low,school,0,0,The recruitment strategy preferentially targeted schools with high proportions of FSM pupils and high proportions of children achieving below age-expected levels at KS2.,"PDF p. 14, Methods, Participant selection, Recruitment (printed p. 11)",pdf,bee-b,2026-09-18,medium,"Calderdale Excellence Partnership: IPEELL. Evaluation report and executive summary (Education Endowment Foundation, November 2018)","recoded after re-retrieval 2026-09-18: first page names Torgerson, Ainsworth, Bell, Elliott, Fountain, Gascoine, Hewitt, Kasim, Kokotsaki, and Torgerson (EEF, November 2018), the IPEELL effectiveness trial whose summary table gives Kraft's n 2,465 (one-year trial) and 2,196 (two-year trial). Eighty-four primary schools in Leeds and Lincolnshire were randomized 1:1; all Year 5 and Year 6 pupils in participating schools were eligible with parental opt-out (PDF p. 15), and there were no teacher criteria. Coded targeted_low at the school level by tie-breaker 1 because recruitment targeted schools on both low KS2 achievement and FSM share (recruited schools had 33.4 percent FSM against 14.5 nationally). Confidence medium because the only hard school criterion excluded Ofsted category four schools and the need-based targeting was a recruitment preference, so a reviewer could read the sample as universal. | adjudication: Rule (Andrew, 2026-09-25): recruitment that focused on, preferentially targeted, or aimed at poor or low-performing districts or schools counts as targeted even without a strict criterion. Low achievement plus poverty is targeted_low (tie-breaker 1). IPEELL: recruitment preferentially targeted high-FSM, low-KS2 schools; twins take one code.",bee-b,1,targeted_low,school,,,universal,fryer-b
899,899-torgerson-2018,targeted_low,school,0,1,All Year 5 and Year 6 pupils in the 2015/2016 academic year at participating primary schools were eligible for inclusion in the study. Pupils were identified from the school roll in the 2014/2015 academic year (when they were in Years 4 and 5).,p. 14 of PDF (printed p. 12),pdf,eef,2026-09-18,medium,"Calderdale Excellence Partnership: IPEELL. Evaluation report and executive summary (Torgerson et al., 2018, EEF)","Twin of 896 (same report; Kraft split the two trials). This row is Trial 2, IPEELL for two years from Year 5, n 2465 with ES -0.09 and the everFSM subgroup n 811 with ES 0.14, both matching the summary table, so at least one of the four effects is a subgroup. Whole year groups in randomised schools; recruitment preferentially targeted high-FSM and low-KS2 schools but the only exclusion was Ofsted category four, so coded universal with medium confidence. Identical code to 896. Text file is byte-identical to 896's. | adjudication: Rule (Andrew, 2026-09-25): recruitment that focused on, preferentially targeted, or aimed at poor or low-performing districts or schools counts as targeted even without a strict criterion. Low achievement plus poverty is targeted_low (tie-breaker 1). IPEELL: recruitment preferentially targeted high-FSM, low-KS2 schools; twins take one code.",eef,1,universal,none,,,targeted_low,bee-b
922,922-turner-1985,unclear,unclear,0,0,"Turner (1985) (Milliken Math Sequencing) Randomized quasi-experiment 15 weeks 275 students 3-4 School in suburb of Phoenix, Arizona The CAI and control groups did not differ with respect to CTBS pretest scores CTBS +0.37","p. 82, Slavin and Lake (2007) CAI table (PDF p. 82)",pdf,other,2026-09-18,low,"Effective Programs in Elementary Mathematics: A Best-Evidence Synthesis (Slavin and Lake, 2007), table entry for Turner (1985)","text/922-turner-1985.txt is Slavin and Lake's 2007 BEE synthesis, not Turner's unpublished Arizona State dissertation, which has no online copy. The synthesis table gives design, n, grades, and setting but states no eligibility rule, so the code is unclear. Kraft's n = 275 and grades 3-4 match the table row; Kraft's three effects (0.40, 0.28, 0.37) are not all in the table, which lists only +0.37.",other,0,,,,,,
923,923-tuttle-2013,universal,none,1,0,each of 13 KIPP schools used a lottery to randomly assign students either to receive an offer to attend the KIPP school or to not receive an offer.,WWC sample text,wwc-page,fryer-b,2026-09-18,low,"KIPP Middle Schools: Impacts on Achievement and Other Outcomes, Final Report (Mathematica, 2013), as summarized by the WWC","abstracts/923-tuttle-2013.txt is the Education Finance and Policy article (DOI 10.1162/edfp_a_00119) reporting the propensity-score analysis of 41 schools, not the lottery experiment Kraft's effects come from, so it was not used. WWC lottery sample: 725 students on state tests and 1,016 on TerraNova, the latter close to Kraft's n 1000; entry grades 5 and 6.",fryer-b,0,,,,,,
924,924-tuttle-2015,universal,none,1,0,"First, we implement the lottery-based design described above in sufficiently oversubscribed KIPP middle schools. ... Students winning admission to the KIPP school through the lottery form the study's treatment group; those with a poor lottery draw who are not offered admission form the control group.",p. 10 and p. 13 (PDF p. 33 and 35),pdf,other,2026-09-18,high,"Understanding the Effect of KIPP as It Scales: Volume I, Impacts on Achievement and Other Outcomes. Final Report of KIPP's Investing in Innovation Grant Evaluation","Kraft's n = 608 matches the lottery-based middle school sample (15 schools, 608 students, state tests), so the coded sample is consenting lottery applicants to oversubscribed KIPP middle schools: opt_in = 1, no eligibility rule beyond applying. The report also has a matched-student design (37 schools, 36,798 students) and elementary and high school samples, none of which match Kraft's n.",other,0,,,,,,
926,926-tuttle-2015,universal,none,1,0,"The analytic sample in KIPP middle schools in the lottery-based design includes 891 students, comprising a treatment group of 459 students offered admission and a control group of 432 students not offered admission.",p. 14,pdf,wwc-b,2026-09-18,high,"Understanding the Effect of KIPP as it Scales: Volume I, Impacts on Achievement and Other Outcomes (Mathematica, September 2015)","Kraft's grades 6-8 row with n 555-608 is the middle school lottery sample (the executive summary reports 15 schools, 608 students for the lottery-based state-test impacts), not the matched-student QED. Applicants to oversubscribed KIPP middle schools; lottery sample, so opt_in = 1.",wwc-b,0,,,,,,
938,938-vadasy-2015,universal,none,0,0,"A total of 1,232 fourth- and fifth-grade students from 61 classrooms in 24 schools completed the study.",abstract,abstract,wwc-b,2026-09-18,medium,Efficacy of Rich Vocabulary Instruction in Fourth- and Fifth-Grade Classrooms,"Teachers randomized; whole classrooms; no student rule stated in the abstract. The wwc-codes row (WWC 90039) is a different Vadasy, Sanders and Nelson 2015 kindergarten English learner study and was ignored; the WWC match for 938 is wrong.",wwc-b,0,,,,,,
942,942-sullivan-2015,universal,none,0,0,The study was conducted in a sample of 48 elementary schools (kindergarten through 5th grade) in 7 districts across the country across a two year time frame. ... Districts were recruited over a 3 year timeframe. Schools were randomly assigned to treatment (N=24) and comparison (N=24).,pp. 3-4,pdf,bee-b,2026-09-18,medium,Findings from a Multi-Year Scale-Up Effectiveness Trial of Everyday Mathematics (SREE Spring 2015 conference abstract),"Four-page SREE conference paper, hence medium. School-level RCT of the Everyday Mathematics core curriculum; approximately 4,500 students per year in grade cohorts K and 3, then 1 and 4; no district, school, or student selection criterion stated. The wwc-codes.csv row for 942 describes a different Vaden-Kiernan study (10 Louisiana Title I middle schools) and was not used; that WWC match looks wrong.",bee-b,0,,,,,,
945,945-vandusen-1994,unclear,unclear,0,0,"However, in a large national study partially reported in this chapter, it was shown that there may be another explanation for such findings, namely that in most schools ILSs are not being implemented effectively.",abstract,abstract,bee-b,2026-09-18,low,The impact of integrated learning system implementation on student outcomes: Implications for research and evaluation,"Hand-supplied publisher abstract; it describes no sample, sites, grades, or eligibility rule. Kraft n 4612, grades K-6, math.",bee-b,0,,,,,,
947,947-vaughan-2006,unclear,unclear,0,0,,,,eef,2026-09-18,low,,"No source exists: retrieval status unresolved. Identified in Stage 2 as Vaughan, Serido, and Wilhelm (2006), The effects of My Reading Coach on reading achievement of elementary education students, Arizona Board of Regents, an unpublished report with no hosted copy. Kraft n 284 and grades 2-4 unchecked. Twin of 1069 (same study, first author spelled vaughn), identical code.",eef,0,,,,,,
948,948-vaughan-2006,unclear,unclear,0,0,,,,bee-b,2026-09-18,low,,"No source: retrieval status unresolved for Vaughan, Serido, and Wilhelm, 2006; no full text, abstract, or WWC sample text exists, so no eligibility rule can be read.",bee-b,0,,,,,,
949,949-vaughn-2011,universal,none,0,0,"the effects of collaborative strategic reading and metacognitive strategic learning on the reading comprehension of students in seventh- and eighth-grade English/language arts classes in two sites (Texas, Colorado) and in three school districts. Students were randomly assigned to classes and then classes were randomly assigned to treatment or business-as-usual comparison groups.",abstract,abstract,eef,2026-09-18,medium,"Efficacy of Collaborative Strategic Reading With Middle School Students (Vaughn et al., 2011, American Educational Research Journal)","Abstract only. Intact grade 7 and 8 English/language arts classes in three districts, 61 classes randomised; no achievement or demographic rule stated. Kraft n 782 could not be checked against the abstract. Confidence capped at medium by the abstract-only rule.",eef,0,,,,,,
952,952-vaughn-2019,targeted_low,student,0,0,"Eligible participants met the following two criteria: (a) a school designation of LEP or an LEP designation in the previous 5 years and (b) a score of 1,612 or below on the eighth-grade reading portion of the State of Texas Assessments of Academic Readiness (STAAR).",p. 12,pdf,bee-b,2026-09-18,medium,Efficacy of a High School Extensive Reading Intervention for English Learners With Reading Difficulties (Journal of Educational Psychology),"English learner status plus a reading score cutoff codes targeted_low by tie-breaker 1. The document matches all six study-list surnames (Vaughn, Martinez, Williams, Miciak, Fall, Roberts), but it is a 9th and 10th grade RCT with 358 participants in three urban Texas high schools, while Kraft lists grades 4-5 and n 252 (252 does not appear in the text); confidence lowered to medium for that mismatch.",bee-b,0,,,,,targeted_low,eef
953,953-vaughn-2011,universal,none,0,0,"students in seventh- and eighth-grade English/language arts classes in two sites (Texas, Colorado) and in three school districts. Students were randomly assigned to classes and then classes were randomly assigned to treatment or business-as-usual comparison groups.",abstract,abstract,bee-b,2026-09-18,medium,Efficacy of Collaborative Strategic Reading With Middle School Students,"Collaborative Strategic Reading in regular grade 7-8 ELA classes, 61 classes randomized; no student rule stated. Kraft n 782.",bee-b,0,,,,,,
954,954-vaughn-2013,universal,none,0,1,"Teachers taught multiple sections of ELA or reading; sections were randomly assigned to a treatment or comparison condition, and any extra classes were assigned to the treatment condition. There were 26 CSR and 22 comparison classes.",abstract,abstract,other,2026-09-18,medium,"Collaborative Strategic Reading: Findings From Experienced Implementers (Journal of Research on Educational Effectiveness, 2013)","recoded after re-retrieval 2026-09-18: the abstract (ERIC EJ998840, DOI 10.1080/19345747.2012.741661) is Vaughn, Roberts, Klingner, Swanson, Boardman, Stillman-Spisak, Mohammed, and Leroux 2013, the CSR experienced-implementer trial that carries Kraft's n_max 472 and three of the four effects. Whole English/Language Arts or Reading class sections of 12 teachers in Texas and Colorado middle schools were randomized; no student-level rule is stated. The Reading sections might be remedial classes, but the abstract does not say so, hence medium. mixed_samples 1 because Kraft's study 954 also folds in one Fryer row (n 419, grade 8, GMRT 0.195) from a different trial, Vaughn, Swanson, Roberts, Wanzek, Stillman-Spisak, Solis, and Simmons 2013, Reading Research Quarterly 48(1). Neither article has an open full text.",other,0,,,,,,
956,956-vaughn-2017,targeted_other,school,0,0,"To be selected, schools (and their districts) had to serve high numbers of ELs [...] In the selected schools, all eighth-grade social studies teachers participated, and their class sections were randomly assigned to the treatment or comparison condition.","PDF p. 4, Research Design",pdf,wwc-b,2026-09-18,high,"Improving Content Knowledge and Comprehension for English Language Learners: Findings From a Randomized Control Trial (Journal of Educational Psychology, 2017, 109(1), 22-34; ERIC ED652174 author manuscript)","recoded after re-retrieval 2026-09-18: first page (after a one-line ERIC resubmission note) is the JEP 2017 article naming Vaughn, Martinez, Wanzek, Roberts, Swanson, and Fall, the study Kraft's WWC row cites. Seven middle schools in three districts were recruited because they served high numbers of English learners, every class had to contain at least one EL, and all eighth-grade U.S. history sections were randomized within teacher; 1,629 students, 26.7 percent current or recent ELs, with no student-level rule, so level is school. ES 0.40 is the content knowledge (ASK) effect for the full sample. Kraft's n 1,236 does not appear in the text (1,629 assigned, 224 lost to attrition), probably the WWC analytic sample; the sample is the same, so mixed_samples 0. The quote omits an em dash in the source between its two clauses.",wwc-b,0,,,,,targeted_other,fryer-a
958,958-vaughn-2019,targeted_low,student,0,0,we compare the fourth- and fifth-grade reading outcomes of students with severe reading difficulties who were provided a researcher-developed treatment with reading outcomes of students in a business-as-usual (BAU) comparison condition.,abstract,abstract,wwc-b,2026-09-18,medium,Efficacy of a Word- and Text-Based Intervention for Students With Significant Reading Difficulties,280 students with significant reading problems randomized within school; WWC 89466 confirms the sample was students with severe reading difficulties. Kraft n 252 matches the WWC analytic sample.,wwc-b,0,,,,,,
959,959-vaughn-2016,targeted_low,student,0,0,"To identify the participants, 1,695 fourth-grade students were screened using the Gates-MacGinitie Reading Test, and those whose standard scores were 85 or lower were included in the study (N = 483).",abstract,abstract,wwc-b,2026-09-18,medium,Effects From a Randomized Control Trial Comparing Researcher and School-Implemented Treatments With Fourth Graders With Significant Reading Difficulties,"Screener cutoff at standard score 85. Comparison is researcher-provided versus school-provided intervention, so Kraft's -0.10 is a treatment-versus-treatment contrast. Kraft n 421 matches a WWC analytic sample.",wwc-b,0,,,,,,
960,960-vaughn-2013,universal,none,0,0,"First, eighth-grade students were randomly assigned to 27 social studies classes taught by five teachers. Then, each teacher's classes were randomly assigned to either the intervention or comparison condition",p. 1,pdf,wwc-b,2026-09-18,high,WWC Single Study Review of Improving Reading Comprehension and Social Studies Knowledge in Middle School (August 2013),"text/960 is the WWC single study review PDF, not the Reading Research Quarterly article; it quotes the design directly. Two middle schools in one Texas district; all grade 8 social studies classes of five teachers. Kraft n 322-339 matches the WWC.",wwc-b,0,,,,,,
961,961-vaughn-2010,targeted_low,student,0,0,"contrasting large-group, small-group, and school-provided interventions emphasizing word study, vocabulary development, fluency, and comprehension with seventh- and eighth-graders with reading difficulties.",abstract,abstract,wwc-b,2026-09-18,medium,The relative effects of group size on reading progress of older students with reading difficulties,Sample defined as grade 7-8 students with reading difficulties (n 420-421 in Kraft). The wwc-codes row (WWC 82318) is a different Vaughn et al. 2010 grade 6 study (n 282-326) and was ignored; the WWC match for 961 is wrong. Contrasts are between intervention group sizes and school-provided intervention.,wwc-b,0,,,,,,
970,970-wang-2011,universal,none,0,0,"This study includes a total of 1,255 students from kindergarten through fifth grade in the three schools. ... The DreamBox experiment included 583 students in kindergarten and first grade, while the Reasoning Mind experiment included 672 students in grades 2 through 5.",p. 3,pdf,bee-b,2026-09-18,high,A Randomized Controlled Trial of Two Online Mathematics Curricula (SREE Fall 2011 conference paper),"Kraft 2011b row is the Reasoning Mind arm, grades 2-5, 672 randomized (Kraft n 651 is the analytic count per the BEE listing). Three Rocketship charter schools in San Jose enrolling more than 1,300 students, 1,255 in the study; individual randomization within school and grade at 4 to 1. About 85 percent English learners and 90 percent free or reduced-price meals but nothing selected on those traits. Codebook worked example (universal). Some low-achieving students in RtI received extra online time regardless of assignment (p. 5).",bee-b,0,,,,,,
974,974-wanzek-2017,targeted_low,student,0,0,"Four hundred fifty-one fourth-grade students who scored at or below the 30th percentile on the reading comprehension subtest of the Gates-MacGinitie Reading Tests (GMRT; MacGinitie, MacGinitie, Maria, Dreyer, & Hughes, 2006) were selected for the study.","PDF p. 10, Method, Participants",pdf,bee-b,2026-09-18,high,"Effects of a Year Long Supplemental Reading Intervention for Students with Reading Difficulties in Fourth Grade (Journal of Educational Psychology, 2017; ERIC ED581509 author manuscript)","recoded after re-retrieval 2026-09-18: first page names Wanzek, Petscher, Al Otaiba, Rivas, Jones, Kent, Schatschneider, and Mehta, the JEP 2017 article Kraft's BEE row cites. Research staff screened all consented fourth graders in 16 schools across six districts in three states with the GMRT comprehension subtest, and students at or below the 30th percentile were randomized within school (226 Passport, 225 comparison); consent was for the screening, not an application to a program, so opt_in 0. Kraft's n 451 matches. Eighty-five percent low income, 46 percent Hispanic, 15 percent with a disability, but selection was on the score.",bee-b,0,,,,,,
985,985-mitchem-2001,targeted_other,student,1,0,All students from low-income families entering a grade between kindergarten and twelfth grade were eligible. PACE offered scholarships to 515 students who were in public schools at the time and 250 students who were already enrolled in private schools.,abstract,abstract,fryer-b,2026-09-18,medium,"School Choice in Dayton, Ohio after Two Years: An Evaluation of the Parents Advancing Choice in Education Scholarship Program (2001)","Income-eligible applicants, scholarships by lottery. Kraft n 515 matches the public-school scholarship count. Study-list key 985-mitchem-2001 and author fields (mitchem young west) do not match the citation West et al. 2001; flag for the study list.",fryer-b,0,,,,,,
986,986-west-2016,universal,none,0,0,"All schools that expressed interest in participating in the study were determined to be at least minimally ready to implement ANet; none were screened out. ... Within each school in the samples described above, all students in Grades 3 through 8 with either a nonmissing math or reading test score are included in the Year 2 analyses.",p. 10 and p. 17 (PDF p. 27 and 34),pdf,other,2026-09-18,high,Achievement Network's Investing in Innovation Expansion: Impacts on Educator Practice and Student Achievement,"Schools in five districts volunteered in exchange for subsidized ANet services; a readiness screener excluded no one; all grade 3 to 8 students. The report notes the recruited schools served high shares of low-income students but states no such criterion. Kraft's n 13,233 (grades 3-5) and 21,335 (all) match the report. The wwc-codes.csv row for 986 is matched to Snipes et al. (2015), a summer math study, which is the wrong WWC review.",other,0,,,,,,
992,992-wigelsworth-2018,universal,none,0,0,"Eligibility criteria for participation required schools to be state-funded primary schools (e.g. community, foundation or academy) who have not previously implemented FRIENDS.","PDF p. 17, Methods, Participant selection (printed p. 16)",pdf,eef,2026-09-18,high,"FRIENDS for Life: Evaluation report and executive summary (Education Endowment Foundation, 2018; University of Manchester repository copy)","recoded after re-retrieval 2026-09-18: first page (the Manchester Research Explorer cover sheet) names Wigelsworth, Squires, Birchinall, Kalambouka, Lendrum, Black, Troncoso, Santos, Ashworth, and Britteon (EEF 2018), matching Kraft's ten surnames; the earlier pass had coded the EEF Good Behaviour Game report by mistake. Kent state-funded primary schools that had not used FRIENDS were recruited; 122 Year 5 classes in 79 schools were randomized within school, FRIENDS was delivered universally to whole classes, and parents could opt out. Most schools were below the national FSM average; no need-based rule. Kraft's n 1,534 matches the KS2 analysis sample in the report tables, and the rows are KS2 maths and reading (ES 0.00 and -0.01).",eef,0,,,,,universal,wwc-a
994,994-wiggins-2019,universal,none,0,0,The size of the recruitment pool was determined by the capacity of the intervention team to deliver the intervention to a maximum of 20 schools. The eligibility criteria included any state secondary schools.,p. 17 of PDF,pdf,eef,2026-09-18,high,"The RISE Project: Evidence-informed school improvement. Evaluation Report (Wiggins, Jerrim, Tripney, Khatwa, and Gough, 2019, EEF)","40 secondary schools in Yorkshire and the Humber recruited by convenience and randomised; whole-school intervention with GCSE English and maths outcomes for full cohorts. Kraft n 6814 (maths) and 6639 (English) match the summary table. Outcomes are GCSEs taken in Year 11 (US grade 10), so Kraft's grade 8-9 listing looks off.",eef,0,,,,,,
995,995-wiggins-2017,unclear,unclear,0,0,"This paper attempts to overcome these limitations by presenting evidence from a randomized controlled trial (RCT) involving more than 4,000 children in England.",abstract,abstract,eef,2026-09-18,low,"Does Teaching Children How to Play Cognitively Demanding Games Improve Their Educational Attainment? (Jerrim et al., 2018, Journal of Human Resources)","Resolution looks wrong: Kraft's row (Wiggins, Sawtell, Jerrim, 2017; seven maths and reading effects; n 1671-3127; grades 4-5) does not fit the chess trial abstract that was auto-accepted (one trial, more than 4,000 children, three subjects), and the abstract itself states no eligibility rule. Coded unclear from the abstract; recommend re-resolving to the 2017 EEF report by Wiggins, Sawtell, and Jerrim before merging.",eef,0,,,,,,
997,997-wijekumar-2012,universal,none,0,0,"The study included fourth- and fifth-grade classrooms from 45 rural and suburban elementary schools, 12 school districts, and two states in the United States.",WWC sample text,wwc-page,fryer-b,2026-09-18,low,Large-scale randomized controlled trial with 4th graders using intelligent tutoring of the structure strategy (ETR&D 2012),"recoded after re-retrieval 2026-09-18: the article is paywalled and no abstract was returned, so the code rests on the WWC study page per codebook section 5 step 3: whole fourth- and fifth-grade classrooms in 45 schools with no stated eligibility rule; twin rows 997 and 1000 coded identically.",fryer-b,0,,,,,,
999,999-wijekumar-2009,universal,none,0,0,Prequalification screening was based on the following factors: Number of classrooms available. Schools had to have a minimum of two grade 4 classrooms so that each school could have at least one intervention classroom and one control classroom. ... Adequate technology. Schools had to have available at least one computer per student.,p. 21,pdf,bee-b,2026-09-18,high,A Multisite Cluster Randomized Trial of the Effects of CompassLearning Odyssey Math on the Math Achievement of Selected Grade 4 Students in the Mid-Atlantic Region (NCEE 2009-4068),"REL Mid-Atlantic trial: grade 4 teachers randomized within 32 volunteer schools in Pennsylvania, New Jersey, and Delaware; school eligibility was classroom count, technology, and not already using Odyssey Math, with no need or performance criterion, and all students of participating teachers were in the sample. The word selected in the title refers to the study sample, not to a performance cutoff. Kraft n 2456 matches.",bee-b,0,,,,,,
1000,1000-wijekumar-2012,universal,none,0,0,"The study included fourth- and fifth-grade classrooms from 45 rural and suburban elementary schools, 12 school districts, and two states in the United States.",WWC sample text,wwc-page,wwc-b,2026-09-18,low,Large-scale randomized controlled trial with 4th graders using intelligent tutoring of the structure strategy (ETR&D 2012),"recoded after re-retrieval 2026-09-18: the article is paywalled and no abstract was returned, so the code rests on the WWC study page per codebook section 5 step 3: whole fourth- and fifth-grade classrooms in 45 schools with no stated eligibility rule; twin rows 997 and 1000 coded identically.",wwc-b,0,,,,,,
1010,1010-wolf-2010,targeted_other,student,1,0,"Because the program was oversubscribed in its early years of operation, and vouchers were awarded by lottery, we were able to use the gold standard evaluation method of a randomized experiment",abstract,abstract,fryer-b,2026-09-18,low,"School Vouchers and Student Outcomes: Experimental Evidence from Washington, DC (JPAM, 2013)","Abstract is the 2013 journal article, not the 2010 final report Kraft cites. It states the lottery among applicants but not the applicant eligibility rule; if OSP eligibility was income-based, as the report would state, the code is targeted_other with level student. opt_in 1 because families applied. Kraft n 2300, grades K-12, not verifiable. | adjudication: Rule (Andrew, 2026-09-25): lottery applicants to a program that serves a needy area or population are targeted_other. DC Opportunity Scholarship Program; eligibility runs through family income.",fryer-b,1,unclear,unclear,,,,
1017,1017-woodworth-2017,targeted_other,school,0,0,The four Writing Project sites in turn recruited districts in their service areas with high proportions of English learners in grades 7–12 and a desire to implement the Pathway Project.,"PDF p. 10, Writing Project site and district samples (printed p. 6)",pdf,wwc-b,2026-09-18,high,"UC Irvine Writing Project’s Pathway to Academic Success Program: An Investing in Innovation (i3) Validation Grant Evaluation. Technical Report (SRI International, 2017)","recoded after re-retrieval 2026-09-18: first page names Woodworth, Arshan, and Gallagher (SRI International, 2017), the Pathway i3 validation report Kraft cites. Seven Southern California districts were recruited for high proportions of English learners; within them 230 ELA and ELD teachers in grades 7 to 12 were randomized, focal classes excluded self-contained special education and introductory ELD sections, and the student sample was defined by enrollment in the randomized class with no student-level rule, so level is school. Kraft's n 486 with ES 0.03 is the Year 2 continuing student sample (486 students, 130 teachers, holistic AWC ES 0.03 in the results exhibit), a randomly assigned sample with two years of exposure, so mixed_samples 0.",wwc-b,0,,,,,,
1028,1028-young-2017,universal,none,0,0,Participating schools with beginning teachers were randomly assigned to the treatment or control condition during the summer before implementation.,p. 3,pdf,wwc-b,2026-09-18,high,"Impact of the New Teacher Center's New Teacher Induction Model on Teachers and Students (SRI Education findings brief, June 2017)","School-level RCTs in Broward and Chicago; students are those of first- and second-year teachers in grades 4-8. Sample is defined by teacher novice status, not by student need. Kraft n 4,972-6,147 matches the WWC full sample of 6,147.",wwc-b,0,,,,,,
1029,1029-ysseldkye-2006,universal,none,0,0,"Classrooms were randomly assigned to within-school experimental and control groups. Participating students were pre- and post-tested using two standardized, nationally normed tests of math achievement.",abstract,abstract,bee-b,2026-09-18,low,Effect of Technology-Enhanced Continuous Progress Monitoring on Math Achievement,"Classroom-level randomization within schools implies whole classrooms took part, but the abstract gives no information on sites, grades, or how schools or students were chosen, so confidence is low and a reviewer may prefer unclear. Kraft n 1000, grades 6-8, math.",bee-b,0,,,,,,
1030,1030-ysseldyke-2007,unclear,unclear,0,0,"Classrooms were randomly assigned to within-school experimental and control groups. Participating students were pre- and post-tested using two standardized, nationally normed tests of math achievement.",abstract,abstract,other,2026-09-18,low,Effect of Technology-Enhanced Continuous Progress Monitoring on Math Achievement,"Abstract only (School Psychology Review, paywalled); no eligibility rule stated. The wwc-codes.csv row for 1030 is the WWC review of Ysseldyke and Tardrew (2007), a related Accelerated Math paper; its sample text (47 schools in 24 states, grades 3-6, 17 percent FRL) gives demographics only, so it does not settle the code either. Kraft's n 823 to 1,880 could not be checked.",other,0,,,,,,
1040,1040-campuzano-2009,targeted_low,school,0,0,"It focused on school districts that had low student achievement and large proportions of students in poverty, but these were general guidelines rather than strict eligibility criteria.",p. 27 of PDF (printed p. 4),pdf,eef,2026-09-18,medium,"Effectiveness of Reading and Mathematics Software Products: Findings From Two Student Cohorts (Campuzano et al., 2009, NCEE 2009-4041)","Second-cohort grade 4 reading, Academy of Reading product, n 899 matches the report appendix table. Same recruitment design as 253 and 1044: districts and schools recruited on high poverty and Title I with low achievement as a guideline; teachers volunteered and were randomized within schools with all their students included. Not an EEF report despite the source tag. | adjudication: Rule (Andrew, 2026-09-25): recruitment that focused on, preferentially targeted, or aimed at poor or low-performing districts or schools counts as targeted even without a strict criterion. Low achievement plus poverty is targeted_low (tie-breaker 1). ED software trial: all eight rows take one code.",eef,1,targeted_other,school,,,,
1044,1044-dynarski-2008,targeted_low,school,0,0,"It focused on school districts that had low student achievement and large proportions of students in poverty, but these were general guidelines rather than strict eligibility criteria.",p. 27 of PDF (printed p. 4),pdf,eef,2026-09-18,medium,"Effectiveness of Reading and Mathematics Software Products: Findings From Two Student Cohorts (Campuzano et al., 2009, NCEE 2009-4041)","Twin of 253: same trial (grade 4 reading, n 2265, ES 0.02), identical code. Retrieved text is the 2009 two-cohort report (ED504657), not a 2007 or 2008 first-cohort report, but the recruitment design is the same and the 2007 report states the formal criteria as geographic diversity, high poverty rates, and volunteering teachers (253, PDF p. 32). Low achievement was a guideline not a criterion, so coded on poverty. Kraft citation year 2008 matches neither report. | adjudication: Rule (Andrew, 2026-09-25): recruitment that focused on, preferentially targeted, or aimed at poor or low-performing districts or schools counts as targeted even without a strict criterion. Low achievement plus poverty is targeted_low (tie-breaker 1). ED software trial: all eight rows take one code.",eef,1,targeted_other,school,,,,
1046,1046-glazerman-2010,targeted_other,school,0,0,"districts had to meet criteria for size, poverty, and need for induction: at least 570 teachers in elementary schools, at least 10 elementary schools with 50 percent or more students eligible for free or reduced-price meals under the federal National School Lunch Program, and no existing comprehensive induction program offered in study schools.","PDF p. 26, Executive Summary, Study Design (printed p. xxv)",pdf,other,2026-09-18,medium,"Impacts of Comprehensive Teacher Induction: Final Results from a Randomized Controlled Study (NCEE 2010-4027, June 2010)","recoded after re-retrieval 2026-09-18: first page names Glazerman, Isenberg, Dolfin, Bleeker, Johnson, Grider, and Jacobus (Mathematica, NCEE 2010-4027, June 2010), the report Kraft's ies90 row cites. Seventeen districts in 13 states were chosen from 98 that met size and poverty targets; within districts, all or a district-chosen subset of elementary schools with eligible beginning teachers (new to the profession, grades K-6) were randomized, and the students of those teachers form the test-score sample. Coded targeted_other at the school level because the poverty criterion (at least 10 schools with 50 percent or more NSLP) was part of district selection. Confidence medium rather than high because the criterion operated on the district pool, not on each study school (study schools averaged about 59 percent NSLP, Table II), so a reviewer could read the sample as universal. Kraft's grade 4 rows (n 614 and 741) are the by-grade test-score subsamples of the K-6 sample. | adjudication: Rule (Andrew, 2026-09-25): recruitment that focused on, preferentially targeted, or aimed at poor or low-performing districts or schools counts as targeted even without a strict criterion. Poverty or need only is targeted_other. Confirms coder's value.",other,1,targeted_other,school,,,,
1047,1047-gleason-2010,universal,none,1,0,"Students became eligible for the study when they applied to a participating charter school at the school's entry grade. However, only students who applied during the school's primary application period and participated in the school's admissions lottery were included in the evaluation sample.",p. 8 (PDF p. 38),pdf,other,2026-09-18,high,The Evaluation of Charter School Impacts: Final Report. NCEE 2010-4029,"Lottery applicants to 36 oversubscribed charter middle schools; opt_in = 1. Schools had to be oversubscribed and serve middle grades, with no need-based criterion; the report notes the study schools served relatively advantaged students.",other,0,,,,,,
1050,1050-hanson-2012,universal,none,0,0,"To be eligible to participate in the study, an elementary school had to serve students in grades 2-5, to have not implemented LIC in the past, and to have at least half of all teachers of grades 2-5 in each grade agree to participate. All traditional teachers of grades 2-5 and their students were eligible to participate.",p. 14 (PDF p. 31),pdf,other,2026-09-18,high,Lessons in Character Impact Evaluation. Final Report. NCEE 2012-4004,Fifty volunteer California elementary schools recruited by mass mailing; primary analytic sample is all grade 4 and 5 students in traditional classrooms. No need-based rule (tie-breaker 6).,other,0,,,,,,
1062,1062-rouse-2004,targeted_low,student,1,0,we restricted the eligible population to students who scored in the bottom 20 percent (statewide) or significantly below grade level on the state standardized reading test.,p. 11 of PDF (printed p. 10),pdf,eef,2026-09-18,high,"Putting Computerized Instruction to the Test: A Randomized Evaluation of a Scientifically Based Reading Program (Rouse and Krueger, 2004)","Fast ForWord evaluation in four urban schools. Eligible students identified from state test scores; letters and consent forms sent to parents, then random selection into treatment among the remaining list, so opt_in set to 1 for the consent step. Kraft n 454 matches the state test sample (237 treatment, 217 control). Quotation marks around eligible in the source omitted.",eef,0,,,,,,
1069,1069-vaughn-2006,unclear,unclear,0,0,,,,eef,2026-09-18,low,,"No source exists: retrieval status unresolved. Duplicate of study 947 (Vaughan, Serido, and Wilhelm, 2006, My Reading Coach report, Arizona Board of Regents), an unpublished report with no hosted copy. Kraft n 284 and grades 2-4 unchecked. Twin of 947, identical code. Not an EEF report despite the source tag.",eef,0,,,,,,
1071,1071-wilkerson-2012,targeted_low,school,0,0,The study's target population was low- to moderate-performing public elementary schools ... Low- to moderate-performing schools were defined as schools that did not make adequate yearly progress (AYP) for any of the three school years prior to the 2008/09 school year or that were at risk of not making AYP.,p. 23 (PDF p. 44),pdf,other,2026-09-18,high,A Study of the Effectiveness of a School Improvement Intervention (Success in Sight). Final Report. NCEE 2012-4014,"School-level selection on performance (missed AYP in any of three prior years, or at risk of missing it per school staff); all grade 3 to 5 students in the 52 Minnesota and Missouri schools. The wwc-codes.csv row for 1071 is matched to Ukrainetz et al. (2011), a preschool phonemic awareness study, which is the wrong WWC review.",other,0,,,,,,
1073,1073-wolf-2010,targeted_other,student,1,0,"The purpose of the new scholarship program was to provide low-income residents, particularly those whose children attend schools in need of improvement (SINI) or corrective action under the Elementary and Secondary Education Act, with “expanded opportunities to attend higher performing schools in the District of Columbia”",p. 1 (PDF p. 17); income cutoff of 185 percent of poverty on PDF p. 34,pdf,other,2026-09-18,high,Evaluation of the DC Opportunity Scholarship Program: Final Report. NCEE 2010-4018,"Sample is 2,308 income-eligible applicants (family income at or below 185 percent of the federal poverty line) entered in scholarship lotteries in cohorts 1 and 2; Kraft's n = 2,300 matches. Individual income eligibility plus application makes this targeted_other with opt_in = 1. Lottery priority went to students from SINI schools (a school-performance criterion), but SINI status was a priority rule, not an eligibility rule; SINI subgroup effects are reported separately and are not Kraft's row.",other,0,,,,,,
