study_id,key,batch,sources,citation,rank,service,external_id,title,year,authors,url,oa_url,score,also,accepted,accept_reason,in_library,fryer_entry
31,31-augustine-2016,bee-a,bee,Augustine et al. (2016),1,crossref,10.7249/ig127,Study Suggests: Kids Who Attend More Thrive More,2016,Augustine; McCombs; Pane; Schwartz; Schweig; McEachin; Siler-Evans,https://doi.org/10.7249/ig127,,10,,0,ambiguous,,
31,31-augustine-2016,bee-a,bee,Augustine et al. (2016),2,crossref,10.7249/rb9924,Kids Who Attend More Benefit More: Voluntary Summer Learning Programs,2016,Augustine; McCombs; Pane; Schwartz; Schweig; McEachin; Siler-Evans,https://doi.org/10.7249/rb9924,,10,,0,,,
31,31-augustine-2016,bee-a,bee,Augustine et al. (2016),3,crossref,10.7249/rr1557,Learning from Summer: Effects of Voluntary Summer Learning Programs on Low-Income Urban Youth,2016,Augustine; McCombs; Pane; Schwartz; Schweig; McEachin; Siler-Evans,https://doi.org/10.7249/rr1557,,10,,0,,,
31,31-augustine-2016,bee-a,bee,Augustine et al. (2016),4,crossref,10.7249/rb9819,First Outcomes from the National Summer Learning Study,2015,McCombs; Pane; Augustine; Schwartz; Martorell; Zakaras,https://doi.org/10.7249/rb9819,,8,,0,,,
31,31-augustine-2016,bee-a,bee,Augustine et al. (2016),5,crossref,10.7249/rr815,Ready for Fall? Near-Term Effects of Voluntary Summer Learning Programs on Low-Income Students' Learning Opportunities and Outcomes,2014,McCombs; Pane; Augustine; Schwartz; Martorell; Zakaras,https://doi.org/10.7249/rr815,,7,,0,,,
31,31-augustine-2016,bee-a,bee,Augustine et al. (2016),6,eric,EJ1069947,Summer Learning Programs Yield Key Lessons for Districts and Policymakers,2015,"Augustine, Catherine H.; McCombs, Jennifer Sloan",https://eric.ed.gov/?id=EJ1069947,,6,,0,,,
31,31-augustine-2016,bee-a,bee,Augustine et al. (2016),7,openalex,10.7249/rr2038,Making Summer Last: Integrating Summer Programming into Core District Priorities and Operations,2017,Augustine; Thompson,https://doi.org/10.7249/rr2038,https://www.rand.org/content/dam/rand/pubs/research_reports/RR2000/RR2038/RAND_RR2038.pdf,5,,0,,,
31,31-augustine-2016,bee-a,bee,Augustine et al. (2016),8,eric,ED571925,"Design and Development of an Objective, Structured Management Examinations (OSMEs) on Management Skills among Pharmacy Students",2016,"Augustine, Jill",https://eric.ed.gov/?id=ED571925,,5,,0,,,
54,54-barrow-2009,bee-a,bee,"Barrow, Markman, and Rouse, 2009",1,crossref,10.3386/w14240,Technology's Edge: The Educational Benefits of Computer-Aided Instruction,2008,Barrow; Markman; Rouse,https://doi.org/10.3386/w14240,,7,crossref:10.2139/ssrn.1083781 crossref:10.1257/pol.1.1.52,0,low-margin,,
54,54-barrow-2009,bee-a,bee,"Barrow, Markman, and Rouse, 2009",2,eric,EJ1053872,School Vouchers and Student Achievement: Recent Evidence and Remaining Questions,2009,"Rouse, Cecilia Elena; Barrow, Lisa",https://eric.ed.gov/?id=EJ1053872,https://files.eric.ed.gov/fulltext/ED505648.pdf,6,eric:ED505648,0,,,
54,54-barrow-2009,bee-a,bee,"Barrow, Markman, and Rouse, 2009",3,eric,ED522741,"Early Childhood in the Caribbean. Working Papers in Early Childhood Development, No. 47",2008,"Barrow, Christine",https://eric.ed.gov/?id=ED522741,https://files.eric.ed.gov/fulltext/ED522741.pdf,5,,0,,,
54,54-barrow-2009,bee-a,bee,"Barrow, Markman, and Rouse, 2009",4,eric,EJ792247,Listening to the Voice of Living Life with Aphasia: Anne's Story,2008,"Barrow, Rozanne",https://eric.ed.gov/?id=EJ792247,,5,,0,,,
54,54-barrow-2009,bee-a,bee,"Barrow, Markman, and Rouse, 2009",5,eric,EJ808286,Education and the Body: Prolegomena,2008,"Barrow, Robin",https://eric.ed.gov/?id=EJ808286,,5,,0,,,
54,54-barrow-2009,bee-a,bee,"Barrow, Markman, and Rouse, 2009",6,eric,EJ842043,"Academic Freedom: Its Nature, Extent and Value",2009,"Barrow, Robin",https://eric.ed.gov/?id=EJ842043,,5,,0,,,
54,54-barrow-2009,bee-a,bee,"Barrow, Markman, and Rouse, 2009",7,eric,EJ885430,"Dialogic, Participation and the Potential for Philosophy for Children",2010,"Barrow, Wilma",https://eric.ed.gov/?id=EJ885430,,5,,0,,,
54,54-barrow-2009,bee-a,bee,"Barrow, Markman, and Rouse, 2009",8,eric,EJ904746,Was Peters Nearly Right about Education?,2009,"Barrow, Robin",https://eric.ed.gov/?id=EJ904746,,5,,0,,,
70,70-becker-1994,bee-a,bee,"Becker, 1994",1,crossref,10.1007/978-3-322-85861-0,Lexikon Terminhandel,1994,Becker,https://doi.org/10.1007/978-3-322-85861-0,,5,,0,ambiguous,,
70,70-becker-1994,bee-a,bee,"Becker, 1994",2,crossref,10.1007/978-3-663-09036-6,Teilung von Betrieben,1994,Becker,https://doi.org/10.1007/978-3-663-09036-6,,5,,0,,,
70,70-becker-1994,bee-a,bee,"Becker, 1994",3,crossref,10.1007/978-3-663-09380-0,Besser miteinander umgehen,1994,Becker,https://doi.org/10.1007/978-3-663-09380-0,,5,,0,,,
70,70-becker-1994,bee-a,bee,"Becker, 1994",4,crossref,10.1007/978-3-322-95983-6,Handlungsorientierte Seniorenbildung,1994,Becker; Rudolph,https://doi.org/10.1007/978-3-322-95983-6,,5,,0,,,
70,70-becker-1994,bee-a,bee,"Becker, 1994",5,crossref,10.1007/978-3-642-78797-3,BIOFIX,1994,Gerngroß; Becker,https://doi.org/10.1007/978-3-642-78797-3,,5,,0,,,
70,70-becker-1994,bee-a,bee,"Becker, 1994",6,openalex,10.1115/1.2836285,The TN Quadrature Set for the Discrete Ordinates Method,1995,Thurgood; Pollard; Becker,https://doi.org/10.1115/1.2836285,,5,,0,,,
70,70-becker-1994,bee-a,bee,"Becker, 1994",7,openalex,10.1130/0091-7613(1994)022<0783:ioaart>2.3.co;2,Intercalibration of astronomical and radioisotopic time,1994,Renne; Deino; Walter; Turrin; Swisher; Becker; Curtis; Sharp; Jaouni,https://doi.org/10.1130/0091-7613(1994)022<0783:ioaart>2.3.co;2,,5,,0,,,
70,70-becker-1994,bee-a,bee,"Becker, 1994",8,eric,EJ502036,"A Conversation with Helen Nearing, Harborside, Maine, October 1994.",1995,"Becker, Larry; Becker, Ellen",https://eric.ed.gov/?id=EJ502036,,5,,0,,,
98,98-borman-2007,bee-a,bee,"Borman, Dowling, and Schneck, 2007",1,eric,EJ951752,A Multisite Cluster Randomized Field Trial of Open Court Reading,2008,"Borman, Geoffrey D.; Dowling, N. Maritza; Schneck, Carrie",https://eric.ed.gov/?id=EJ951752,,8,,1,api-eric,,
98,98-borman-2007,bee-a,bee,"Borman, Dowling, and Schneck, 2007",2,crossref,10.3102/0034654308321455,Teacher Attrition and Retention: A Meta-Analytic and Narrative Review of the Research,2008,Borman; Dowling,https://doi.org/10.3102/0034654308321455,,6,eric:EJ896364,0,,,
98,98-borman-2007,bee-a,bee,"Borman, Dowling, and Schneck, 2007",3,eric,EJ750483,Longitudinal Achievement Effects of Multiyear Summer School: Evidence from the Teach Baltimore Randomized Field Trial,2006,"Borman, Geoffrey D.; Dowling, N. Maritza",https://eric.ed.gov/?id=EJ750483,,6,,0,,,
98,98-borman-2007,bee-a,bee,"Borman, Dowling, and Schneck, 2007",4,crossref,10.5962/bhl.title.96841,Ecuador : Territorio Cofan Dureno /,2007,Borman; ,https://doi.org/10.5962/bhl.title.96841,,5,,0,,,
98,98-borman-2007,bee-a,bee,"Borman, Dowling, and Schneck, 2007",5,eric,ED497370,"An Analysis of Recent Enrollment, Discipline and Graduation Trends among Females and Underrepresented Minorities at SUS Institutions",2006,Theodore Micceri; Kathy Borman,https://eric.ed.gov/?id=ED497370,https://files.eric.ed.gov/fulltext/ED497370.pdf,5,,0,,,
98,98-borman-2007,bee-a,bee,"Borman, Dowling, and Schneck, 2007",6,eric,ED497830,"Family and Contextual Socioeconomic Effects across Seasons: When Do They Matter for the Achievement Growth of Young Children? WCER Working Paper No. 2007-5, August 2007",2007,"Benson, James G.; Borman, Geoffrey D.",https://eric.ed.gov/?id=ED497830,https://files.eric.ed.gov/fulltext/ED497830.pdf,5,,0,,,
98,98-borman-2007,bee-a,bee,"Borman, Dowling, and Schneck, 2007",7,eric,EJ786926,"Student Engagement in U.S. Urban High School Mathematics and Science Classrooms: Findings on Social Organization, Race, and Ethnicity",2007,"Uekawa, Kazuaki; Borman, Kathryn; Lee, Reginald",https://eric.ed.gov/?id=EJ786926,,5,,0,,,
98,98-borman-2007,bee-a,bee,"Borman, Dowling, and Schneck, 2007",8,eric,EJ873863,A Randomized Trial of Teacher Development in Elementary Science: First-Year Achievement Effects,2008,"Borman, Geoffrey D.; Gamoran, Adam; Bowdon, Jill",https://eric.ed.gov/?id=EJ873863,,5,,0,,,
128,128-cabalo-2007,bee-a,bee,"Cabalo and Vu, 2007",1,eric,ED538963,"Comparative Effectiveness of Carnegie Learning's ""Cognitive Tutor"" Algebra I Curriculum: A Report of a Randomized Experiment in the Maui School District. Research Report",2007,"Cabalo, Jessica Villaruz; Vu, Minh-Thien",https://eric.ed.gov/?id=ED538963,https://files.eric.ed.gov/fulltext/ED616574.pdf,7,eric:ED616574 eric:ED538958,0,low-margin,,
128,128-cabalo-2007,bee-a,bee,"Cabalo and Vu, 2007",2,eric,ED616551,The Effect of Ongoing Professional Development on Interactive Whiteboard Use: A Report of a Randomized Experiment in Forsyth County Schools,2007,"Cabalo, Jessica V.; Ma, Boya; Vu, Minh-Thien; Jaciw, Andrew P.; Miller, Gloria I.",https://eric.ed.gov/?id=ED616551,https://files.eric.ed.gov/fulltext/ED616551.pdf,6,,0,,,
128,128-cabalo-2007,bee-a,bee,"Cabalo and Vu, 2007",3,crossref,10.1016/j.chemosphere.2007.01.085,A comparison of flux chambers and ambient air sampling to measure γ-hexachlorocyclohexane volatilisation from canola (Brassica napus) fields,2007,Waite; Cabalo; Chau; Sproull,https://doi.org/10.1016/j.chemosphere.2007.01.085,,5,,0,,,
128,128-cabalo-2007,bee-a,bee,"Cabalo and Vu, 2007",4,eric,ED538966,The Comparative Effectiveness of Professional Development and Support Tools for World Language Instruction: A Report of a Randomized Experiment in Delaware. Research Report,2007,"Cabalo, Jessica Villaruz; Ma, Boya; Jaciw, Andrew",https://eric.ed.gov/?id=ED538966,,5,,0,,,
128,128-cabalo-2007,bee-a,bee,"Cabalo and Vu, 2007",5,eric,ED616623,"Effectiveness of TCI's ""History Alive!"" for Eighth Graders: A Report of a Randomized Experiment in Alum Rock Union Elementary School District. Research Report",2006,"Cabalo, Jessica Villaruz; Newman, Denis; Jaciw, Andrew",https://eric.ed.gov/?id=ED616623,https://files.eric.ed.gov/fulltext/ED616623.pdf,5,,0,,,
128,128-cabalo-2007,bee-a,bee,"Cabalo and Vu, 2007",6,eric,ED538964,"A Description of Maui Educational Consortium's Implementation Practices of Carnegie Learning's ""Cognitive Tutor"". Research Report",2008,"Zacamy, Jenna; Miller, Gloria I.; Cabalo, Jessica V.",https://eric.ed.gov/?id=ED538964,,5,,0,,,
128,128-cabalo-2007,bee-a,bee,"Cabalo and Vu, 2007",7,eric,ED539945,"The Efficacy of PCI's ""Reading Program--Level One"": A Report of a Randomized Experiment in Brevard Public Schools and Miami-Dade County Public Schools. Research Report",2008,"Toby, Megan; Ma, Boya; Jaciw, Andrew; Cabalo, Jessica",https://eric.ed.gov/?id=ED539945,,5,,0,,,
128,128-cabalo-2007,bee-a,bee,"Cabalo and Vu, 2007",8,crossref,10.1016/b978-1-4160-2215-2.50106-x,Hyperthermia,2007,Vu,https://doi.org/10.1016/b978-1-4160-2215-2.50106-x,,3,,0,,,
141,141-campuzano-2009,bee-a,bee,"Campuzzano et al., 2009",1,eric,ED504657,Effectiveness of Reading and Mathematics Software Products: Findings From Two Student Cohorts. NCEE 2009-4041,2009,"Campuzano, Larissa; Dynarski, Mark; Agodini, Roberto; Rall, Kristina",https://eric.ed.gov/?id=ED504657,https://files.eric.ed.gov/fulltext/ED504657.pdf,9,,1,api-eric,,
141,141-campuzano-2009,bee-a,bee,"Campuzzano et al., 2009",2,crossref,10.1080/19415531003616839,An experimental assessment of the effects of reading software products on reading test scores,2010,Dynarski; Agodini; Campuzano,https://doi.org/10.1080/19415531003616839,,7,,0,,,
141,141-campuzano-2009,bee-a,bee,"Campuzzano et al., 2009",3,crossref,10.1016/b978-008044910-4.00102-4,Informal Sector,2009,Aguilar; Campuzano,https://doi.org/10.1016/b978-008044910-4.00102-4,,5,,0,,,
141,141-campuzano-2009,bee-a,bee,"Campuzzano et al., 2009",4,crossref,10.3386/w15387,"Into College, Out of Poverty? Policies to Increase the Postsecondary Attainment of the Poor",2009,Deming; Dynarski,https://doi.org/10.3386/w15387,,3,,0,,,
141,141-campuzano-2009,bee-a,bee,"Campuzzano et al., 2009",5,crossref,10.3386/w15549,Accountability and Flexibility in Public Schools: Evidence from Boston's Charters and Pilots,2009,Abdulkadiroglu; Angrist; Dynarski; Kane; Pathak,https://doi.org/10.3386/w15549,,3,,0,,,
141,141-campuzano-2009,bee-a,bee,"Campuzzano et al., 2009",6,crossref,10.1162/003465304323023741,Are Experiments the Only Option? A Look at Dropout Prevention Programs,2004,Agodini; Dynarski,https://doi.org/10.1162/003465304323023741,,2,,0,,,
141,141-campuzano-2009,bee-a,bee,"Campuzzano et al., 2009",7,openalex,10.30935/cedtech/5959,Educational Technology Research Past and Present: Balancing Rigor and Relevance to Impact School Learning,2010,Ross; Morrison; Lowther,https://doi.org/10.30935/cedtech/5959,https://www.cedtech.net/download/educational-technology-research-past-and-present-balancing-rigor-and-relevance-to-impact-school-5959.pdf,2,,0,,,
141,141-campuzano-2009,bee-a,bee,"Campuzzano et al., 2009",8,openalex,10.24059/olj.v14i4.147,Educational Transformation through Online Learning: To Be or Not to Be,2010,Picciano; Seaman; Allen,https://doi.org/10.24059/olj.v14i4.147,https://olj.onlinelearningconsortium.org/index.php/olj/article/download/147/775,2,,0,,,
225,225-denverpublicschools-2016,bee-a,bee,"Denver Public Schools, 2016",1,crossref,10.31478/201605d,Public Health-Health Care Collaboration to Improve Smoking Cessation Rates Among Low Socioeconomic Status Patients in Denver: A Population Health Case Report,2016,; Richers Maruyama; Mickiewicz; ; Cannon; ; Montoya; ; Diaz; ; Berg; ; Kortsch; ; Zirakzadeh; ; Shlay; ,https://doi.org/10.31478/201605d,,2,,0,ambiguous,,
225,225-denverpublicschools-2016,bee-a,bee,"Denver Public Schools, 2016",2,crossref,10.2139/ssrn.2627443,Heading for the Exits: Comparing Characteristics of Leavers from Charter Schools to Traditional Public Schools in Denver Public Schools,2015,Winters; Carpenter; Clayton,https://doi.org/10.2139/ssrn.2627443,,2,,0,,,
225,225-denverpublicschools-2016,bee-a,bee,"Denver Public Schools, 2016",3,openalex,10.18653/v1/s16-1001,SemEval-2016 Task 4: Sentiment Analysis in Twitter,2016,Nakov; Ritter; Rosenthal; Sebastiani; Stoyanov,https://doi.org/10.18653/v1/s16-1001,https://www.aclweb.org/anthology/S16-1001.pdf,2,,0,,,
225,225-denverpublicschools-2016,bee-a,bee,"Denver Public Schools, 2016",4,openalex,10.2147/ndt.s106850,Early diagnosis and Early Start Denver Model intervention in autism spectrum disorders delivered in an Italian Public Health System service,2016,Devescovi; Monasta; Mancini; Bin; Vellante; Carrozzi; Colombi,https://doi.org/10.2147/ndt.s106850,https://www.dovepress.com/getfile.php?fileID=30884,2,,0,,,
225,225-denverpublicschools-2016,bee-a,bee,"Denver Public Schools, 2016",5,openalex,10.1001/jama.2016.5978,"Fatality and Severity of Firearm Injuries in a Denver Trauma Center, 2000-2013",2016,Sauaia; González; Moore; Bol; Moore,https://doi.org/10.1001/jama.2016.5978,https://jamanetwork.com/journals/jama/articlepdf/2528198/jld160012.pdf,2,,0,,,
225,225-denverpublicschools-2016,bee-a,bee,"Denver Public Schools, 2016",6,openalex,10.1146/annurev-criminol-032317-092358,Schools and Crime,2017,Hirschfield,https://doi.org/10.1146/annurev-criminol-032317-092358,https://www.annualreviews.org/doi/pdf/10.1146/annurev-criminol-032317-092358,2,,0,,,
225,225-denverpublicschools-2016,bee-a,bee,"Denver Public Schools, 2016",7,openalex,10.1001/jamaoncol.2016.5688,"Global, Regional, and National Cancer Incidence, Mortality, Years of Life Lost, Years Lived With Disability, and Disability-Adjusted Life-years for 32 Cancer Groups, 1990 to 2015",2016,Fitzmaurice; Allen; Barber; Barregård; Bhutta; Brenner; Dicker; Chimed‐Ochir; Dandona; Dandona; Fleming; Forouzanfar; Hancock; Hay; Hunter‐Merrill; Huynh; Ho; Johnson; Jonas; Khubchandani; Kumar; Kutz; Lan; Larson; Liang; Lim; Lopez; MacIntyre; Marczak; Marquez; Mokdad; Pinho; Pourmalek; Salomon; Sanabria; Sandar; Sartorius; Schwartz; Shackelford; Shibuya; Stanaway; Steiner; Sun; Takahashi; Vollset; Vos; Wagner; Wang; Westerman; Zeeb; Zoeckler; Abd-Allah; Ahmed; Alabed; Alam; Aldhahri; Alem; Alemayohu; Ali; Al‐Raddadi; Amare; Amoako; Artaman; Asayesh; Atnafu; Awasthi; Saleem; Barać; Bedi; Benseñor; Berhane; Bernabé; Betsu; Binagwaho; Boneya; Campos‐Nonato; Castañeda-Orjuela; Catalá-López; Chiang; Chibueze; Chitheer; Choi; Cowie; Damtew; Neves; Dey; Dharmaratne; Dhillon; Ding; Driscoll; Ekwueme; Endries; Farvid; Farzadfar; Fernandes; Fischer; G/hiwot; Gebru; Gopalani; Hailu,https://doi.org/10.1001/jamaoncol.2016.5688,https://jamanetwork.com/journals/jamaoncology/articlepdf/2588797/jamaoncology_fitzmaurice_2016_sc_160002.pdf,2,,0,,,
225,225-denverpublicschools-2016,bee-a,bee,"Denver Public Schools, 2016",8,crossref,10.5876/9781646422906.c019,15 Desegregating Denver “Root and Branch”,2022,Pascoe,https://doi.org/10.5876/9781646422906.c019,,0,,0,,,
226,226-deussen-2012,bee-a,bee,"Deussen et al., 2012",1,eric,ED565842,Washington Striving Readers: Year 1 Evaluation Report,2012,"Deussen, Theresa; Scott, Caitlin; Nelsestuen, Kari; Roccograndi, Angela; Davis, Ann",https://eric.ed.gov/?id=ED565842,https://files.eric.ed.gov/fulltext/ED565842.pdf,10,,1,api-eric,,
226,226-deussen-2012,bee-a,bee,"Deussen et al., 2012",2,eric,ED528962,English Language Proficiency Levels of Limited English Proficient Students in Idaho. Issues & Answers. REL 2012-No. 125,2012,"Nishioka, Vicki; Burke, Arthur; Deussen, Theresa",https://eric.ed.gov/?id=ED528962,https://files.eric.ed.gov/fulltext/ED528962.pdf,6,eric:ED528969,0,,,
226,226-deussen-2012,bee-a,bee,"Deussen et al., 2012",3,crossref,10.1145/2407746.2407753,Video enhanced gigapixel panoramas,2012,Pirk; Cohen; Deussen; Uyttendaele; Kopf,https://doi.org/10.1145/2407746.2407753,,5,,0,,,
226,226-deussen-2012,bee-a,bee,"Deussen et al., 2012",4,crossref,10.1111/j.1467-8659.2012.02091.x,Editorial,2012,Rushmeier; Deussen,https://doi.org/10.1111/j.1467-8659.2012.02091.x,,5,,0,,,
226,226-deussen-2012,bee-a,bee,"Deussen et al., 2012",5,crossref,10.2196/preprints.35108,Promoting Health Behavior Change in the Preconception Period: Combined Approach to Intervention Planning (Preprint),2021,Scott; Oxlad; Dodd; Szabo; Deussen; Turnbull,https://doi.org/10.2196/preprints.35108,,4,,0,,,
226,226-deussen-2012,bee-a,bee,"Deussen et al., 2012",6,openalex,https://openalex.org/W2760385767,The Relationship Between Reading Coaches' Utilization Of Data Technology And Teacher Development,2012,Behrens,https://stars.library.ucf.edu/etd/2185,https://stars.library.ucf.edu/cgi/viewcontent.cgi?article=3184&context=etd,3,,0,,,
226,226-deussen-2012,bee-a,bee,"Deussen et al., 2012",7,crossref,10.1524/9783486718782,Mensch & Computer 2012: 12. fachübergreifende Konferenz für interaktive und kooperative Medien. interaktiv informiert – allgegenwärtig und allumfassend!?,2012,,https://doi.org/10.1524/9783486718782,,2,,0,,,
226,226-deussen-2012,bee-a,bee,"Deussen et al., 2012",8,crossref,10.1524/9783486719918,Mensch & Computer 2012 – Workshopband,2012,,https://doi.org/10.1524/9783486719918,,2,,0,,,
239,239-dominguez-2006,bee-a,bee,"Dominguez et al., 2006",1,eric,ED510045,Experimental Methods and Results in a Study of PBS TeacherLine Math Courses,2006,"Dominguez, Paula Szulc; Nicholls, Craig; Storandt, Barbara",https://eric.ed.gov/?id=ED510045,https://files.eric.ed.gov/fulltext/ED510045.pdf,8,,0,low-margin,,
239,239-dominguez-2006,bee-a,bee,"Dominguez et al., 2006",2,eric,ED510046,A Comprehensive Assessment of South Carolina's External Review Team Program,2006,"Dominguez, Paula Szulc; Nicholls, Craig; Storandt, Barbara",https://eric.ed.gov/?id=ED510046,https://files.eric.ed.gov/fulltext/ED510046.pdf,7,,0,,,
239,239-dominguez-2006,bee-a,bee,"Dominguez et al., 2006",3,eric,EJ742513,Bilingual Students Articulation and Gesticulation of Mathematical Knowledge during Problem Solving,2005,"Dominguez, Higinio",https://eric.ed.gov/?id=EJ742513,,6,,0,,,
239,239-dominguez-2006,bee-a,bee,"Dominguez et al., 2006",4,eric,EJ847107,"Partnership, Preparation, and Progress in Training Community College Administrative Leaders",2006,"Dominguez, Ramon",https://eric.ed.gov/?id=EJ847107,,5,,0,,,
239,239-dominguez-2006,bee-a,bee,"Dominguez et al., 2006",5,eric,EJ966462,Completing the Dissertation: It's Not Only about Academics,2006,"Dominguez, Ramon",https://eric.ed.gov/?id=EJ966462,,5,,0,,,
239,239-dominguez-2006,bee-a,bee,"Dominguez et al., 2006",6,eric,EJ757930,Parallels in Academic and Nonacademic Discursive Styles: An Analysis of a Mexican Woman's Narrative Performance,2007,"Barajas, E. Dominguez",https://eric.ed.gov/?id=EJ757930,,5,,0,,,
239,239-dominguez-2006,bee-a,bee,"Dominguez et al., 2006",7,eric,EJ741826,Early versus Late Start in Foreign Language Education: Documenting Achievements,2005,"Dominguez, Rocio; Pessoa, Silvia",https://eric.ed.gov/?id=EJ741826,,5,,0,,,
239,239-dominguez-2006,bee-a,bee,"Dominguez et al., 2006",8,eric,EJ725472,Moving from Content Knowledge to Engagement,2005,"McDonald, James; Dominguez, Lynn",https://eric.ed.gov/?id=EJ725472,,5,,0,,,
249,249-watts-2018,bee-a,bee,Duncan et al. (2018),1,crossref,10.1111/cdev.12713,What Is the Long-Run Impact of Learning Mathematics During Preschool?,2018,Watts; Duncan; Clements; Sarama,https://doi.org/10.1111/cdev.12713,,9,,0,low-margin,,
249,249-watts-2018,bee-a,bee,Duncan et al. (2018),2,crossref,10.1037/amp0000146,Risky business: Correlation and causation in longitudinal studies of skill development.,2018,Bailey; Duncan; Watts; Clements; Sarama,https://doi.org/10.1037/amp0000146,,8,,0,,,
249,249-watts-2018,bee-a,bee,Duncan et al. (2018),3,crossref,10.1080/19345747.2018.1441347,Do High-Quality Kindergarten and First-Grade Classrooms Mitigate Preschool Fadeout?,2018,Jenkins; Watts; Magnuson; Gershoff; Clements; Sarama; Duncan,https://doi.org/10.1080/19345747.2018.1441347,,8,,0,,,
249,249-watts-2018,bee-a,bee,Duncan et al. (2018),4,eric,EJ1369616,Teaching Climate Science to Increase Understanding & Receptivity,2019,"Watts, Elizabeth",https://eric.ed.gov/?id=EJ1369616,,5,,0,,,
249,249-watts-2018,bee-a,bee,Duncan et al. (2018),5,eric,EJ1168782,A Place for Beauty in Art Education,2018,"Watts, Robert",https://eric.ed.gov/?id=EJ1168782,,5,,0,,,
249,249-watts-2018,bee-a,bee,Duncan et al. (2018),6,eric,EJ1129657,Science and Public Understanding: The Role of the Historian of Education,2017,"Watts, Ruth",https://eric.ed.gov/?id=EJ1129657,,5,,0,,,
249,249-watts-2018,bee-a,bee,Duncan et al. (2018),7,eric,EJ1239962,"Enabling Online Initiatives: The Role of Teaching and Learning Center Leaders at Small, Private Colleges",2019,"Watts, Tyler",https://eric.ed.gov/?id=EJ1239962,,5,,0,,,
249,249-watts-2018,bee-a,bee,Duncan et al. (2018),8,eric,EJ1212836,Children's Images of Beauty: Environmental Influences on Aesthetic Preferences,2019,"Watts, Robert",https://eric.ed.gov/?id=EJ1212836,,5,,0,,,
252,252-campuzano-2007,bee-a,bee,Dynarski et al. (2007); Campuzano et al. (2009),1,eric,ED496015,Effectiveness of Reading and Mathematics Software Products: Findings from the First Student Cohort. Report to Congress,2007,"Dynarski, Mark; Agodini, Roberto; Heaviside, Sheila: Novak, Timothy; Carey, Nancy; Campuzano, Larissa; Means, Barbara; Murphy, Robert; Penuel, William; Javitz, Hal; Emery, Deborah; Sussex, Willow",https://eric.ed.gov/?id=ED496015,https://files.eric.ed.gov/fulltext/ED496015.pdf,8,,1,api-eric,,
252,252-campuzano-2007,bee-a,bee,Dynarski et al. (2007); Campuzano et al. (2009),2,crossref,10.1080/19415531003616839,An experimental assessment of the effects of reading software products on reading test scores,2010,Dynarski; Agodini; Campuzano,https://doi.org/10.1080/19415531003616839,,6,,0,,,
252,252-campuzano-2007,bee-a,bee,Dynarski et al. (2007); Campuzano et al. (2009),3,crossref,10.2307/jj.39017665.3,Introducción,2007,Campuzano,https://doi.org/10.2307/jj.39017665.3,,5,,0,,,
252,252-campuzano-2007,bee-a,bee,Dynarski et al. (2007); Campuzano et al. (2009),4,crossref,10.2139/ssrn.976537,College Grants on a Postcard: A Proposal for Simple and Predictable Federal Student Aid,2007,Dynarski,https://doi.org/10.2139/ssrn.976537,,3,,0,,,
252,252-campuzano-2007,bee-a,bee,Dynarski et al. (2007); Campuzano et al. (2009),5,crossref,10.1162/003465304323023741,Are Experiments the Only Option? A Look at Dropout Prevention Programs,2004,Agodini; Dynarski,https://doi.org/10.1162/003465304323023741,,2,,0,,,
252,252-campuzano-2007,bee-a,bee,Dynarski et al. (2007); Campuzano et al. (2009),6,crossref,10.2307/jj.39017665,Alejo Carpentier: acá y allá,2007,,https://doi.org/10.2307/jj.39017665,,2,,0,,,
252,252-campuzano-2007,bee-a,bee,Dynarski et al. (2007); Campuzano et al. (2009),7,openalex,10.3386/w14550,Improving Educational Outcomes for Poor Children,2008,Jacob; Ludwig,https://doi.org/10.3386/w14550,https://doi.org/10.3386/w14550,2,,0,,,
252,252-campuzano-2007,bee-a,bee,Dynarski et al. (2007); Campuzano et al. (2009),8,openalex,10.1080/13614560701795100,"Observing the users of digital educational technologies—theories, methods and analytical approaches",2007,,https://doi.org/10.1080/13614560701795100,https://www.tandfonline.com/doi/pdf/10.1080/13614560701795100?needAccess=true,2,,0,,,
254,254-dynarski-2007,bee-a,bee,"Dynarski et al., 2007a",1,eric,ED496015,Effectiveness of Reading and Mathematics Software Products: Findings from the First Student Cohort. Report to Congress,2007,"Dynarski, Mark; Agodini, Roberto; Heaviside, Sheila: Novak, Timothy; Carey, Nancy; Campuzano, Larissa; Means, Barbara; Murphy, Robert; Penuel, William; Javitz, Hal; Emery, Deborah; Sussex, Willow",https://eric.ed.gov/?id=ED496015,https://files.eric.ed.gov/fulltext/ED496015.pdf,11,,1,api-eric,,
254,254-dynarski-2007,bee-a,bee,"Dynarski et al., 2007a",2,crossref,10.1080/19415531003616839,An experimental assessment of the effects of reading software products on reading test scores,2010,Dynarski; Agodini; Campuzano,https://doi.org/10.1080/19415531003616839,,5,,0,,,
254,254-dynarski-2007,bee-a,bee,"Dynarski et al., 2007a",3,crossref,10.2139/ssrn.976537,College Grants on a Postcard: A Proposal for Simple and Predictable Federal Student Aid,2007,Dynarski,https://doi.org/10.2139/ssrn.976537,,5,,0,,,
254,254-dynarski-2007,bee-a,bee,"Dynarski et al., 2007a",4,eric,EJ805166,Building the Stock of College-Educated Labor,2008,"Dynarski, Susan",https://eric.ed.gov/?id=EJ805166,,5,,0,,,
254,254-dynarski-2007,bee-a,bee,"Dynarski et al., 2007a",5,eric,EJ785829,"""Comments on Slavin"": Bringing Answers to Educators--Guiding Principles for Research Syntheses",2008,"Dynarski, Mark",https://eric.ed.gov/?id=EJ785829,,5,,0,,,
254,254-dynarski-2007,bee-a,bee,"Dynarski et al., 2007a",6,eric,EJ777681,Focus Tax Incentives on the Students Who Need Them,2007,"Dynarski, Susan M.",https://eric.ed.gov/?id=EJ777681,,5,,0,,,
254,254-dynarski-2007,bee-a,bee,"Dynarski et al., 2007a",7,eric,ED505616,The Lengthening of Childhood. Working Paper 08-3,2008,"Deming, David; Dynarski, Susan",https://eric.ed.gov/?id=ED505616,https://files.eric.ed.gov/fulltext/ED505616.pdf,5,eric:ED502003,0,,,
254,254-dynarski-2007,bee-a,bee,"Dynarski et al., 2007a",8,eric,ED494312,The Cost of Complexity in Federal Student Aid: Lessons from Optimal Tax Theory and Behavioral Economics. Faculty Research Working Papers Series. RWP06-013,2006,"Dynarski, Susan; Scott-Clayton, Judith",https://eric.ed.gov/?id=ED494312,https://files.eric.ed.gov/fulltext/ED494312.pdf,5,,0,,,
264,264-eddy-2011,bee-a,bee,Eddy et al. (2011),1,crossref,10.1155/2011/149530,Teacher Efficacy as a Multigroup Model Using Latent Class Analysis,2011,Eddy; Easton-Brooks,https://doi.org/10.1155/2011/149530,,6,,0,ambiguous,,
264,264-eddy-2011,bee-a,bee,Eddy et al. (2011),2,crossref,10.1177/0042085911413149,"Ethnic Matching, School Placement, and Mathematics Achievement of African American Students From Kindergarten Through Fifth Grade",2011,Eddy; Easton-Brooks,https://doi.org/10.1177/0042085911413149,,6,,0,,,
264,264-eddy-2011,bee-a,bee,Eddy et al. (2011),3,eric,ED509591,Kaqchikel Maya Language Analysis Project,2010,"Eddy de Pappa, Sarah",https://eric.ed.gov/?id=ED509591,https://files.eric.ed.gov/fulltext/ED509591.pdf,6,,0,,,
264,264-eddy-2011,bee-a,bee,Eddy et al. (2011),4,eric,ED531586,Community College Leadership: A Multidimensional Model for Leading Change,2010,"Eddy, Pamela L.",https://eric.ed.gov/?id=ED531586,,5,,0,,,
264,264-eddy-2011,bee-a,bee,Eddy et al. (2011),5,eric,ED521003,A Survey Study of College Students with Disabilities and Their Involvement in the IEP/Transition Planning Process,2010,"Eddy, Steve Eugene",https://eric.ed.gov/?id=ED521003,,5,,0,,,
264,264-eddy-2011,bee-a,bee,Eddy et al. (2011),6,eric,EJ896396,Special Issue: Partnerships and Collaborations in Higher Education,2010,"Eddy, Pamela L.",https://eric.ed.gov/?id=EJ896396,,5,,0,,,
264,264-eddy-2011,bee-a,bee,Eddy et al. (2011),7,eric,EJ878946,Leaders as Linchpins for Framing Meaning,2010,"Eddy, Pamela L.",https://eric.ed.gov/?id=EJ878946,,5,,0,,,
264,264-eddy-2011,bee-a,bee,Eddy et al. (2011),8,eric,EJ913547,New Faculty Issues: Fitting in and Figuring It Out,2010,"Eddy, Pamela L.",https://eric.ed.gov/?id=EJ913547,,5,,0,,,
265,265-eddy-2010,bee-a,bee,"Eddy et al., 2010",1,eric,ED509591,Kaqchikel Maya Language Analysis Project,2010,"Eddy de Pappa, Sarah",https://eric.ed.gov/?id=ED509591,https://files.eric.ed.gov/fulltext/ED509591.pdf,6,,0,low-margin,,
265,265-eddy-2010,bee-a,bee,"Eddy et al., 2010",2,eric,ED531586,Community College Leadership: A Multidimensional Model for Leading Change,2010,"Eddy, Pamela L.",https://eric.ed.gov/?id=ED531586,,5,,0,,,
265,265-eddy-2010,bee-a,bee,"Eddy et al., 2010",3,eric,ED521003,A Survey Study of College Students with Disabilities and Their Involvement in the IEP/Transition Planning Process,2010,"Eddy, Steve Eugene",https://eric.ed.gov/?id=ED521003,,5,,0,,,
265,265-eddy-2010,bee-a,bee,"Eddy et al., 2010",4,eric,EJ838637,Wanted: Community-College Leaders to Serve in the Hinterlands,2009,"Eddy, Pamela L.",https://eric.ed.gov/?id=EJ838637,,5,,0,,,
265,265-eddy-2010,bee-a,bee,"Eddy et al., 2010",5,eric,EJ896396,Special Issue: Partnerships and Collaborations in Higher Education,2010,"Eddy, Pamela L.",https://eric.ed.gov/?id=EJ896396,,5,,0,,,
265,265-eddy-2010,bee-a,bee,"Eddy et al., 2010",6,eric,EJ878946,Leaders as Linchpins for Framing Meaning,2010,"Eddy, Pamela L.",https://eric.ed.gov/?id=EJ878946,,5,,0,,,
265,265-eddy-2010,bee-a,bee,"Eddy et al., 2010",7,eric,EJ913547,New Faculty Issues: Fitting in and Figuring It Out,2010,"Eddy, Pamela L.",https://eric.ed.gov/?id=EJ913547,,5,,0,,,
265,265-eddy-2010,bee-a,bee,"Eddy et al., 2010",8,eric,EJ887600,Institutional Collaborations in Ireland: Leveraging an Increased International Presence,2010,"Eddy, Pamela L.",https://eric.ed.gov/?id=EJ887600,,5,,0,,,
271,271-faddis-2011,bee-a,bee,"Faddis et al., 2011a",1,eric,ED600852,Portland Public Schools' Striving Readers Program: Year 5 Evaluation Report,2011,Bonnie J. Faddis; Margaret Beam; Lauren Maxim; Elizabeth Vale Gandhi; Karen Hahn; Rita Hale,https://eric.ed.gov/?id=ED600852,https://files.eric.ed.gov/fulltext/ED600852.pdf,11,,1,api-eric,,
271,271-faddis-2011,bee-a,bee,"Faddis et al., 2011a",2,eric,ED613693,"Evaluation of ""System 44."" Final Report [2011]",2011,"Beam, Margaret; Faddis, Bonnie J.; Hahn, Karen",https://eric.ed.gov/?id=ED613693,https://files.eric.ed.gov/fulltext/ED613693.pdf,7,eric:ED613692,0,,,
271,271-faddis-2011,bee-a,bee,"Faddis et al., 2011a",3,eric,ED513389,Using Randomized Clinical Trials to Determine the Impact of Reading Intervention on Struggling Adolescent Readers: Reports of Research from Five Nationally Funded Striving Readers Grants,2010,"Loadman, William; Sprague, Kim; Hamilton, Jennifer; Coffey, Deb; Faddis, Bonnie",https://eric.ed.gov/?id=ED513389,https://files.eric.ed.gov/fulltext/ED513389.pdf,6,,0,,,
271,271-faddis-2011,bee-a,bee,"Faddis et al., 2011a",4,eric,ED579176,Effectiveness of Selected Supplemental Reading Comprehension Interventions: Findings from Two Student Cohorts. NCEE 2010-4015,2010,"James-Burdumy, Susanne; Deke, John; Lugo-Gil, Julieta; Carey, Nancy; Hershey, Alan; Gersten, Russell; Newman-Gonchar, Rebecca; Dimino, Joseph; Haymond, Kelly; Faddis, Bonnie",https://eric.ed.gov/?id=ED579176,https://files.eric.ed.gov/fulltext/ED579176.pdf,6,,0,,,
271,271-faddis-2011,bee-a,bee,"Faddis et al., 2011a",5,crossref,10.1093/benz/9780199773787.article.b00100473,"Kopf, Maxim",2011,,https://doi.org/10.1093/benz/9780199773787.article.b00100473,,2,,0,,,
271,271-faddis-2011,bee-a,bee,"Faddis et al., 2011a",6,crossref,10.1093/benz/9780199773787.article.b00097097,"Kantor, Maxim",2011,,https://doi.org/10.1093/benz/9780199773787.article.b00097097,,2,,0,,,
271,271-faddis-2011,bee-a,bee,"Faddis et al., 2011a",7,crossref,10.1093/benz/9780199773787.article.b00198971,"Woszczanka, Maxim",2011,,https://doi.org/10.1093/benz/9780199773787.article.b00198971,,2,,0,,,
271,271-faddis-2011,bee-a,bee,"Faddis et al., 2011a",8,crossref,10.1093/benz/9780199773787.article.b00200924,"Zamkov, Maxim",2011,,https://doi.org/10.1093/benz/9780199773787.article.b00200924,,2,,0,,,
290,290-fogarty-2014,bee-a,bee,"Fogarty et al., 2014",1,crossref,10.1007/s10648-014-9270-6,Examining the Effectiveness of a Multicomponent Reading Comprehension Intervention in Middle Schools: A Focus on Treatment Fidelity,2014,Fogarty; Oslund; Simmons; Davis; Simmons; Anderson; Clemens; Roberts,https://doi.org/10.1007/s10648-014-9270-6,,11,,0,ambiguous,,
290,290-fogarty-2014,bee-a,bee,"Fogarty et al., 2014",2,crossref,10.1080/19345747.2013.836766,Integrating Content Knowledge-Building and Student-Regulated Comprehension Practices in Secondary English Language Arts Classes,2014,Simmons; Fogarty; Oslund; Simmons; Hairrell; Davis; Anderson; Clemens; Vaughn; Roberts; Stillman; Fall,https://doi.org/10.1080/19345747.2013.836766,,11,,0,,,
290,290-fogarty-2014,bee-a,bee,"Fogarty et al., 2014",3,eric,ED563204,Examining Positive but Nondifferential Gains in Secondary Students' Reading Comprehension: A Focus on Instructional Practices and Differential Benefit,2013,"Simmons, Deborah; Fogarty, Melissa; Simmons, Leslie; Davis, John; Anderson, Leah; Oslund, Eric",https://eric.ed.gov/?id=ED563204,https://files.eric.ed.gov/fulltext/ED563204.pdf,11,,0,,,
290,290-fogarty-2014,bee-a,bee,"Fogarty et al., 2014",4,crossref,10.1080/19345747.2016.1227412,Impact of a Technology-Mediated Reading Intervention on Adolescents' Reading Comprehension,2016,Fogarty; Clemens; Simmons; Anderson; Davis; Smith; Wang; Kwok; Simmons; Oslund,https://doi.org/10.1080/19345747.2016.1227412,,9,,0,,,
290,290-fogarty-2014,bee-a,bee,"Fogarty et al., 2014",5,crossref,10.1177/0014402918787339,Skill Moderators of the Effects of a Reading Comprehension Intervention,2018,Clemens; Oslund; Kwok; Fogarty; Simmons; Davis,https://doi.org/10.1177/0014402918787339,,8,,0,,,
290,290-fogarty-2014,bee-a,bee,"Fogarty et al., 2014",6,crossref,10.1111/j.1540-5826.2012.00366.x,A Comparison of Responsive Interventions on Kindergarteners’ Early Reading Achievement,2012,Little; Rawlinson; Simmons; Kim; Kwok; Hagan–Burke; Simmons; Fogarty; Oslund; Coyne,https://doi.org/10.1111/j.1540-5826.2012.00366.x,,7,,0,,,
290,290-fogarty-2014,bee-a,bee,"Fogarty et al., 2014",7,eric,EJ1027850,"Self- Versus Parent-Ratings of Industriousness, Affect, and Life Satisfaction in Relation to Academic Outcomes",2014,"Fogarty, Gerard J.; Davies, Janet E.; MacCann, Carolyn; Roberts, Richard D.",https://eric.ed.gov/?id=EJ1027850,,6,,0,,,
290,290-fogarty-2014,bee-a,bee,"Fogarty et al., 2014",8,eric,EJ1021407,Using SWPBS Expectations as a Screening Tool to Predict Behavioral Risk in Middle School,2014,"Burke, Mack D.; Davis, John L.; Hagan-Burke, Shanna; Lee, Yuan-Hsuan; Fogarty, Melissa Shea",https://eric.ed.gov/?id=EJ1021407,,6,,0,,,
339,339-gallagher-2017,bee-a,bee,"Gallagher et al., 2017",1,crossref,10.1080/19345747.2017.1300361,Impact of the National Writing Project's College-Ready Writers Program in High-Need Rural Districts,2017,Gallagher; Arshan; Woodworth,https://doi.org/10.1080/19345747.2017.1300361,,8,,1,api-crossref,,
339,339-gallagher-2017,bee-a,bee,"Gallagher et al., 2017",2,eric,EJ1107048,Socialization to Academic Language in a Kindergarten Classroom,2016,"Gallagher, Colleen",https://eric.ed.gov/?id=EJ1107048,,6,,0,,,
339,339-gallagher-2017,bee-a,bee,"Gallagher et al., 2017",3,eric,EJ1113022,Welcome to the Post-Bachelor's World,2016,"Gallagher, Sean",https://eric.ed.gov/?id=EJ1113022,,5,,0,,,
339,339-gallagher-2017,bee-a,bee,"Gallagher et al., 2017",4,eric,EJ1157602,"The Gendered Labor of Social Innovation: Theatre, Pedagogy, and the Girl-Child in India",2017,"Gallagher, Kathleen",https://eric.ed.gov/?id=EJ1157602,,5,,0,,,
339,339-gallagher-2017,bee-a,bee,"Gallagher et al., 2017",5,eric,EJ1188175,E-Portfolios and Relational Space in the Early Education Environment,2018,"Gallagher, Aisling",https://eric.ed.gov/?id=EJ1188175,,5,,0,,,
339,339-gallagher-2017,bee-a,bee,"Gallagher et al., 2017",6,eric,EJ1171426,A Reconsideration of Social Innovation: Drama Pedagogies and Youth Perspectives on Creative and Social Relations in Canadian Schooling,2018,"Gallagher, Kathleen",https://eric.ed.gov/?id=EJ1171426,https://files.eric.ed.gov/fulltext/EJ1171426.pdf,5,,0,,,
339,339-gallagher-2017,bee-a,bee,"Gallagher et al., 2017",7,eric,EJ1128262,The Writing Journey,2017,"Gallagher, Kelly",https://eric.ed.gov/?id=EJ1128262,,5,,0,,,
339,339-gallagher-2017,bee-a,bee,"Gallagher et al., 2017",8,eric,EJ1215169,Educating the Right Stuff: Lessons in Enactivist Learning,2018,"Gallagher, Shaun",https://eric.ed.gov/?id=EJ1215169,,5,,0,,,
347,347-gatti-2008,bee-a,bee,"Gatti and Giordano, 2008",1,openalex,10.1016/j.virusres.2009.03.006,Molecular characterization of picobirnaviruses from new hosts,2009,Fregolente; Dias; Martins; Spilki; Allegretti; Gatti,https://doi.org/10.1016/j.virusres.2009.03.006,https://www.sciencedirect.com/science/article/pii/S0168170209001038/pdf,5,,0,ambiguous,,
347,347-gatti-2008,bee-a,bee,"Gatti and Giordano, 2008",2,eric,EJ860598,"Why Should We Care about Child Labor? The Education, Labor Market, and Health Consequences of Child Labor",2009,"Beegle, Kathleen; Dehejia, Rajeev; Gatti, Roberta",https://eric.ed.gov/?id=EJ860598,,5,,0,,,
347,347-gatti-2008,bee-a,bee,"Gatti and Giordano, 2008",3,eric,EJ866328,Schoolwide Positive Behavior Supports: Empowering Parents to Participate Fully,2009,"Stansberry-Brusnahan, Lynn; Neilsen-Gatti, Shelley",https://eric.ed.gov/?id=EJ866328,,5,,0,,,
347,347-gatti-2008,bee-a,bee,"Gatti and Giordano, 2008",4,eric,EJ848290,Iatrogenic Effect of Juvenile Justice,2009,"Gatti, Uberto; Tremblay, Richard E.; Vitaro, Frank",https://eric.ed.gov/?id=EJ848290,,5,,0,,,
347,347-gatti-2008,bee-a,bee,"Gatti and Giordano, 2008",5,eric,EJ859221,Factors Affecting Willingness to Mentor,2009,"Ghislieri, Chiara; Gatti, Paola; Quaglino, Gian Piero",https://eric.ed.gov/?id=EJ859221,,5,,0,,,
347,347-gatti-2008,bee-a,bee,"Gatti and Giordano, 2008",6,eric,EJ868461,Will It Work Both Here and There? The AISP Model in Various Institutional Contexts,2009,"McClellan, George S.; Eklund-Leen, Susan J.; Gatti, Robert M.; Kindle, Joan L.",https://eric.ed.gov/?id=EJ868461,,5,,0,,,
347,347-gatti-2008,bee-a,bee,"Gatti and Giordano, 2008",7,eric,EJ797455,A Microswitch-Cluster Program to Foster Adaptive Responses and Head Control in Students with Multiple Disabilities: Replication and Validation Assessment,2008,"Lancioni, Giulio E.; Singh, Nirbhay N.; O'Reilly, Mark F.; Sigafoos, Jeff; Oliva, Doretta; Gatti, Michela; Manfredi, Francesco; Megna, Gianfranco; La Martire, Maria L.; Tota, Alessia; Smaldone, Angela; Groeneweg, Jop",https://eric.ed.gov/?id=EJ797455,,5,,0,,,
347,347-gatti-2008,bee-a,bee,"Gatti and Giordano, 2008",8,crossref,10.1515/9781400836932,Essays on Giordano Bruno,2011,Gatti,https://doi.org/10.1515/9781400836932,,3,,0,,,
386,386-kim-2016,bee-a,bee,Guryan et al. (2016),1,crossref,10.1080/19345747.2016.1164780,Delayed Effects of a Low-Cost and Large-Scale Summer Reading Intervention on Elementary School Children's Reading Comprehension,2016,Kim; Guryan; White; Quinn; Capotosto; Kingston,https://doi.org/10.1080/19345747.2016.1164780,,10,,1,api-crossref,,
386,386-kim-2016,bee-a,bee,Guryan et al. (2016),2,crossref,10.1016/j.econedurev.2016.08.002,Motivation and incentives in education: Evidence from a summer reading experiment,2016,Guryan; Kim; Park,https://doi.org/10.1016/j.econedurev.2016.08.002,,6,crossref:10.3386/w20918,0,,,
386,386-kim-2016,bee-a,bee,Guryan et al. (2016),3,crossref,10.3386/w20689,Does Reading During the Summer Build Reading Skills? Evidence from a Randomized Experiment in 463 Classrooms,2014,Guryan; Kim; Quinn,https://doi.org/10.3386/w20689,,5,,0,,,
386,386-kim-2016,bee-a,bee,Guryan et al. (2016),4,eric,EJ1164406,Going beyond the Gap between Theory and Practice: Rethinking Teacher Reflection with Poststructural Insights,2017,"Kim, Koeun; Kim, Jinhee",https://eric.ed.gov/?id=EJ1164406,,5,,0,,,
386,386-kim-2016,bee-a,bee,Guryan et al. (2016),5,eric,EJ1159914,Positioning of Korean Immigrant Mothers of Children with Disabilities,2017,"Kim, Jieun; Kim, Sunyoung",https://eric.ed.gov/?id=EJ1159914,https://files.eric.ed.gov/fulltext/EJ1159914.pdf,5,,0,,,
386,386-kim-2016,bee-a,bee,Guryan et al. (2016),6,eric,EJ1151438,A Cross-National Comparison of Art Curricula for Kindergarten-Aged Children,2017,"Kim, Heejin; Kim, Hajin",https://eric.ed.gov/?id=EJ1151438,,5,,0,,,
386,386-kim-2016,bee-a,bee,Guryan et al. (2016),7,eric,EJ1132274,"Multimodal Play-Literacy: A Preschooler's Storytelling, Drawing, and Performing of Dinosaur Extinction Theories",2017,"Kim, Koeun; Kim, Koomi",https://eric.ed.gov/?id=EJ1132274,,5,,0,,,
386,386-kim-2016,bee-a,bee,Guryan et al. (2016),8,eric,EJ1090135,Korean College EFL Learners' Task Motivation in Written Language Production,2016,"Kim, Bomin; Kim, Haedong",https://eric.ed.gov/?id=EJ1090135,https://files.eric.ed.gov/fulltext/EJ1090135.pdf,5,,0,,,
432,432-jaciw-2016,bee-a,bee,"Jaciw et al., 2016",1,crossref,10.1080/19345747.2016.1164777,"Assessing Impacts ofMath in Focus, a “Singapore Math” Program",2016,Jaciw; Hegseth; Lin; Toby; Newman; Ma; Zacamy,https://doi.org/10.1080/19345747.2016.1164777,https://files.eric.ed.gov/fulltext/ED562089.pdf,11,eric:EJ1115242 eric:ED562089,1,api-crossref,,
432,432-jaciw-2016,bee-a,bee,"Jaciw et al., 2016",2,crossref,10.2139/ssrn.2750114,Teacher Teams and School Processes in Scaling-Up a Content Literacy Innovation in High Schools - Final Report: The Evaluation of the Scale-Up of Reading Apprenticeship Through the Reading Apprenticeship Improving Secondary Education (Raise) Project,2016,Newman; Zacamy; Lazarev; Lin; Jaciw; Hegseth,https://doi.org/10.2139/ssrn.2750114,,8,eric:ED565610,0,,,
432,432-jaciw-2016,bee-a,bee,"Jaciw et al., 2016",3,crossref,10.1177/0193841x16659600,An Empirical Study of Design Parameters for Assessing Differential Impacts for Students in Group Randomized Trials,2016,Jaciw; Lin; Ma,https://doi.org/10.1177/0193841x16659600,,7,crossref:10.2139/ssrn.2516005,0,,,
432,432-jaciw-2016,bee-a,bee,"Jaciw et al., 2016",4,eric,ED583147,RAISE Scale-Up: Implementation and Sustainability in Year 3,2015,"Zacamy, Jenna; Newman, Denis; Lin, Li; Jaciw, Andrew P.",https://eric.ed.gov/?id=ED583147,,7,,0,,,
432,432-jaciw-2016,bee-a,bee,"Jaciw et al., 2016",5,eric,ED570998,"Effectiveness of Internet-Based Reading Apprenticeship Improving Science Education (""iRAISE""): A Report of a Randomized Experiment in Michigan and Pennsylvania. Research Report",2016,"Jaciw, Andrew P.; Schellinger, Adam M.; Lin, Li; Zacamy, Jenna; Toby, Megan",https://eric.ed.gov/?id=ED570998,,7,,0,,,
432,432-jaciw-2016,bee-a,bee,"Jaciw et al., 2016",6,crossref,10.2139/ssrn.2509464,"Assessing Impacts of Math in Focus, a ‘Singapore Math’ Program for American Schools: A Report of Findings from a Randomized Control Trial",2014,Jaciw; Hegseth; Ma; Lai,https://doi.org/10.2139/ssrn.2509464,,6,,0,,,
432,432-jaciw-2016,bee-a,bee,"Jaciw et al., 2016",7,eric,ED583148,Comparative Effectiveness of WestEd's iRAISE Professional Development: An Interim Report of a Randomized Experiment in Michigan and Pennsylvania,2015,"Schellinger, Adam M.; Toby, Megan; Jaciw, Andrew P.; Zacamy, Jenna",https://eric.ed.gov/?id=ED583148,,6,,0,,,
432,432-jaciw-2016,bee-a,bee,"Jaciw et al., 2016",8,eric,ED571000,The Impact of the Reading Apprenticeship Improving Secondary Education (RAISE) Project on Academic Literacy in High School: A Report of a Randomized Experiment in Pennsylvania and California Schools. Research Report,2015,"Fancsali, Cheri; Abe, Yasuyo; Pyatigorsky, Mikhail; Ortiz, Lorena; Chan, Vincent; Saltares, Eliana; Toby, Megan; Schellinger, Adam; Jaciw, Andrew",https://eric.ed.gov/?id=ED571000,,6,,0,,,
435,435-jacob-2015,bee-a,bee,Jacob et al. (2015),1,crossref,10.1080/19345747.2016.1138560,Leveraging Volunteers: An Experimental Evaluation of a Tutoring Program for Struggling Readers,2016,Jacob; Armstrong; Bowden; Pan,https://doi.org/10.1080/19345747.2016.1138560,,9,,1,api-crossref,,
435,435-jacob-2015,bee-a,bee,Jacob et al. (2015),2,crossref,10.7490/f1000research.1110275.1,Structural basis of the effect of Systemic Lupus Erythematosus-Associated mutations in NCF2 on the activity of NADPH oxidase,2015,Eisenstein; Jacob; Zidovetzki; Armstrong,https://doi.org/10.7490/f1000research.1110275.1,,6,,0,,,
435,435-jacob-2015,bee-a,bee,Jacob et al. (2015),3,eric,EJ1044381,"Evolution, Entropy, & Biological Information",2014,"Peterson, Jacob",https://eric.ed.gov/?id=EJ1044381,,5,,0,,,
435,435-jacob-2015,bee-a,bee,Jacob et al. (2015),4,eric,EJ1039196,Funding and Focus: Resource Dependence in Public Higher Education,2014,"Fowles, Jacob",https://eric.ed.gov/?id=EJ1039196,,5,,0,,,
435,435-jacob-2015,bee-a,bee,Jacob et al. (2015),5,eric,EJ1120543,"Educational Practice, Student Experience, and the Purpose of Education--A Critique of ""Pedagogy in Practice""",2016,"Klitmøller, Jacob",https://eric.ed.gov/?id=EJ1120543,,5,,0,,,
435,435-jacob-2015,bee-a,bee,Jacob et al. (2015),6,eric,EJ1117667,"Moral Outrage and Musical Corruption: White Educators' Responses to the ""Jazz Problem""",2016,"Hardesty, Jacob",https://eric.ed.gov/?id=EJ1117667,,5,,0,,,
435,435-jacob-2015,bee-a,bee,Jacob et al. (2015),7,eric,EJ1123943,Try a New Approach: Using German Practice in Harmonica Education,2016,"Prosek, Jacob",https://eric.ed.gov/?id=EJ1123943,,5,,0,,,
435,435-jacob-2015,bee-a,bee,Jacob et al. (2015),8,eric,EJ1158430,Impact of Jos Crises on Pattern of Students/Teachers' Population in Schools and Its Implication on the Quality of Teaching and Peaceful Co-Existence in Nigeria,2015,"Jacob, Sunday",https://eric.ed.gov/?id=EJ1158430,https://files.eric.ed.gov/fulltext/EJ1158430.pdf,5,,0,,,
464,464-jordan-2009,bee-a,bee,"Jordan, 2009",1,eric,EJ1130603,Assessment for Learning: Pushing the Boundaries of Computer-Based Assessment,2009,"Jordan, Sally",https://eric.ed.gov/?id=EJ1130603,https://files.eric.ed.gov/fulltext/EJ1130603.pdf,5,,0,ambiguous,,
464,464-jordan-2009,bee-a,bee,"Jordan, 2009",2,eric,ED527071,"The Impact of the Primary Years Program of the International Baccalaureate Organization on the English Language Arts State Test Scores of Third, Fourth, and Fifth Grade Students in South Carolina",2009,"Jordan, Frank",https://eric.ed.gov/?id=ED527071,,5,,0,,,
464,464-jordan-2009,bee-a,bee,"Jordan, 2009",3,eric,ED513129,Loss of Infinitival Complementation in Romanian Diachronic Syntax,2009,"Jordan, Maria",https://eric.ed.gov/?id=ED513129,,5,,0,,,
464,464-jordan-2009,bee-a,bee,"Jordan, 2009",4,eric,EJ787613,Autistic Spectrum Disorders: A Challenge and a Model for Inclusion in Education,2008,"Jordan, Rita",https://eric.ed.gov/?id=EJ787613,,5,,0,,,
464,464-jordan-2009,bee-a,bee,"Jordan, 2009",5,eric,EJ868265,Second Language Users and Emerging English Designs,2009,"Jordan, Jay",https://eric.ed.gov/?id=EJ868265,,5,,0,,,
464,464-jordan-2009,bee-a,bee,"Jordan, 2009",6,eric,EJ912561,Online Interactive Assessment in Teaching Science: A View from the Open University,2009,"Jordan, Sally",https://eric.ed.gov/?id=EJ912561,,5,,0,,,
464,464-jordan-2009,bee-a,bee,"Jordan, 2009",7,eric,EJ908916,Mikey's Message,2010,"Jordan, Jon",https://eric.ed.gov/?id=EJ908916,,5,,0,,,
464,464-jordan-2009,bee-a,bee,"Jordan, 2009",8,eric,EJ894024,"""But It Doesn't Count, Sir""--A Conversation about Using Electronic Discussion in VCE English",2008,"Jordan, Kathy",https://eric.ed.gov/?id=EJ894024,,5,,0,,,
470,470-karper-1993,bee-a,bee,"Karper and Melnick, 1993",1,crossref,10.1016/s0197-4572(06)80071-6,Effects of exercise on acute respiratory tract infections and related symptoms,1993,Karper; Boschen,https://doi.org/10.1016/s0197-4572(06)80071-6,,5,,0,ambiguous,,
470,470-karper-1993,bee-a,bee,"Karper and Melnick, 1993",2,crossref,10.1016/0920-9964(93)90539-u,Ketamine effects reduced by lorazepam in healthy humans,1993,Krystal; Karper; Abi-Dargham; Delaney; Bremmer; Bowers; Charney,https://doi.org/10.1016/0920-9964(93)90539-u,,5,,0,,,
470,470-karper-1993,bee-a,bee,"Karper and Melnick, 1993",3,eric,EJ500928,"Antipsychotics, Lithium, Benzodiazepines, Beta-Blockers.",1994,"Karper, Laurence P.; And Others",https://eric.ed.gov/?id=EJ500928,,5,,0,,,
470,470-karper-1993,bee-a,bee,"Karper and Melnick, 1993",4,crossref,10.1006/biol.1993.1087,Albert B. Sabin,1993,Melnick; Horaud,https://doi.org/10.1006/biol.1993.1087,,3,,0,,,
470,470-karper-1993,bee-a,bee,"Karper and Melnick, 1993",5,crossref,10.1007/978-3-7091-9278-8_15,Lessons from poliovirus control: strategies for eradication,1993,Melnick,https://doi.org/10.1007/978-3-7091-9278-8_15,,3,,0,,,
470,470-karper-1993,bee-a,bee,"Karper and Melnick, 1993",6,crossref,10.1159/isbn.978-3-8055-5600-2,Progress in Medical Virology,1993,,https://doi.org/10.1159/isbn.978-3-8055-5600-2,,2,,0,,,
476,476-kim-2010,bee-a,bee,Kim & Guryan (2010),1,crossref,10.1037/a0017270,The efficacy of a voluntary summer book reading intervention for low-income Latino children from language minority families.,2010,Kim; Guryan,https://doi.org/10.1037/a0017270,,6,,0,ambiguous,,
476,476-kim-2010,bee-a,bee,Kim & Guryan (2010),2,eric,EJ884116,The Effects of Mathematical Modeling on Creative Production Ability and Self-Directed Learning Attitude,2010,"Kim, Sun Hee; Kim, Soojin",https://eric.ed.gov/?id=EJ884116,,6,,0,,,
476,476-kim-2010,bee-a,bee,Kim & Guryan (2010),3,eric,EJ918018,Using Pretask Modelling to Encourage Collaborative Learning Opportunities,2011,"Kim, YouJin; McDonough, Kim",https://eric.ed.gov/?id=EJ918018,,5,,0,,,
476,476-kim-2010,bee-a,bee,Kim & Guryan (2010),4,eric,EJ850237,"Syntactic Priming, Type Frequency, and EFL Learners' Production of ""Wh""-Questions",2009,"McDonough, Kim; Kim, Youjin",https://eric.ed.gov/?id=EJ850237,,5,,0,,,
476,476-kim-2010,bee-a,bee,Kim & Guryan (2010),5,eric,EJ850273,Does Cultural Capital Matter?: Cultural Divide and Quality of Life,2009,"Kim, Seoyong; Kim, Hyesun",https://eric.ed.gov/?id=EJ850273,,5,,0,,,
476,476-kim-2010,bee-a,bee,Kim & Guryan (2010),6,eric,EJ901233,Distributed Emotions in the Design of Learning Technologies,2010,"Kim, Beaumie; Kim, Mi Song",https://eric.ed.gov/?id=EJ901233,,5,,0,,,
476,476-kim-2010,bee-a,bee,Kim & Guryan (2010),7,eric,EJ1164629,"""Commentary"": Object and Spatial Visualization in Geosciences",2010,"Kastens, Kim",https://eric.ed.gov/?id=EJ1164629,https://files.eric.ed.gov/fulltext/EJ1164629.pdf,5,,0,,,
476,476-kim-2010,bee-a,bee,Kim & Guryan (2010),8,eric,EJ1102917,World Wide Web as a Research Tool for Self Motivated Learning of Ozone,2009,"Hanna, Kim",https://eric.ed.gov/?id=EJ1102917,https://files.eric.ed.gov/fulltext/EJ1102917.pdf,5,,0,,,
477,477-kim-2008,bee-a,bee,Kim & White (2008),1,crossref,10.3139/9783446418561,Thermoplastic and Rubber Compounds,2008,White; Kim,https://doi.org/10.3139/9783446418561,,6,,0,ambiguous,,
477,477-kim-2008,bee-a,bee,Kim & White (2008),2,crossref,10.3139/9783446418561.008,Multicomponent Compounds,2008,White; Kim,https://doi.org/10.3139/9783446418561.008,,6,,0,,,
477,477-kim-2008,bee-a,bee,Kim & White (2008),3,crossref,10.3139/9783446418561.bm,Subject Index,2008,White; Kim,https://doi.org/10.3139/9783446418561.bm,,6,,0,,,
477,477-kim-2008,bee-a,bee,Kim & White (2008),4,eric,EJ793625,The Effect of Interlocutor Proficiency on the Collaborative Dialogue between Korean as a Second Language Learners,2008,"Kim, YouJin; McDonough, Kim",https://eric.ed.gov/?id=EJ793625,,6,,0,,,
477,477-kim-2008,bee-a,bee,Kim & White (2008),5,crossref,10.2139/ssrn.1303870,Honesty vs White Lies,2008,Kim; Pogach,https://doi.org/10.2139/ssrn.1303870,,5,,0,,,
477,477-kim-2008,bee-a,bee,Kim & White (2008),6,crossref,10.1109/icip.2008.4711797,Automatic white balance based on adaptive feature selection with standard illuminants,2008,Sujung Kim; Wook-joong Kim; Seong-Dae Kim,https://doi.org/10.1109/icip.2008.4711797,,5,,0,,,
477,477-kim-2008,bee-a,bee,Kim & White (2008),7,eric,EJ791912,The Effects of the Coordination Support on Shared Mental Models and Coordinated Action,2008,"Kim, Hyunsong; Kim, Dongsik",https://eric.ed.gov/?id=EJ791912,,5,,0,,,
477,477-kim-2008,bee-a,bee,Kim & White (2008),8,eric,EJ831152,Learners' Production of Passives during Syntactic Priming Activities,2008,"Kim, Youjin; McDonough, Kim",https://eric.ed.gov/?id=EJ831152,,5,,0,,,
479,479-kim-2006,bee-a,bee,Kim (2006),1,crossref,10.1109/isemc.2006.1706389,Design and analysis of improved multi-module memory bus using wilkinson power divider,2006,Jingook Kim; Eakhwan Song; Jaemin Kim; Kim; Myunghee Sung; Jonghoon Kim; Byungse So,https://doi.org/10.1109/isemc.2006.1706389,,5,,0,ambiguous,,
479,479-kim-2006,bee-a,bee,Kim (2006),2,crossref,10.1145/1179622.1179750,A unified framework for 3D non-photorealistic rendering,2006,Kim; Kim; Kim; Koo,https://doi.org/10.1145/1179622.1179750,,5,,0,,,
479,479-kim-2006,bee-a,bee,Kim (2006),3,crossref,10.1055/s-2006-941929,Synthesis of (-)-Lepadiformine,2006,Kim; Lee; Lee; Kim; Ko; Kim,https://doi.org/10.1055/s-2006-941929,,5,,0,,,
479,479-kim-2006,bee-a,bee,Kim (2006),4,crossref,10.1061/40889(201)15,A Study on Actual Wind Load Distributions Derived by Advanced Conditional Sampling Method,2006,Kim; Kim; Kim,https://doi.org/10.1061/40889(201)15,,5,,0,,,
479,479-kim-2006,bee-a,bee,Kim (2006),5,crossref,10.1057/9780230626706,Newly Industrialising Economies and International Competitiveness,2006,Kim; Kim,https://doi.org/10.1057/9780230626706,,5,,0,,,
479,479-kim-2006,bee-a,bee,Kim (2006),6,openalex,10.1037/0735-7044.120.6.1267,"""Anxiogenic-like effect of chronic corticosterone in the light-dark emergence task in mice"": Correction to Ardayfio and Kim (2006).",2006,Ardayfio; Kim,https://doi.org/10.1037/0735-7044.120.6.1267,,5,,0,,,
479,479-kim-2006,bee-a,bee,Kim (2006),7,eric,EJ806837,Profiles of School Administrators in South Korea: A Comparative Perspective,2005,"Kim, Songmi; Kim, Eugene P.",https://eric.ed.gov/?id=EJ806837,,5,,0,,,
479,479-kim-2006,bee-a,bee,Kim (2006),8,eric,EJ1136434,Using a Comprehensive Leadership Framework as a Scholarship and Teaching Tool,2006,"Boyce, Kim",https://eric.ed.gov/?id=EJ1136434,,5,,0,,,
482,482-kim-2010,bee-a,bee,Kim et al. (2010),1,crossref,10.1007/s11145-009-9198-2,"A randomized experiment of a mixed-methods literacy intervention for struggling readers in grades 4–6: effects on word reading efficiency, reading comprehension and vocabulary, and oral reading fluency",2009,Kim; Samson; Fitzgerald; Hartry,https://doi.org/10.1007/s11145-009-9198-2,,9,,1,api-crossref,,
482,482-kim-2010,bee-a,bee,Kim et al. (2010),2,eric,ED528886,The Role of Oral Language Interactions in English Literacy Learning: A Case Study of a First Grade Korean Child,2011,"Kim, Kwangok",https://eric.ed.gov/?id=ED528886,,6,,0,,,
482,482-kim-2010,bee-a,bee,Kim et al. (2010),3,eric,EJ918018,Using Pretask Modelling to Encourage Collaborative Learning Opportunities,2011,"Kim, YouJin; McDonough, Kim",https://eric.ed.gov/?id=EJ918018,,5,,0,,,
482,482-kim-2010,bee-a,bee,Kim et al. (2010),4,eric,EJ850237,"Syntactic Priming, Type Frequency, and EFL Learners' Production of ""Wh""-Questions",2009,"McDonough, Kim; Kim, Youjin",https://eric.ed.gov/?id=EJ850237,,5,,0,,,
482,482-kim-2010,bee-a,bee,Kim et al. (2010),5,eric,EJ850273,Does Cultural Capital Matter?: Cultural Divide and Quality of Life,2009,"Kim, Seoyong; Kim, Hyesun",https://eric.ed.gov/?id=EJ850273,,5,,0,,,
482,482-kim-2010,bee-a,bee,Kim et al. (2010),6,eric,EJ884116,The Effects of Mathematical Modeling on Creative Production Ability and Self-Directed Learning Attitude,2010,"Kim, Sun Hee; Kim, Soojin",https://eric.ed.gov/?id=EJ884116,,5,,0,,,
482,482-kim-2010,bee-a,bee,Kim et al. (2010),7,eric,EJ901233,Distributed Emotions in the Design of Learning Technologies,2010,"Kim, Beaumie; Kim, Mi Song",https://eric.ed.gov/?id=EJ901233,,5,,0,,,
482,482-kim-2010,bee-a,bee,Kim et al. (2010),8,eric,EJ1164629,"""Commentary"": Object and Spatial Visualization in Geosciences",2010,"Kastens, Kim",https://eric.ed.gov/?id=EJ1164629,https://files.eric.ed.gov/fulltext/EJ1164629.pdf,5,,0,,,
483,483-kim-2011,bee-a,bee,Kim et al. (2011),1,eric,EJ950826,Effect of Screen Size on Multimedia Vocabulary Learning,2012,"Kim, Daesang; Kim, Dong-Joong",https://eric.ed.gov/?id=EJ950826,,6,,0,low-margin,,
483,483-kim-2011,bee-a,bee,Kim et al. (2011),2,eric,EJ918018,Using Pretask Modelling to Encourage Collaborative Learning Opportunities,2011,"Kim, YouJin; McDonough, Kim",https://eric.ed.gov/?id=EJ918018,,5,,0,,,
483,483-kim-2011,bee-a,bee,Kim et al. (2011),3,eric,EJ884116,The Effects of Mathematical Modeling on Creative Production Ability and Self-Directed Learning Attitude,2010,"Kim, Sun Hee; Kim, Soojin",https://eric.ed.gov/?id=EJ884116,,5,,0,,,
483,483-kim-2011,bee-a,bee,Kim et al. (2011),4,eric,EJ901233,Distributed Emotions in the Design of Learning Technologies,2010,"Kim, Beaumie; Kim, Mi Song",https://eric.ed.gov/?id=EJ901233,,5,,0,,,
483,483-kim-2011,bee-a,bee,Kim et al. (2011),5,eric,EJ1013454,Are Physical Education-Related State Policies and Schools' Physical Education Requirement Related to Children's Physical Activity and Obesity?,2012,"Kim, Jinsook",https://eric.ed.gov/?id=EJ1013454,,5,,0,,,
483,483-kim-2011,bee-a,bee,Kim et al. (2011),6,eric,EJ1164629,"""Commentary"": Object and Spatial Visualization in Geosciences",2010,"Kastens, Kim",https://eric.ed.gov/?id=EJ1164629,https://files.eric.ed.gov/fulltext/EJ1164629.pdf,5,,0,,,
483,483-kim-2011,bee-a,bee,Kim et al. (2011),7,eric,EJ1127867,Postsecondary Students with Learning Disabilities: Can We Do More?,2012,"Floyd, Kim",https://eric.ed.gov/?id=EJ1127867,https://files.eric.ed.gov/fulltext/EJ1127867.pdf,5,,0,,,
483,483-kim-2011,bee-a,bee,Kim et al. (2011),8,eric,EJ1003717,Let's Cancel the Dog-and-Pony Show,2012,"Marshall, Kim",https://eric.ed.gov/?id=EJ1003717,,5,,0,,,
485,485-olson-2012,bee-a,bee,"Kim et al., 2011; Olsen et al., 2012",1,crossref,10.3102/0002831212439434,Enhancing the Interpretive Reading and Analytical Writing of Mainstreamed English Learners in Secondary School,2012,Olson; Kim; Scarcella; Kramer; Pearson; van Dyk; Collins; Land,https://doi.org/10.3102/0002831212439434,,10,,1,api-crossref,,
485,485-olson-2012,bee-a,bee,"Kim et al., 2011; Olsen et al., 2012",2,crossref,10.1002/9781118784235.eelt0526,Literacy Development and Second Language Writing,2018,Scarcella; Olson; Matuchniak,https://doi.org/10.1002/9781118784235.eelt0526,,5,,0,,,
485,485-olson-2012,bee-a,bee,"Kim et al., 2011; Olsen et al., 2012",3,eric,EJ986267,Military Service Members and Veterans: In the Classroom and on the Police Force,2012,"Olson, Dustin; Gabriel-Olson, Kirsten",https://eric.ed.gov/?id=EJ986267,,5,,0,,,
485,485-olson-2012,bee-a,bee,"Kim et al., 2011; Olsen et al., 2012",4,eric,EJ1025032,"Common Magnets, Unexpected Polarities",2013,"Olson, Mark",https://eric.ed.gov/?id=EJ1025032,,5,,0,,,
485,485-olson-2012,bee-a,bee,"Kim et al., 2011; Olsen et al., 2012",5,eric,ED536386,Thinking Evolutionarily: Evolution Education across the Life Sciences--Summary of a Convocation,2012,"Olson, Steve",https://eric.ed.gov/?id=ED536386,,5,,0,,,
485,485-olson-2012,bee-a,bee,"Kim et al., 2011; Olsen et al., 2012",6,eric,ED546722,Superintendent Search and Selection Processes in the State of Wisconsin: Seeking the Best Match,2012,"Olson, Lisa",https://eric.ed.gov/?id=ED546722,,5,,0,,,
485,485-olson-2012,bee-a,bee,"Kim et al., 2011; Olsen et al., 2012",7,eric,ED555239,From Neurons to Neighborhoods: An Update--Workshop Summary,2012,"Olson, Steve",https://eric.ed.gov/?id=ED555239,,5,,0,,,
485,485-olson-2012,bee-a,bee,"Kim et al., 2011; Olsen et al., 2012",8,eric,ED554774,Awareness of Accessibility Barriers in Computer-Based Instructional Materials and Faculty Demographics at South Dakota Public Universities,2013,"Olson, Christopher",https://eric.ed.gov/?id=ED554774,,5,,0,,,
486,486-kim-2016,bee-a,bee,"Kim et al., 2016",1,crossref,10.1002/rrq.171,Engaging Struggling Adolescent Readers to Improve Reading Skills,2016,Kim; Hemphill; Troyer; Thomson; Jones; LaRusso; Donovan,https://doi.org/10.1002/rrq.171,,11,,1,api-crossref,,
486,486-kim-2016,bee-a,bee,"Kim et al., 2016",2,crossref,10.1257/rct.2104,Model of Reading Engagement,2017,kim; Troyer,https://doi.org/10.1257/rct.2104,,8,crossref:10.1257/rct.2104-2.0,0,,,
486,486-kim-2016,bee-a,bee,"Kim et al., 2016",3,crossref,10.1017/9781316718537.012,Improving Struggling Readers’ Literacy Skills through Talk about Text,2019,Hemphill; Kim; Troyer,https://doi.org/10.1017/9781316718537.012,,7,,0,,,
486,486-kim-2016,bee-a,bee,"Kim et al., 2016",4,eric,EJ1132274,"Multimodal Play-Literacy: A Preschooler's Storytelling, Drawing, and Performing of Dinosaur Extinction Theories",2017,"Kim, Koeun; Kim, Koomi",https://eric.ed.gov/?id=EJ1132274,,7,,0,,,
486,486-kim-2016,bee-a,bee,"Kim et al., 2016",5,eric,EJ1090135,Korean College EFL Learners' Task Motivation in Written Language Production,2016,"Kim, Bomin; Kim, Haedong",https://eric.ed.gov/?id=EJ1090135,https://files.eric.ed.gov/fulltext/EJ1090135.pdf,7,,0,,,
486,486-kim-2016,bee-a,bee,"Kim et al., 2016",6,eric,EJ1121753,"Three Korean Heritage Language Teachers' Identities, Their Identification of Their Students, and Their Instructional Practices",2016,"Kim, Jung-In; Kim, Miseon",https://eric.ed.gov/?id=EJ1121753,,7,,0,,,
486,486-kim-2016,bee-a,bee,"Kim et al., 2016",7,eric,EJ1164406,Going beyond the Gap between Theory and Practice: Rethinking Teacher Reflection with Poststructural Insights,2017,"Kim, Koeun; Kim, Jinhee",https://eric.ed.gov/?id=EJ1164406,,6,,0,,,
486,486-kim-2016,bee-a,bee,"Kim et al., 2016",8,eric,EJ1159914,Positioning of Korean Immigrant Mothers of Children with Disabilities,2017,"Kim, Jieun; Kim, Sunyoung",https://eric.ed.gov/?id=EJ1159914,https://files.eric.ed.gov/fulltext/EJ1159914.pdf,6,,0,,,
506,506-konstantopoulos-2016,bee-a,bee,"Konstantopoulos et al., 2016",1,crossref,10.1080/00220671.2015.1103685,Do interim assessments reduce the race and SES achievement gaps?,2016,Konstantopoulos; Li; Miller; van der Ploeg,https://doi.org/10.1080/00220671.2015.1103685,,7,eric:EJ1139993,0,ambiguous,,
506,506-konstantopoulos-2016,bee-a,bee,"Konstantopoulos et al., 2016",2,crossref,10.1177/0013164415606498,Effects of Interim Assessments Across the Achievement Distribution,2015,Konstantopoulos; Li; Miller; van der Ploeg,https://doi.org/10.1177/0013164415606498,,7,eric:EJ1106300,0,,,
506,506-konstantopoulos-2016,bee-a,bee,"Konstantopoulos et al., 2016",3,crossref,10.1080/19345747.2015.1116031,Effects of Interim Assessments on Student Achievement: Evidence From a Large-Scale Experiment,2016,Konstantopoulos; Miller; van der Ploeg; Li,https://doi.org/10.1080/19345747.2015.1116031,https://files.eric.ed.gov/fulltext/ED562166.pdf,7,eric:ED562166 eric:EJ1115334,0,,,
506,506-konstantopoulos-2016,bee-a,bee,"Konstantopoulos et al., 2016",4,eric,EJ1115245,Class Size Effects on Fourth-Grade Mathematics Achievement: Evidence from TIMSS 2011,2016,"Li, Wei; Konstantopoulos, Spyros",https://eric.ed.gov/?id=EJ1115245,,7,eric:EJ1103822,0,,,
506,506-konstantopoulos-2016,bee-a,bee,"Konstantopoulos et al., 2016",5,crossref,10.1177/0013164416641460,Power Analysis for Models of Change in Cluster Randomized Designs,2016,Li; Konstantopoulos,https://doi.org/10.1177/0013164416641460,,6,eric:EJ1125355,0,,,
506,506-konstantopoulos-2016,bee-a,bee,"Konstantopoulos et al., 2016",6,eric,EJ1139569,Does Class-Size Reduction Close the Achievement Gap? Evidence from TIMSS 2011,2017,"Li, Wei; Konstantopoulos, Spyros",https://eric.ed.gov/?id=EJ1139569,,6,,0,,,
506,506-konstantopoulos-2016,bee-a,bee,"Konstantopoulos et al., 2016",7,eric,ED567046,Power Consideration for Three-Level Growth Models,2016,"Li, Wei; Konstantopoulos, Spyros",https://eric.ed.gov/?id=ED567046,https://files.eric.ed.gov/fulltext/ED567046.pdf,6,,0,,,
506,506-konstantopoulos-2016,bee-a,bee,"Konstantopoulos et al., 2016",8,crossref,10.1177/0013164419837321,Using Quantile Regression to Estimate Intervention Effects Beyond the Mean,2019,Konstantopoulos; Li; Miller; van der Ploeg,https://doi.org/10.1177/0013164419837321,,5,,0,,,
507,507-kozlow-2004,bee-a,bee,"Kozlow and Bellamy, 2004",1,crossref,10.1016/j.ypmed.2003.09.043,What respondents recall about walking and what self-report items elicit about walking,2004,Johnson-Kozlow; Matt,https://doi.org/10.1016/j.ypmed.2003.09.043,,5,,0,ambiguous,,
507,507-kozlow-2004,bee-a,bee,"Kozlow and Bellamy, 2004",2,crossref,10.1057/9780230005600,Security Communities and their Neighbours,2004,Bellamy,https://doi.org/10.1057/9780230005600,,3,,0,,,
507,507-kozlow-2004,bee-a,bee,"Kozlow and Bellamy, 2004",3,crossref,10.2139/ssrn.516802,Which Constitution for What Kind of Europe?,2004,Bellamy,https://doi.org/10.2139/ssrn.516802,,3,,0,,,
507,507-kozlow-2004,bee-a,bee,"Kozlow and Bellamy, 2004",4,crossref,10.1093/0199265208.001.0001,International Society and its Critics,2004,,https://doi.org/10.1093/0199265208.001.0001,,2,,0,,,
507,507-kozlow-2004,bee-a,bee,"Kozlow and Bellamy, 2004",5,crossref,10.1057/9780230522442,Lineages of European Citizenship,2004,,https://doi.org/10.1057/9780230522442,,2,,0,,,
507,507-kozlow-2004,bee-a,bee,"Kozlow and Bellamy, 2004",6,openalex,https://openalex.org/W828619523,"Examining the Skills, Attitudes, and Perceptions of Developmental Writing Students at a Midwestern Private College",2005,Elgersma,https://digitalcollections.dordt.edu/faculty_work/163,https://digitalcollections.dordt.edu/faculty_work/163,2,,0,,,
521,521-lin-2016,bee-a,bee,"Lawrence et al., 2016",1,crossref,10.1080/00933104.2016.1203852,Assessing Adolescents’ Communicative Self-Efficacy to Discuss Controversial Issues: Findings From a Randomized Study of the Word Generation Program,2016,Lin; Lawrence; Snow; Taylor,https://doi.org/10.1080/00933104.2016.1203852,,8,,1,api-crossref,,
521,521-lin-2016,bee-a,bee,"Lawrence et al., 2016",2,crossref,10.2172/1331455,DYNA3D/ParaDyn Regression Test Suite Inventory,2016,; Lin; ,https://doi.org/10.2172/1331455,,5,,0,,,
521,521-lin-2016,bee-a,bee,"Lawrence et al., 2016",3,eric,EJ1120757,Is Inquiry-Based Science Teaching Worth the Effort? Some Thoughts Worth Considering,2016,"Zhang, Lin",https://eric.ed.gov/?id=EJ1120757,,5,,0,,,
521,521-lin-2016,bee-a,bee,"Lawrence et al., 2016",4,eric,EJ1138457,Context-Model-Based Instruction in Teaching EFL Writing: A Narrative Inquiry,2016,"Lin, Zheng",https://eric.ed.gov/?id=EJ1138457,,5,,0,,,
521,521-lin-2016,bee-a,bee,"Lawrence et al., 2016",5,eric,EJ1115752,"What Is Education For? A Discussion of Nussbaum's ""Not for Profit: Why Democracy Needs the Humanities""",2016,"Lin, Jing",https://eric.ed.gov/?id=EJ1115752,,5,,0,,,
521,521-lin-2016,bee-a,bee,"Lawrence et al., 2016",6,eric,EJ1124325,Chinese Grade Eight Students' Understanding about the Concept of Global Warming,2017,"Lin, Jing",https://eric.ed.gov/?id=EJ1124325,,5,,0,,,
521,521-lin-2016,bee-a,bee,"Lawrence et al., 2016",7,eric,EJ1114092,"Using a Learning Cycle to Deepen Chinese Primary Students' Concept Learning of the ""Phases of the Moon""",2016,"Lin, Jing",https://eric.ed.gov/?id=EJ1114092,,5,,0,,,
521,521-lin-2016,bee-a,bee,"Lawrence et al., 2016",8,eric,EJ1158321,"Education, Culture and Politics: The Evolution of Chinese Education at the University of Hong Kong, 1911-1941",2017,"Li, Lin",https://eric.ed.gov/?id=EJ1158321,,5,,0,,,
526,526-lenard-2019,bee-a,bee,Lenard & Rhea (2019),1,crossref,10.22190/jtesap1803353b,EXAMINING PEDAGOGICAL CONTENT KNOWLEDGE  OF ESP TEACHERS,2019,Bozic Lenard; Lenard,https://doi.org/10.22190/jtesap1803353b,,5,,0,ambiguous,,
526,526-lenard-2019,bee-a,bee,Lenard & Rhea (2019),2,eric,ED606982,Financial Literacy in WCPSS. DRA Report No. 18.01,2018,"Lenard, Matthew; Huang, Haigen",https://eric.ed.gov/?id=ED606982,https://files.eric.ed.gov/fulltext/ED606982.pdf,5,,0,,,
526,526-lenard-2019,bee-a,bee,Lenard & Rhea (2019),3,eric,EJ1192556,Maturity and Minorities: The Impact of Redshirting on Achievement Gaps,2018,"Lenard, Matthew A.; Peña, Pablo A.",https://eric.ed.gov/?id=EJ1192556,,5,,0,,,
526,526-lenard-2019,bee-a,bee,Lenard & Rhea (2019),4,eric,ED606974,Nurturing for a Bright Tomorrow: Experimental Evidence for Two Kindergarten Cohorts. DRA Report No. 19.07,2019,"Lenard, Matthew; Harris, Angel; Hill, Darryl",https://eric.ed.gov/?id=ED606974,https://files.eric.ed.gov/fulltext/ED606974.pdf,5,,0,,,
526,526-lenard-2019,bee-a,bee,Lenard & Rhea (2019),5,eric,ED671228,The Design of Clustered Observational Studies in Education. EdWorkingPaper No. 20-234,2020,Lindsay C. Page; Matthew A. Lenard; Luke Keele,https://eric.ed.gov/?id=ED671228,https://files.eric.ed.gov/fulltext/ED671228.pdf,5,eric:ED671229 eric:EJ1268706,0,,,
526,526-lenard-2019,bee-a,bee,Lenard & Rhea (2019),6,eric,EJ1241670,Socioeconomic-Based School Assignment Policy and Racial Segregation Levels: Evidence from the Wake County Public School System,2020,"Carlson, Deven; Bell, Elizabeth; Lenard, Matthew A.; Cowen, Joshua M.; McEachin, Andrew",https://eric.ed.gov/?id=EJ1241670,,5,,0,,,
526,526-lenard-2019,bee-a,bee,Lenard & Rhea (2019),7,crossref,10.1079/cabicompendium.65836,Rhea americana,2019,,https://doi.org/10.1079/cabicompendium.65836,,2,,0,,,
526,526-lenard-2019,bee-a,bee,Lenard & Rhea (2019),8,crossref,10.1007/978-3-319-49425-8_1123,"Almeida, Rhea",2019,Tolliver,https://doi.org/10.1007/978-3-319-49425-8_1123,,2,,0,,,
534,534-little-2014,bee-a,bee,"Little et al., 2014",1,crossref,10.1177/1932202x14549250,Effects of Differentiated Reading Instruction on Student Achievement in Middle School,2014,Little; McCoach; Reis,https://doi.org/10.1177/1932202x14549250,,8,,0,low-margin,,
534,534-little-2014,bee-a,bee,"Little et al., 2014",2,crossref,10.1177/0016986214522858,A Model of Academic Self-Concept,2014,Wilson; Siegle; McCoach; Little; Reis,https://doi.org/10.1177/0016986214522858,,7,,0,,,
534,534-little-2014,bee-a,bee,"Little et al., 2014",3,crossref,10.3102/0002831210382891,The Effects of Differentiated Instruction and Enrichment Pedagogy on Reading Achievement in Five Elementary Schools,2011,Reis; McCoach; Little; Muller; Kaniskan,https://doi.org/10.3102/0002831210382891,,6,,0,,,
534,534-little-2014,bee-a,bee,"Little et al., 2014",4,eric,EJ1121286,"The ""Common European Framework of Reference for Languages"" and the European Language Portfolio: Some History, a View of Language Learner Autonomy, and Some Implications for Language Learning in Higher Education",2013,"Little, David",https://eric.ed.gov/?id=EJ1121286,,6,,0,,,
534,534-little-2014,bee-a,bee,"Little et al., 2014",5,eric,EJ1054655,Teaching Visual Literacy across the Curriculum: Suggestions and Strategies,2015,"Little, Deandra",https://eric.ed.gov/?id=EJ1054655,,6,,0,,,
534,534-little-2014,bee-a,bee,"Little et al., 2014",6,eric,EJ1006719,21st Century Learning and Progressive Education: An Intersection,2013,"Little, Tom",https://eric.ed.gov/?id=EJ1006719,,5,,0,,,
534,534-little-2014,bee-a,bee,"Little et al., 2014",7,eric,EJ1050417,Mothers' Beliefs about Risk and Risk-Taking in Children's Outdoor Play,2015,"Little, Helen",https://eric.ed.gov/?id=EJ1050417,,5,,0,,,
534,534-little-2014,bee-a,bee,"Little et al., 2014",8,eric,EJ1087209,Guiding and Modelling Quality Improvement in Higher Education Institutions,2015,"Little, Daniel",https://eric.ed.gov/?id=EJ1087209,,5,,0,,,
551,551-mie-2015,bee-b,bee,"MIE, 2015",1,eric,EJ1050683,Inked Nostalgia: Displaying Identity through Tattoos as Hawaii Local Practice,2015,"Hiramoto, Mie",https://eric.ed.gov/?id=EJ1050683,,5,,0,ambiguous,,
551,551-mie-2015,bee-b,bee,"MIE, 2015",2,eric,EJ1072853,Measuring Pragmatic Skills: Early Detection of Infants at Risk for Communication Problems,2015,"Cocquyt, Mie; Mommaerts, Maurice Yves; Dewart, Hazel; Zink, Inge",https://eric.ed.gov/?id=EJ1072853,,5,,0,,,
551,551-mie-2015,bee-b,bee,"MIE, 2015",3,eric,EJ1062650,Autism Spectrum Disorder Profile in Neurofibromatosis Type I,2015,"Garg, Shruti; Plasschaert, Ellen; Descheemaeker, Mie-Jef; Huson, Susan; Borghgraef, Martine; Vogels, Annick; Evans, D. Gareth; Legius, Eric; Green, Jonathan",https://eric.ed.gov/?id=EJ1062650,,5,,0,,,
551,551-mie-2015,bee-b,bee,"MIE, 2015",4,crossref,10.1002/ocea.5103,Őmie Art andŐmie Artists©,2015,Rohatynskyj,https://doi.org/10.1002/ocea.5103,,2,,0,,,
551,551-mie-2015,bee-b,bee,"MIE, 2015",5,crossref,10.11603/mie.1996-1960.2015.4,,2015,,https://doi.org/10.11603/mie.1996-1960.2015.4,,2,,0,,,
551,551-mie-2015,bee-b,bee,"MIE, 2015",6,crossref,10.11603/mie.1996-1960.2015.2,,2015,,https://doi.org/10.11603/mie.1996-1960.2015.2,,2,,0,,,
551,551-mie-2015,bee-b,bee,"MIE, 2015",7,crossref,10.11603/mie.1996-1960.2015.1,,2015,,https://doi.org/10.11603/mie.1996-1960.2015.1,,2,,0,,,
551,551-mie-2015,bee-b,bee,"MIE, 2015",8,crossref,10.11603/mie.1996-1960.2015.3,,2015,,https://doi.org/10.11603/mie.1996-1960.2015.3,,2,,0,,,
552,552-madden-2011,bee-b,bee,"Madden et al., 2011",1,crossref,10.1016/j.edurev.2010.07.002,Effective programs for struggling readers: A best-evidence synthesis,2011,Slavin; Lake; Davis; Madden,https://doi.org/10.1016/j.edurev.2010.07.002,,7,,0,ambiguous,,
552,552-madden-2011,bee-b,bee,"Madden et al., 2011",2,crossref,10.1504/ijil.2011.039344,A three-tier model of reading instruction supported by technology,2011,Chambers; Abrami; Slavin; Madden,https://doi.org/10.1504/ijil.2011.039344,,7,,0,,,
552,552-madden-2011,bee-b,bee,"Madden et al., 2011",3,crossref,10.1080/19415532.2011.603914,Effects of cooperative writing with embedded multimedia: a randomized experiment,2011,Madden; Slavin; Logan; Cheung,https://doi.org/10.1080/19415532.2011.603914,,6,,0,,,
552,552-madden-2011,bee-b,bee,"Madden et al., 2011",4,eric,ED527766,A Descriptive Study of Literacy Identity Development in an Elementary Writing Workshop,2010,"Madden, Angie",https://eric.ed.gov/?id=ED527766,,6,,0,,,
552,552-madden-2011,bee-b,bee,"Madden et al., 2011",5,eric,EJ991807,Teaching Students with Disabilities Literacy through Technology,2012,"Madden, Kaitlyn",https://eric.ed.gov/?id=EJ991807,https://files.eric.ed.gov/fulltext/EJ991807.pdf,6,,0,,,
552,552-madden-2011,bee-b,bee,"Madden et al., 2011",6,eric,ED530497,Examining Elementary Teachers' Identities through Analysis of Student Science Notebooks,2011,"Madden, Lauren",https://eric.ed.gov/?id=ED530497,,5,,0,,,
552,552-madden-2011,bee-b,bee,"Madden et al., 2011",7,eric,EJ896764,Gender Differences in Mental Well-Being: A Decomposition Analysis,2010,"Madden, David",https://eric.ed.gov/?id=EJ896764,,5,,0,,,
552,552-madden-2011,bee-b,bee,"Madden et al., 2011",8,eric,EJ964629,A Unique Interdisciplinary Science Research Experience for First-Year Students,2011,"Madden, Kathleen",https://eric.ed.gov/?id=EJ964629,,5,,0,,,
632,632-dumont-2012,bee-b,bee,Newman et al. (2012),1,crossref,10.1037/t21366-000,Educational Outcome Measures,2012,Dumont; Trautwein; Lüdtke; Neumann; Niggli; Schnyder,https://doi.org/10.1037/t21366-000,,10,,0,ambiguous,,
632,632-dumont-2012,bee-b,bee,Newman et al. (2012),2,crossref,10.1037/t21365-000,Parental Homework Involvement Measure,2012,Dumont; Trautwein; Lüdtke; Neumann; Niggli; Schnyder,https://doi.org/10.1037/t21365-000,,10,,0,,,
632,632-dumont-2012,bee-b,bee,Newman et al. (2012),3,crossref,10.1016/j.cedpsych.2011.09.004,Does parental homework involvement mediate the relationship between family background and educational outcomes?,2012,Dumont; Trautwein; Lüdtke; Neumann; Niggli; Schnyder,https://doi.org/10.1016/j.cedpsych.2011.09.004,,10,eric:EJ953688,0,,,
632,632-dumont-2012,bee-b,bee,Newman et al. (2012),4,crossref,10.2378/peu2012.art08d,Familiärer Hintergrund und die Qualität elterlicher Hausaufgabenhilfe,2012,Dumont; Trautwein; Lüdtke,https://doi.org/10.2378/peu2012.art08d,,7,,0,,,
632,632-dumont-2012,bee-b,bee,Newman et al. (2012),5,eric,EJ1018905,Tracking Effects Depend on Tracking Type: An International Comparison of Students' Mathematics Self-Concept,2013,"Chmielewski, Anna K.; Dumont, Hanna; Trautwein, Ulrich",https://eric.ed.gov/?id=EJ1018905,,7,,0,,,
632,632-dumont-2012,bee-b,bee,Newman et al. (2012),6,eric,EJ1010343,"What about the Child's Tie to the Father? A New Insight into Fathering, Father-Child Attachment, Children's Socio-Emotional Development and the Activation Relationship Theory",2013,"Dumont, Caroline; Paquette, Daniel",https://eric.ed.gov/?id=EJ1010343,,5,,0,,,
632,632-dumont-2012,bee-b,bee,Newman et al. (2012),7,eric,EJ1011206,Is Father-Child Rough-and-Tumble Play Associated with Attachment or Activation Relationships?,2013,"Paquette, Daniel; Dumont, Caroline",https://eric.ed.gov/?id=EJ1011206,,5,,0,,,
632,632-dumont-2012,bee-b,bee,Newman et al. (2012),8,eric,EJ1059071,Curriculum Alignment: Establishing Coherence,2013,"Gagné, Philippe; Dumont, Laurence; Brunet, Sabine; Boucher, Geneviève",https://eric.ed.gov/?id=EJ1059071,https://files.eric.ed.gov/fulltext/EJ1059071.pdf,5,,0,,,
662,662-hamm-2019,bee-b,bee,Parker et al. (2019),1,crossref,10.31234/osf.io/v6jt4,Boosters can enhance motivation treatment efficacy in achievement settings by reducing negative emotions,2023,Murphy; Perry; Dryden; Chipperfield; Hamm; Parker,https://doi.org/10.31234/osf.io/v6jt4,,6,,0,ambiguous,,
662,662-hamm-2019,bee-b,bee,Parker et al. (2019),2,crossref,10.1037/e514472015-414,Sedentary behavior in late life: Causal attributions for inactivity,2014,Chipperfield; Parker; Hamm; Perry; Hladkyj; Bader; Campbell,https://doi.org/10.1037/e514472015-414,,6,,0,,,
662,662-hamm-2019,bee-b,bee,Parker et al. (2019),3,eric,EJ1262640,Peer-Collaborator Preferences of African American and White Sixth-Graders in Mathematics Classrooms,2020,"Hoffman, Abigail S.; Hamm, Jill V.; Lambert, Kerrylin; Meece, Judith",https://eric.ed.gov/?id=EJ1262640,,6,,0,,,
662,662-hamm-2019,bee-b,bee,Parker et al. (2019),4,crossref,10.1108/s0749-742320140000018000,Attribution-Based Treatment Interventions in Some Achievement Settings,2014,Perry; Chipperfield; Hladkyj; Pekrun; Hamm,https://doi.org/10.1108/s0749-742320140000018000,,5,,0,,,
662,662-hamm-2019,bee-b,bee,Parker et al. (2019),5,crossref,10.1093/geronb/gbx074,The Detrimental Consequences of Overestimating Future Health in Late Life,2017,Hamm; Kamin; Chipperfield; Perry; Lang,https://doi.org/10.1093/geronb/gbx074,,5,,0,,,
662,662-hamm-2019,bee-b,bee,Parker et al. (2019),6,crossref,10.1037/e634112013-991,Failure-avoidance among university students: Using attributional retraining to improve outcomes for at-risk students,2011,Boese; Stewart; Perry; Chipperfield; Hamm,https://doi.org/10.1037/e634112013-991,,5,,0,,,
662,662-hamm-2019,bee-b,bee,Parker et al. (2019),7,eric,EJ1178906,Peer Group Ethnic Diversity and Social Competencies in Youth Attending Rural Middle Schools,2018,"Williams, Joanna L.; Hamm, Jill V.",https://eric.ed.gov/?id=EJ1178906,https://files.eric.ed.gov/fulltext/EJ1178906.pdf,5,,0,,,
662,662-hamm-2019,bee-b,bee,Parker et al. (2019),8,eric,EJ1181382,'Don't Even Think about Bringing That to School': New Brunswick Students' Understandings of Ethnic Diversity,2018,"Hamm, Lyle; Peck, Carla L.; Sears, Alan",https://eric.ed.gov/?id=EJ1181382,,5,,0,,,
694,694-prast-2018,bee-b,bee,Prast et al. (2018),1,crossref,10.1016/j.cedpsych.2018.08.002,Relations between mathematics achievement and motivation in students of diverse achievement levels,2018,Prast; Van de Weijer-Bergsma; Miočević; Kroesbergen; Van Luit,https://doi.org/10.1016/j.cedpsych.2018.08.002,,9,,0,low-margin,,
694,694-prast-2018,bee-b,bee,Prast et al. (2018),2,crossref,10.1016/j.learninstruc.2018.01.009,Differentiated instruction in primary mathematics: Effects of teacher professional development on student achievement,2018,Prast; Van de Weijer-Bergsma; Kroesbergen; Van Luit,https://doi.org/10.1016/j.learninstruc.2018.01.009,,8,,0,,,
694,694-prast-2018,bee-b,bee,Prast et al. (2018),3,crossref,10.1016/j.lindif.2025.102629,High-achieving students in mathematics: A heterogeneous group,2025,Prast; Hickendorff; Van de Weijer-Bergsma,https://doi.org/10.1016/j.lindif.2025.102629,,5,,0,,,
694,694-prast-2018,bee-b,bee,Prast et al. (2018),4,crossref,10.3390/jintelligence11070136,Towards an Integrative Model of Math Cognition: Interactions between Working Memory and Emotions in Explaining Children’s Math Performance,2023,Van der Ven; Prast; Van de Weijer-Bergsma,https://doi.org/10.3390/jintelligence11070136,,5,,0,,,
694,694-prast-2018,bee-b,bee,Prast et al. (2018),5,crossref,10.3758/s13428-014-0469-8,Validity and reliability of an online visual–spatial working memory task for self-reliant administration in school-aged children,2014,Van de Weijer-Bergsma; Kroesbergen; Prast; Van Luit,https://doi.org/10.3758/s13428-014-0469-8,,5,,0,,,
694,694-prast-2018,bee-b,bee,Prast et al. (2018),6,openalex,10.12973/eu-jer.8.3.713,"From Modern Teaching to Mathematics Achievement: The Mediating Role of Mathematics Attitude, Achievement Motivation, and Self-Efficacy",2019,Damrongpanit,https://doi.org/10.12973/eu-jer.8.3.713,https://eu-jer.com/EU-JER_8_3_713.pdf,3,,0,,,
694,694-prast-2018,bee-b,bee,Prast et al. (2018),7,openalex,10.25115/ejrep.v17i49.2597,Creatividad e inteligencias múltiples percibidas como predictores de las aptitudes escolares en Educación Primaria,2019,Alba; García; Gómez; Areces; Rodríguez,https://doi.org/10.25115/ejrep.v17i49.2597,http://ojs.ual.es/ojs/index.php/EJREP/article/download/2597/3162,2,,0,,,
712,712-ragosta-1983,bee-b,bee,"Ragosta, 1983",1,crossref,10.1007/bf00551971,Properties of polyethylene-propylene blends,1983,Tang; Greco; Ragosta; Cimmino,https://doi.org/10.1007/bf00551971,,5,,0,ambiguous,,
712,712-ragosta-1983,bee-b,bee,"Ragosta, 1983",2,crossref,10.1111/j.1151-2916.1983.tb15717.x,Relation of Load to Radial Crack Length for Spherical Indentations in Hot‐Pressed ZnS,1983,KIRCHNER; RAGOSTA,https://doi.org/10.1111/j.1151-2916.1983.tb15717.x,,5,,0,,,
712,712-ragosta-1983,bee-b,bee,"Ragosta, 1983",3,openalex,10.1021/ic00165a009,Reactions of transition-metal carbonyl anions with Group IIB metal acceptors and the crystal structure of tetrabutylammonium tris(dicarbonyl(.eta.5-cyclopentadienyl)iron)zincate,1983,Petersen; Ragosta; Whitwell; Burlitch,https://doi.org/10.1021/ic00165a009,,5,,0,,,
712,712-ragosta-1983,bee-b,bee,"Ragosta, 1983",4,openalex,10.1002/j.2330-8516.1984.tb00071.x,A RESEARCH CONTEXT FOR STUDYING ADMISSIONS TESTS AND HANDICAPPED POPULATIONS,1984,Bennett; Ragosta,https://doi.org/10.1002/j.2330-8516.1984.tb00071.x,https://onlinelibrary.wiley.com/doi/pdfdirect/10.1002/j.2330-8516.1984.tb00071.x,5,,0,,,
712,712-ragosta-1983,bee-b,bee,"Ragosta, 1983",5,eric,EJ290190,Computer-Assisted Instruction and Compensatory Education: A Longitudinal Analysis.,1983,"Ragosta, Marjorie",https://eric.ed.gov/?id=EJ290190,,5,,0,,,
712,712-ragosta-1983,bee-b,bee,"Ragosta, 1983",6,eric,ED222169,Computer-Assisted Instruction and Compensatory Education: The ETS/LAUSD Study. The Final Report.,1982,"Ragosta, Marjorie; And Others",https://eric.ed.gov/?id=ED222169,https://files.eric.ed.gov/fulltext/ED222169.pdf,5,,0,,,
712,712-ragosta-1983,bee-b,bee,"Ragosta, 1983",7,eric,ED251485,"A Research Context for Studying Admissions Tests and Handicapped Populations. Studies of Admissions Testing and Handicapped People, Report No. 1.",1984,"Bennett, Randy Elliot; Ragosta, Marjorie",https://eric.ed.gov/?id=ED251485,,5,,0,,,
712,712-ragosta-1983,bee-b,bee,"Ragosta, 1983",8,eric,ED238893,Predictive Validity of the SAT on Two Handicapped Groups: The Deaf and the Learning Disabled.,1982,"Jones, Douglas H.; Ragosta, Marjorie",https://eric.ed.gov/?id=ED238893,,5,,0,,,
729,729-reis-2008,bee-b,bee,"Reis, Eckhert, McCoach, Jacobs, and Coyne, 2008",1,crossref,10.3200/joer.101.5.299-315,"Using Enrichment Reading Practices to Increase Reading Fluency, Comprehension, and Attitudes",2008,Reis; Eckert; McCoach; Jacobs; Coyne,https://doi.org/10.3200/joer.101.5.299-315,,10,,1,api-crossref,,
729,729-reis-2008,bee-b,bee,"Reis, Eckhert, McCoach, Jacobs, and Coyne, 2008",2,eric,EJ827732,Committing Treason to Oneself: Neglecting the Effectiveness of Translated Activities in Science and Environmental Education,2009,"Reis, Giuliano",https://eric.ed.gov/?id=EJ827732,,5,,0,,,
729,729-reis-2008,bee-b,bee,"Reis, Eckhert, McCoach, Jacobs, and Coyne, 2008",3,eric,EJ807468,Families as Niches during Communism in East Germany: Consequences for Parent-Child Relationships during Times of Change,2008,"Reis, Olaf",https://eric.ed.gov/?id=EJ807468,,5,,0,,,
729,729-reis-2008,bee-b,bee,"Reis, Eckhert, McCoach, Jacobs, and Coyne, 2008",4,eric,EJ760622,Bad Luck or Bad Decisions: College Students' Perceptions of the Reasons for and Consequences of Their Alcohol Overdose,2007,"Reis, Janet",https://eric.ed.gov/?id=EJ760622,,5,,0,,,
729,729-reis-2008,bee-b,bee,"Reis, Eckhert, McCoach, Jacobs, and Coyne, 2008",5,eric,EJ861393,Gross's Anatomy: Textual Politics in Science/Biology Education Research,2009,"Reis, Giuliano",https://eric.ed.gov/?id=EJ861393,,5,,0,,,
729,729-reis-2008,bee-b,bee,"Reis, Eckhert, McCoach, Jacobs, and Coyne, 2008",6,eric,EJ857659,Making Sense of the Senseless: The Murder of Lawrence King,2009,"Reis, Beth",https://eric.ed.gov/?id=EJ857659,,5,eric:EJ866707,0,,,
729,729-reis-2008,bee-b,bee,"Reis, Eckhert, McCoach, Jacobs, and Coyne, 2008",7,eric,EJ757418,No Child Left Bored,2007,"Reis, Sally M.",https://eric.ed.gov/?id=EJ757418,,5,,0,,,
729,729-reis-2008,bee-b,bee,"Reis, Eckhert, McCoach, Jacobs, and Coyne, 2008",8,eric,EJ756904,Teachers' Conceptions of Teacher-Research and Self-Perceptions as Enquiring Practitioners--A Longitudinal Case Study,2007,"Reis-Jorge, Jose",https://eric.ed.gov/?id=EJ756904,,5,,0,,,
733,733-resendez-2005,bee-b,bee,"Resendez and Manley, 2005",1,crossref,10.1145/1099435.1099479,Security in the residential network,2005,Lytle; Resendez; August,https://doi.org/10.1145/1099435.1099479,,5,,0,ambiguous,,
733,733-resendez-2005,bee-b,bee,"Resendez and Manley, 2005",2,crossref,10.1212/01.wnl.0000167545.38161.48,Ethnic differences in acetylcholinesterase inhibitor use for Alzheimer disease,2005,Mehta; Yin; Resendez; Yaffe,https://doi.org/10.1212/01.wnl.0000167545.38161.48,,5,,0,,,
733,733-resendez-2005,bee-b,bee,"Resendez and Manley, 2005",3,eric,EJ737037,Strategies for Recruiting and Retaining Hispanic Students,2005,"Devall, Esther L.; Vail, Ann; Resendez, Jeanne",https://eric.ed.gov/?id=EJ737037,,5,,0,,,
733,733-resendez-2005,bee-b,bee,"Resendez and Manley, 2005",4,crossref,10.1093/acref/9780195301731.013.42307,"Manley, Edna",2005,,https://doi.org/10.1093/acref/9780195301731.013.42307,,2,,0,,,
733,733-resendez-2005,bee-b,bee,"Resendez and Manley, 2005",5,crossref,10.1093/acref/9780195301731.013.42308,"Manley, Michael",2005,Robinson,https://doi.org/10.1093/acref/9780195301731.013.42308,,2,,0,,,
733,733-resendez-2005,bee-b,bee,"Resendez and Manley, 2005",6,crossref,10.1093/acref/9780195301731.013.42309,"Manley, Norman Washington",2005,Robinson,https://doi.org/10.1093/acref/9780195301731.013.42309,,2,,0,,,
733,733-resendez-2005,bee-b,bee,"Resendez and Manley, 2005",7,openalex,https://openalex.org/W1605496896,Border Security: The Role of the U.S. Border Patrol,2005,Nuñez-Neto,https://digital.library.unt.edu/ark:/67531/metacrs8464/,https://digital.library.unt.edu/ark:/67531/metacrs8464/,2,,0,,,
733,733-resendez-2005,bee-b,bee,"Resendez and Manley, 2005",8,openalex,https://openalex.org/W280805969,"Links between insulin resistance, inflammation and subclinical macrovascular disease in type 2 diabetes",2005,Leinonen,http://hdl.handle.net/10138/22930,http://hdl.handle.net/10138/22930,2,,0,,,
734,734-resendez-2009,bee-b,bee,"Resendez et al., 2009",1,crossref,10.4018/978-1-60566-326-5.ch018,"Introduction, Classification and Implementation of Honeypots",2009,Hernandez y Lopez; Lerma Resendez,https://doi.org/10.4018/978-1-60566-326-5.ch018,,5,,0,ambiguous,,
734,734-resendez-2009,bee-b,bee,"Resendez et al., 2009",2,crossref,10.1653/024.092.0117,Identification of Fire Ants (Hymenoptera: Formicidae) from Northeastern Mexico with Morphology and Molecular Markers,2009,Sanchez-Peña; Chacón-Cardosa; Resendez-Perez,https://doi.org/10.1653/024.092.0117,,5,,0,,,
734,734-resendez-2009,bee-b,bee,"Resendez et al., 2009",3,crossref,10.1038/oby.2008.624,Response to “Letter to Fowler et al. 2008”,2009,Fowler; Stern; Williams; Hazuda; Hunt; Resendez,https://doi.org/10.1038/oby.2008.624,,5,,0,,,
734,734-resendez-2009,bee-b,bee,"Resendez et al., 2009",4,eric,EJ792379,Measuring Student Progress: Changes and Challenges under No Child Left Behind,2008,"Azin, Mariam; Resendez, Miriam G.",https://eric.ed.gov/?id=EJ792379,,5,,0,,,
734,734-resendez-2009,bee-b,bee,"Resendez et al., 2009",5,crossref,10.1037/t62223-000,Date and Acquaintance Rape Avoidance Scale,2016,Resendez; Hughes,https://doi.org/10.1037/t62223-000,,3,,0,,,
734,734-resendez-2009,bee-b,bee,"Resendez et al., 2009",6,crossref,10.18260/1-2-620-38464,"Virtual Experiment in Data Acquisition, Display, and Monitorin",,Bachnak; Steidley; Resendez,https://doi.org/10.18260/1-2-620-38464,,3,,0,,,
734,734-resendez-2009,bee-b,bee,"Resendez et al., 2009",7,openalex,10.1016/j.jacc.2010.05.034,The Metabolic Syndrome and Cardiovascular Risk,2010,Mottillo; Filion; Genest; Joseph; Pilote; Poirier; Rinfret; Schiffrin; Eisenberg,https://doi.org/10.1016/j.jacc.2010.05.034,https://www.sciencedirect.com/science/article/pii/S0735109710026380/pdf,2,,0,,,
734,734-resendez-2009,bee-b,bee,"Resendez et al., 2009",8,openalex,10.1161/circulationaha.108.821181,Local Inflammation and Hypoxia Abolish the Protective Anticontractile Properties of Perivascular Fat in Obese Patients,2009,Greenstein; Khavandi; Withers; Sonoyama; Clancy; Jeziorska; Laing; Yates; Pemberton; Malik; Heagerty,https://doi.org/10.1161/circulationaha.108.821181,https://www.ahajournals.org/doi/pdf/10.1161/CIRCULATIONAHA.108.821181,2,,0,,,
735,735-resendez-2009,bee-b,bee,"Resendez, 2009",1,crossref,10.4018/978-1-60566-326-5.ch018,"Introduction, Classification and Implementation of Honeypots",2009,Hernandez y Lopez; Lerma Resendez,https://doi.org/10.4018/978-1-60566-326-5.ch018,,5,,0,ambiguous,,
735,735-resendez-2009,bee-b,bee,"Resendez, 2009",2,crossref,10.1653/024.092.0117,Identification of Fire Ants (Hymenoptera: Formicidae) from Northeastern Mexico with Morphology and Molecular Markers,2009,Sanchez-Peña; Chacón-Cardosa; Resendez-Perez,https://doi.org/10.1653/024.092.0117,,5,,0,,,
735,735-resendez-2009,bee-b,bee,"Resendez, 2009",3,crossref,10.1038/oby.2008.624,Response to “Letter to Fowler et al. 2008”,2009,Fowler; Stern; Williams; Hazuda; Hunt; Resendez,https://doi.org/10.1038/oby.2008.624,,5,,0,,,
735,735-resendez-2009,bee-b,bee,"Resendez, 2009",4,eric,EJ792379,Measuring Student Progress: Changes and Challenges under No Child Left Behind,2008,"Azin, Mariam; Resendez, Miriam G.",https://eric.ed.gov/?id=EJ792379,,5,,0,,,
735,735-resendez-2009,bee-b,bee,"Resendez, 2009",5,crossref,10.1037/t62223-000,Date and Acquaintance Rape Avoidance Scale,2016,Resendez; Hughes,https://doi.org/10.1037/t62223-000,,3,,0,,,
735,735-resendez-2009,bee-b,bee,"Resendez, 2009",6,crossref,10.18260/1-2-620-38464,"Virtual Experiment in Data Acquisition, Display, and Monitorin",,Bachnak; Steidley; Resendez,https://doi.org/10.18260/1-2-620-38464,,3,,0,,,
735,735-resendez-2009,bee-b,bee,"Resendez, 2009",7,openalex,10.1016/j.jacc.2010.05.034,The Metabolic Syndrome and Cardiovascular Risk,2010,Mottillo; Filion; Genest; Joseph; Pilote; Poirier; Rinfret; Schiffrin; Eisenberg,https://doi.org/10.1016/j.jacc.2010.05.034,https://www.sciencedirect.com/science/article/pii/S0735109710026380/pdf,2,,0,,,
735,735-resendez-2009,bee-b,bee,"Resendez, 2009",8,openalex,10.1161/circulationaha.108.821181,Local Inflammation and Hypoxia Abolish the Protective Anticontractile Properties of Perivascular Fat in Obese Patients,2009,Greenstein; Khavandi; Withers; Sonoyama; Clancy; Jeziorska; Laing; Yates; Pemberton; Malik; Heagerty,https://doi.org/10.1161/circulationaha.108.821181,https://www.ahajournals.org/doi/pdf/10.1161/CIRCULATIONAHA.108.821181,2,,0,,,
736,736-resendez-2005,bee-b,bee,"Resendez, Azin, and Sridharan, 2005",1,crossref,10.1145/1099435.1099479,Security in the residential network,2005,Lytle; Resendez; August,https://doi.org/10.1145/1099435.1099479,,5,,0,ambiguous,,
736,736-resendez-2005,bee-b,bee,"Resendez, Azin, and Sridharan, 2005",2,crossref,10.1212/01.wnl.0000167545.38161.48,Ethnic differences in acetylcholinesterase inhibitor use for Alzheimer disease,2005,Mehta; Yin; Resendez; Yaffe,https://doi.org/10.1212/01.wnl.0000167545.38161.48,,5,,0,,,
736,736-resendez-2005,bee-b,bee,"Resendez, Azin, and Sridharan, 2005",3,eric,EJ737037,Strategies for Recruiting and Retaining Hispanic Students,2005,"Devall, Esther L.; Vail, Ann; Resendez, Jeanne",https://eric.ed.gov/?id=EJ737037,,5,,0,,,
736,736-resendez-2005,bee-b,bee,"Resendez, Azin, and Sridharan, 2005",4,crossref,10.1002/ev.253,Measuring student progress: Changes and challenges under No Child Left Behind,2008,Azin; Resendez,https://doi.org/10.1002/ev.253,,4,,0,,,
736,736-resendez-2005,bee-b,bee,"Resendez, Azin, and Sridharan, 2005",5,crossref,10.2118/97766-ms,Investigation of the Vapex Process in High-Pressure Fractured Heavy-Oil Reservoirs,2005,Rostami; Azin; Kharrat,https://doi.org/10.2118/97766-ms,,3,,0,,,
736,736-resendez-2005,bee-b,bee,"Resendez, Azin, and Sridharan, 2005",6,crossref,10.2118/92720-ms,Applicability of the VAPEX Process to Iranian Heavy Oil Reservoirs,2005,Azin; Kharrat; Ghotbi; Vossoughi,https://doi.org/10.2118/92720-ms,,3,,0,,,
742,742-rimm-kaufman-2014,bee-b,bee,"Rimm-Kaufman et al., 2014",1,crossref,10.3102/0002831214523821,"Efficacy of the
                    Responsive Classroom
                    Approach",2014,Rimm-Kaufman; Larsen; Baroody; Curby; Ko; Thomas; Merritt; Abry; DeCoster,https://doi.org/10.3102/0002831214523821,,10,,0,low-margin,,
742,742-rimm-kaufman-2014,bee-b,bee,"Rimm-Kaufman et al., 2014",2,crossref,10.1037/t38780-000,Student-Reported Engagement in Math Class Measures,2015,Rimm-Kaufman; Baroody; Larsen; Curby; Abry,https://doi.org/10.1037/t38780-000,,9,,0,,,
742,742-rimm-kaufman-2014,bee-b,bee,"Rimm-Kaufman et al., 2014",3,crossref,10.1037/a0037252,To what extent do teacher–student interaction quality and student gender contribute to fifth graders’ engagement in mathematics learning?,2015,Rimm-Kaufman; Baroody; Larsen; Curby; Abry,https://doi.org/10.1037/a0037252,,9,,0,,,
742,742-rimm-kaufman-2014,bee-b,bee,"Rimm-Kaufman et al., 2014",4,crossref,10.1080/02796015.2014.12087455,The Link Between Responsive Classroom Training and Student–Teacher Relationship Quality in the Fifth Grade: A Study of Fidelity of Implementation,2014,Baroody; Rimm-Kaufman; Larsen; Curby,https://doi.org/10.1080/02796015.2014.12087455,https://files.eric.ed.gov/fulltext/EJ1141957.pdf,8,eric:EJ1141957,0,,,
742,742-rimm-kaufman-2014,bee-b,bee,"Rimm-Kaufman et al., 2014",5,crossref,10.1016/j.lindif.2016.02.012,A multi-method approach for describing the contributions of student engagement on fifth grade students' social competence and achievement in mathematics,2016,Baroody; Rimm-Kaufman; Larsen; Curby,https://doi.org/10.1016/j.lindif.2016.02.012,,7,,0,,,
742,742-rimm-kaufman-2014,bee-b,bee,"Rimm-Kaufman et al., 2014",6,eric,EJ1013947,Does the Responsive Classroom Approach Affect the Use of Standards-Based Mathematics Teaching Practices?: Results from a Randomized Controlled Trial,2013,"Ottmar, Erin R.; Rimm-Kaufman, Sara E.; Berry, Robert Q.; Larsen, Ross A.",https://eric.ed.gov/?id=EJ1013947,,7,,0,,,
742,742-rimm-kaufman-2014,bee-b,bee,"Rimm-Kaufman et al., 2014",7,eric,ED563451,Using the Partial Credit Model to Evaluate the Student Engagement in Mathematics Scale,2015,"Leis, Micela; Schmidt, Karen M.; Rimm-Kaufman, Sara E.",https://eric.ed.gov/?id=ED563451,https://files.eric.ed.gov/fulltext/ED563451.pdf,6,,0,,,
742,742-rimm-kaufman-2014,bee-b,bee,"Rimm-Kaufman et al., 2014",8,eric,EJ1091756,Creative Underachievers: Children Who Are Too out of the Box,2015,"Rimm, Sylvia",https://eric.ed.gov/?id=EJ1091756,,5,,0,,,
744,744-ritter-2000,bee-b,bee,Ritter (2000),1,eric,ED436003,Teaching Interdisciplinary Thematic Units in Language Arts. ERIC Digest.,1999,"Ritter, Naomi",https://eric.ed.gov/?id=ED436003,https://files.eric.ed.gov/fulltext/ED436003.pdf,6,,0,low-margin,,
744,744-ritter-2000,bee-b,bee,Ritter (2000),2,crossref,10.4043/11864-ms,Gemini Pipelines,2000,Ritter; Doiron; Beck,https://doi.org/10.4043/11864-ms,,5,,0,,,
744,744-ritter-2000,bee-b,bee,Ritter (2000),3,crossref,10.20955/r.82.11-20,Feeding the National Account,2000,Ritter,https://doi.org/10.20955/r.82.11-20,,5,,0,,,
744,744-ritter-2000,bee-b,bee,Ritter (2000),4,crossref,10.1007/978-3-642-57039-1,R/3-Einführung,2000,Appelrath; Ritter,https://doi.org/10.1007/978-3-642-57039-1,,5,,0,,,
744,744-ritter-2000,bee-b,bee,Ritter (2000),5,crossref,10.1007/978-3-662-04038-6,SAP R/3 Implementation,2000,Appelrath; Ritter,https://doi.org/10.1007/978-3-662-04038-6,,5,,0,,,
744,744-ritter-2000,bee-b,bee,Ritter (2000),6,crossref,10.1023/a:1009430713776,,2000,Ritter,https://doi.org/10.1023/a:1009430713776,,5,,0,,,
744,744-ritter-2000,bee-b,bee,Ritter (2000),7,eric,EJ623485,The Quest for an Effective Form of Assessment: The Evolution and Evaluation of a Controlled Assessment Procedure (CAP).,2000,"Ritter, Leonora",https://eric.ed.gov/?id=EJ623485,,5,,0,,,
744,744-ritter-2000,bee-b,bee,Ritter (2000),8,eric,EJ638868,Professional Writers/Writing Professionals: Revamping Teacher Training in Creative Writing Ph.D. Programs.,2001,"Ritter, Kelly",https://eric.ed.gov/?id=EJ638868,,5,,0,,,
786,786-schenckjr-2011,bee-b,bee,"Schenck et al., 2011",1,crossref,10.1093/benz/9780199773787.article.b00151341,"Rethwisch, Heinrich",2011,,https://doi.org/10.1093/benz/9780199773787.article.b00151341,,2,,0,ambiguous,,
786,786-schenckjr-2011,bee-b,bee,"Schenck et al., 2011",2,crossref,10.2139/ssrn.1926857,The Dynamic Study of Non-Performing Loans and Business Lending Standards: Bank Size Effect,2011,Schenck; Thornton Jr.,https://doi.org/10.2139/ssrn.1926857,,2,,0,,,
786,786-schenckjr-2011,bee-b,bee,"Schenck et al., 2011",3,crossref,10.1093/benz/9780199773787.article.b00162731,"Schenck, Simon",2011,,https://doi.org/10.1093/benz/9780199773787.article.b00162731,,2,,0,,,
786,786-schenckjr-2011,bee-b,bee,"Schenck et al., 2011",4,crossref,10.1093/benz/9780199773787.article.b00162725,"Schenck, Hans",2011,,https://doi.org/10.1093/benz/9780199773787.article.b00162725,,2,,0,,,
786,786-schenckjr-2011,bee-b,bee,"Schenck et al., 2011",5,crossref,10.1007/978-3-322-82497-4_100,Haymo G. Rethwisch,2005,Rethwisch,https://doi.org/10.1007/978-3-322-82497-4_100,,1,,0,,,
787,787-rethwisch-2012,bee-b,bee,"Schenck et al., 2012",1,eric,EJ1009899,Going and Passing through Community Colleges: Examining the Effectiveness of Project Lead The Way in STEM Pathways,2013,"Starobin, Soko S.; Schenk, Tom, Jr.; Laanan, Frankie 
 Santos; Rethwisch, David G.; Moeller, Darin",https://eric.ed.gov/?id=EJ1009899,,8,,0,low-margin,,
787,787-rethwisch-2012,bee-b,bee,"Schenck et al., 2012",2,crossref,10.18260/1-2--20867,A Study of the Impact of Project Lead The Way on Achievement Outcomes in Iowa,,Rethwisch; Chapman Haynes; Starobin; Laanan; Schenk,https://doi.org/10.18260/1-2--20867,,7,,0,,,
787,787-rethwisch-2012,bee-b,bee,"Schenck et al., 2012",3,crossref,10.18260/1-2--17337,A Longitudinal Evaluation of Project Lead The Way in the State of Iowa,,Rethwisch; Laanan; Haynes; Starobin,https://doi.org/10.18260/1-2--17337,,6,,0,,,
787,787-rethwisch-2012,bee-b,bee,"Schenck et al., 2012",4,crossref,10.18260/1-2--19127,A Study of the Impact of a National Project Based Learning Curriculum (PLTW) on Student Continuation to Postsecondary Institutions,,Rethwisch; Starobin; Laanan; Chapman Haynes,https://doi.org/10.18260/1-2--19127,,6,,0,,,
787,787-rethwisch-2012,bee-b,bee,"Schenck et al., 2012",5,eric,ED520566,Russian Language Analysis Project,2011,"Serianni, Barbara; Rethwisch, Carolyn",https://eric.ed.gov/?id=ED520566,https://files.eric.ed.gov/fulltext/ED520566.pdf,6,,0,,,
787,787-rethwisch-2012,bee-b,bee,"Schenck et al., 2012",6,crossref,10.1007/978-3-322-82497-4_100,Haymo G. Rethwisch,2005,Rethwisch,https://doi.org/10.1007/978-3-322-82497-4_100,,3,,0,,,
787,787-rethwisch-2012,bee-b,bee,"Schenck et al., 2012",7,crossref,10.1093/benz/9780199773787.article.b00151341,"Rethwisch, Heinrich",2011,,https://doi.org/10.1093/benz/9780199773787.article.b00151341,,2,,0,,,
790,790-schiller-2012,bee-b,bee,"Schiller et al., 2012",1,crossref,10.1177/0731948712464963,Responsiveness to Intervention in Reading,2012,Jenkins; Schiller; Blackorby; Thayer; Tilly,https://doi.org/10.1177/0731948712464963,,8,,0,ambiguous,,
790,790-schiller-2012,bee-b,bee,"Schiller et al., 2012",2,eric,EJ939955,"Growth in Reading Achievement of Students with Disabilities, Ages 7 to 17",2011,"Wei, Xin; Blackorby, Jose; Schiller, Ellen",https://eric.ed.gov/?id=EJ939955,,8,,0,,,
790,790-schiller-2012,bee-b,bee,"Schiller et al., 2012",3,eric,EJ969197,Reading Aloud in Persian: ERP Evidence for an Early Locus of the Masked Onset Priming Effect,2012,"Timmer, Kalinka; Vahid-Gharavi, Narges; Schiller, Niels O.",https://eric.ed.gov/?id=EJ969197,,6,,0,,,
790,790-schiller-2012,bee-b,bee,"Schiller et al., 2012",4,eric,EJ1012489,School Shootings and Critical Pedagogy,2013,"Schiller, Juliet",https://eric.ed.gov/?id=EJ1012489,,5,,0,,,
790,790-schiller-2012,bee-b,bee,"Schiller et al., 2012",5,eric,ED565921,"""These Rights Go beyond Borders and Pieces of Paper:"" Urban High School Teachers and Newcomer Immigrant Youth Engaging in Human Rights Education",2013,"Schiller, Juliet",https://eric.ed.gov/?id=ED565921,,5,,0,,,
790,790-schiller-2012,bee-b,bee,"Schiller et al., 2012",6,eric,EJ944167,Whoooo Knew?,2011,"Schiller, Ellen; Melin, Jacque",https://eric.ed.gov/?id=EJ944167,,5,,0,,,
790,790-schiller-2012,bee-b,bee,"Schiller et al., 2012",7,eric,EJ930006,Preschoolers' Social Skills Steer Life Success,2011,"Willis, Clarissa A.; Schiller, Pam",https://eric.ed.gov/?id=EJ930006,,5,,0,,,
790,790-schiller-2012,bee-b,bee,"Schiller et al., 2012",8,eric,EJ1011743,Case Study: Case Studies and the Flipped Classroom,2013,"Herreid, Clyde Freeman; Schiller, Nancy A.",https://eric.ed.gov/?id=EJ1011743,,5,,0,,,
800,800-seeetal-2018,bee-b,bee,See et al. (2018),1,crossref,10.5194/hess-2018-245-rc1,Review comments Botter et al. see attached document,2018,,https://doi.org/10.5194/hess-2018-245-rc1,,2,,0,ambiguous,,
800,800-seeetal-2018,bee-b,bee,See et al. (2018),2,crossref,10.5194/cp-2017-147-rc3,"Review on Baldini et al ""Re-evaluating the link between the Laacher See volcanic eruption and the Younger Dryas""",2018,,https://doi.org/10.5194/cp-2017-147-rc3,,2,,0,,,
800,800-seeetal-2018,bee-b,bee,See et al. (2018),3,openalex,10.1093/nar/gkx1037,DrugBank 5.0: a major update to the DrugBank database for 2018,2017,Wishart; Djoumbou-Feunang; Guo; Lo; Marcu; Grant; Sajed; Johnson; Li; Sayeeda; Assempour; Iynkkaran; Liu; Maciejewski; Gale; Wilson; Chin; Cummings; Le; Pon; Knox; Wilson,https://doi.org/10.1093/nar/gkx1037,https://academic.oup.com/nar/article-pdf/46/D1/D1074/23162116/gkx1037.pdf,2,,0,,,
800,800-seeetal-2018,bee-b,bee,See et al. (2018),4,openalex,10.1002/ijc.31937,Estimating the global cancer incidence and mortality in 2018: GLOBOCAN sources and methods,2018,Ferlay; Colombet; Soerjomataram; Mathers; Parkin; Piñeros; Znaor; Bray,https://doi.org/10.1002/ijc.31937,https://onlinelibrary.wiley.com/doi/pdfdirect/10.1002/ijc.31937,2,,0,,,
800,800-seeetal-2018,bee-b,bee,See et al. (2018),5,openalex,10.1093/eurheartj/ehy462,Fourth universal definition of myocardial infarction (2018),2018,Thygesen; Alpert; Jaffe; Chaitman; Bax; Morrow; White; Group; Thygesen; Alpert; Jaffe; Chaitman; Bax; Morrow; White; Mickley; Crea; Werf; Bucciarelli-Ducci; Katus; Pinto; Antman; Hamm; Caterina; Januzzi; Apple; Garcia; Underwood; Canty; Lyon; Devereaux; Zamorano; Lindahl; Weintraub; Newby; Virmani; Vranckx; Cutlip; Gibbons; Smith; Atar; Luepker; Robertson; Bonow; Steg; O’Gara; Fox; Hasdai; Aboyans; Achenbach; Agewall; Alexander; Avezum; Barbato; Bassand; Bates; Bittl; Breithardt; Bueno; Bugiardini; Cohen; Dangas; Lemos; Delgado; Filippatos; Fry; Granger; Halvorsen; Hlatky; Ibanez; James; Kastrati; Leclercq; Mahaffey; Mehta; Müller; Patrono; Piepoli; Piñeiro; Roffi; Rubboli; Sharma; Simpson; Tendera; Valgimigli; Wal; Windecker; Chettibi; Hayrapetyan; Roithinger; Aliyev; Sujayeva; Claeys; Smajić; Kala; Iversen; Hefny; Marandi; Porela; Antov,https://doi.org/10.1093/eurheartj/ehy462,https://academic.oup.com/eurheartj/article-pdf/40/3/237/31623821/ehy462.pdf,2,,0,,,
800,800-seeetal-2018,bee-b,bee,See et al. (2018),6,openalex,10.1080/20013078.2018.1535750,Minimal information for studies of extracellular vesicles 2018 (MISEV2018): a position statement of the International Society for Extracellular Vesicles and update of the MISEV2014 guidelines,2018,Théry; Witwer; Aïkawa; Alcaraz; Anderson; Andriantsitohaina; Antoniou; Arab; Archer; Atkin‐Smith; Ayre; Bach; Bachurski; Baharvand; Balaj; Baldacchino; Bauer; Baxter; Bebawy; Beckham; Zavec; Benmoussa; Berardi; Bergese; Bielska; Blenkiron; Bobis‐Wozowicz; Boilard; Boireau; Bongiovanni; Borràs; Bösch; Boulanger; Breakefield; Breglio; Brennan; Brigstock; Brisson; Broekman; Bromberg; Bryl‐Górecka; Buch; Buck; Burger; Busatto; Buschmann; Bussolati; Buzás; Byrd; Camussi; Carter; Caruso; Chamley; Chang; Chen; Chen; Cheng; Chin; Clayton; Clerici; Cocks; Cocucci; Coffey; Cordeiro‐da‐Silva; Couch; Coumans; Coyle; Crescitelli; Criado; D’Souza‐Schorey; Das; Chaudhuri; Candia; Santana; Wever; Portillo; Demaret; Deville; Devitt; Dhondt; Vizio; Dieterich; Dolo; Rubio; Dominici; Dourado; Driedonks; Duarte; Duncan; Eichenberger; Ekström; Andaloussi; Élie-Caille; Erdbrügger; Falcón‐Pérez; Fatima; Fish; Flores‐Bellver; Försönits; Frelet‐Barrand,https://doi.org/10.1080/20013078.2018.1535750,https://www.tandfonline.com/doi/pdf/10.1080/20013078.2018.1535750?needAccess=true,2,,0,,,
800,800-seeetal-2018,bee-b,bee,See et al. (2018),7,openalex,10.3322/caac.21456,"Ovarian cancer statistics, 2018",2018,Torre; Trabert; DeSantis; Miller; Samimi; Runowicz; Gaudet; Jemal; Siegel,https://doi.org/10.3322/caac.21456,https://acsjournals.onlinelibrary.wiley.com/doi/pdfdirect/10.3322/caac.21456,2,,0,,,
800,800-seeetal-2018,bee-b,bee,See et al. (2018),8,crossref,10.1192/j.eurpsy.2025.10062.sm002,See et al. supplementary material 2,,,https://doi.org/10.1192/j.eurpsy.2025.10062.sm002,,0,crossref:10.1192/j.eurpsy.2025.10062.sm001,0,,,
802,802-serveminnesota-2017,bee-b,bee,"ServeMinnesota, 2017",1,crossref,10.3389/978-2-88945-202-6,EUFEMED 2017,2017,,https://doi.org/10.3389/978-2-88945-202-6,,2,,0,ambiguous,,
802,802-serveminnesota-2017,bee-b,bee,"ServeMinnesota, 2017",2,crossref,10.24001/ijcmes.icsesd2017,ICSESD-2017,2017,,https://doi.org/10.24001/ijcmes.icsesd2017,,2,crossref:10.24001/ijaems.icsesd2017-1 crossref:10.24001/icsesd2017,0,,,
802,802-serveminnesota-2017,bee-b,bee,"ServeMinnesota, 2017",3,crossref,10.1515/9783110538816,2017,2017,,https://doi.org/10.1515/9783110538816,,2,,0,,,
806,806-shanoski-1986,bee-b,bee,"Shanoski, 1986",1,crossref,10.1145/147001.147004,Internationalizing online information,1992,Merrill; Shanoski,https://doi.org/10.1145/147001.147004,,3,,0,ambiguous,,
806,806-shanoski-1986,bee-b,bee,"Shanoski, 1986",2,crossref,10.1016/0002-9378(74)90566-3,Massive edema of the ovary,1974,Lupovitch; Shanoski,https://doi.org/10.1016/0002-9378(74)90566-3,,3,,0,,,
806,806-shanoski-1986,bee-b,bee,"Shanoski, 1986",3,crossref,10.2172/883798,Ligand Rearrangements of Organometallic Complexes inSolution,2006,; Shanoski; ,https://doi.org/10.2172/883798,,3,,0,,,
806,806-shanoski-1986,bee-b,bee,"Shanoski, 1986",4,crossref,10.1021/ja044807t,Mechanism of Ligand Exchange Studied Using Transition Path Sampling,2005,Snee; Shanoski; Harris,https://doi.org/10.1021/ja044807t,,3,,0,,,
806,806-shanoski-1986,bee-b,bee,"Shanoski, 1986",5,crossref,10.1021/jp055636x,Ligand Rearrangement Reactions of Cr(CO)6 in Alcohol Solutions:  Experiment and Theory,2005,Shanoski; Glascoe; Harris,https://doi.org/10.1021/jp055636x,,3,,0,,,
815,815-simmons-2014,bee-b,bee,"Simmons et al., 2014",1,crossref,10.1080/19345747.2013.836766,Integrating Content Knowledge-Building and Student-Regulated Comprehension Practices in Secondary English Language Arts Classes,2014,Simmons; Fogarty; Oslund; Simmons; Hairrell; Davis; Anderson; Clemens; Vaughn; Roberts; Stillman; Fall,https://doi.org/10.1080/19345747.2013.836766,,11,,0,low-margin,,
815,815-simmons-2014,bee-b,bee,"Simmons et al., 2014",2,crossref,10.1007/s10648-014-9270-6,Examining the Effectiveness of a Multicomponent Reading Comprehension Intervention in Middle Schools: A Focus on Treatment Fidelity,2014,Fogarty; Oslund; Simmons; Davis; Simmons; Anderson; Clemens; Roberts,https://doi.org/10.1007/s10648-014-9270-6,,10,,0,,,
815,815-simmons-2014,bee-b,bee,"Simmons et al., 2014",3,crossref,10.1177/0014402918787339,Skill Moderators of the Effects of a Reading Comprehension Intervention,2018,Clemens; Oslund; Kwok; Fogarty; Simmons; Davis,https://doi.org/10.1177/0014402918787339,,8,,0,,,
815,815-simmons-2014,bee-b,bee,"Simmons et al., 2014",4,crossref,10.1080/19345747.2016.1227412,Impact of a Technology-Mediated Reading Intervention on Adolescents' Reading Comprehension,2016,Fogarty; Clemens; Simmons; Anderson; Davis; Smith; Wang; Kwok; Simmons; Oslund,https://doi.org/10.1080/19345747.2016.1227412,,8,,0,,,
815,815-simmons-2014,bee-b,bee,"Simmons et al., 2014",5,crossref,10.1111/j.1540-5826.2012.00366.x,A Comparison of Responsive Interventions on Kindergarteners’ Early Reading Achievement,2012,Little; Rawlinson; Simmons; Kim; Kwok; Hagan–Burke; Simmons; Fogarty; Oslund; Coyne,https://doi.org/10.1111/j.1540-5826.2012.00366.x,,7,,0,,,
815,815-simmons-2014,bee-b,bee,"Simmons et al., 2014",6,eric,EJ1049682,Instructional Engineering Principles to Frame the Future of Reading Intervention Research and Practice,2015,"Simmons, Deborah",https://eric.ed.gov/?id=EJ1049682,,7,,0,,,
815,815-simmons-2014,bee-b,bee,"Simmons et al., 2014",7,eric,EJ1073252,Variations in Language: Teaching within the Confines of Black English in Rural Georgia,2014,"Simmons, Amelia",https://eric.ed.gov/?id=EJ1073252,https://files.eric.ed.gov/fulltext/EJ1073252.pdf,7,,0,,,
815,815-simmons-2014,bee-b,bee,"Simmons et al., 2014",8,eric,EJ1031430,Graduate Social Work Education and Cognitive Complexity: Does Prior Experience Really Matter?,2014,"Simmons, Chris",https://eric.ed.gov/?id=EJ1031430,,6,,0,,,
816,816-simon-2011,bee-b,bee,"Simon et al., 2011",1,crossref,10.1080/0013838x.2011.604578,"Advanced EFL Learners' Beliefs about Language Learning and Teaching: A Comparison Between Grammar, Pronunciation, and Vocabulary",2011,Simon; Taverniers,https://doi.org/10.1080/0013838x.2011.604578,,7,,0,low-margin,,
816,816-simon-2011,bee-b,bee,"Simon et al., 2011",2,eric,ED528659,A Cost-Effectiveness Analysis of Early Literacy Interventions,2011,"Simon, Jessica",https://eric.ed.gov/?id=ED528659,,6,,0,,,
816,816-simon-2011,bee-b,bee,"Simon et al., 2011",3,eric,EJ1109605,"Food for Thought on the ""ABS Academic Journal Quality Guide""",2011,"Hussain, Simon",https://eric.ed.gov/?id=EJ1109605,,5,,0,,,
816,816-simon-2011,bee-b,bee,"Simon et al., 2011",4,eric,EJ1109616,"A Tale of Two Conferences: L.A.T.E., Two Key Moments in the Development of ""London"" English and the Questions That Still Need Asking",2012,"Gibbons, Simon",https://eric.ed.gov/?id=EJ1109616,,5,,0,,,
816,816-simon-2011,bee-b,bee,"Simon et al., 2011",5,eric,EJ1109793,"Further Food for Thought on the ""ABS Guide""",2012,"Hussain, Simon",https://eric.ed.gov/?id=EJ1109793,,5,,0,,,
816,816-simon-2011,bee-b,bee,"Simon et al., 2011",6,eric,EJ1003242,Illustrative Experiments of the Erosion of Sand and Accompanying Theoretical Considerations,2012,"Schneiderbauer, Simon",https://eric.ed.gov/?id=EJ1003242,,5,,0,,,
816,816-simon-2011,bee-b,bee,"Simon et al., 2011",7,eric,EJ1002844,A Tale of Two Districts,2012,"Simon, Mark",https://eric.ed.gov/?id=EJ1002844,,5,,0,,,
816,816-simon-2011,bee-b,bee,"Simon et al., 2011",8,eric,EJ1000569,Technology Tools for the Tough Tasks: Plug in for Great Outcomes,2012,"Simon, Fran",https://eric.ed.gov/?id=EJ1000569,,5,,0,,,
822,822-sivin-kachala-2012,bee-b,bee,"Sivin-Kachala and Bialo, 2012",1,crossref,10.1163/15734218-12341264,Three Poems on Ageing,2012,Sivin,https://doi.org/10.1163/15734218-12341264,,5,,0,ambiguous,,
822,822-sivin-kachala-2012,bee-b,bee,"Sivin-Kachala and Bialo, 2012",2,crossref,10.31471/2415-3184-2019-2(20)-76-83,MONITORING OF SOIL ROOF IN THE FIELD OF DEPOSITS,2020,Kachala; Kachala,https://doi.org/10.31471/2415-3184-2019-2(20)-76-83,,3,,0,,,
822,822-sivin-kachala-2012,bee-b,bee,"Sivin-Kachala and Bialo, 2012",3,crossref,10.4159/harvard.9780674434370,Chinese Alchemy,1968,Sivin,https://doi.org/10.4159/harvard.9780674434370,,3,,0,,,
822,822-sivin-kachala-2012,bee-b,bee,"Sivin-Kachala and Bialo, 2012",4,crossref,10.63341/esbur/1.2026.88,Interactive system for analysis of climatic and ecological processes of urban areas,2026,Hrytsuliak; Kachala; Kachala,https://doi.org/10.63341/esbur/1.2026.88,,3,,0,,,
822,822-sivin-kachala-2012,bee-b,bee,"Sivin-Kachala and Bialo, 2012",5,crossref,10.1080/15332586.2012.717047,Domestic Violence Is Different: The Crucial Role of Evidence Collection in Domestic Violence Cases,2012,Peterson; Bialo-Padin,https://doi.org/10.1080/15332586.2012.717047,,3,,0,,,
822,822-sivin-kachala-2012,bee-b,bee,"Sivin-Kachala and Bialo, 2012",6,openalex,10.5539/elt.v6n7p1,The Use of Information and Communication Technology (ICT) in Teaching ESL Writing Skills,2013,Yunus; Nordin; Salehi; Embi; Salehi,https://doi.org/10.5539/elt.v6n7p1,https://ccsenet.org/journal/index.php/elt/article/download/27998/16886,2,,0,,,
822,822-sivin-kachala-2012,bee-b,bee,"Sivin-Kachala and Bialo, 2012",7,openalex,10.19173/irrodl.v13i3.1154,Odyssey of the mind: Social networking in a cyberschool,2012,Barbour; Plough,https://doi.org/10.19173/irrodl.v13i3.1154,http://www.irrodl.org/index.php/irrodl/article/download/1154/2239,2,,0,,,
822,822-sivin-kachala-2012,bee-b,bee,"Sivin-Kachala and Bialo, 2012",8,openalex,https://openalex.org/W1579636057,Educational technology integration and high-stakes testing,2012,Daniel,https://aquila.usm.edu/dissertations/750,https://aquila.usm.edu/dissertations/750,2,,0,,,
825,825-slavin-1984,bee-b,bee,"Slavin and Karweit, 1984",1,crossref,10.1037/e406622004-001,"Mathematics achievement effects of three levels of individualization: Whole class, ability grouped, and individualized instruction.",1984,Slavin; Karweit,https://doi.org/10.1037/e406622004-001,,7,,0,ambiguous,,
825,825-slavin-1984,bee-b,bee,"Slavin and Karweit, 1984",2,crossref,10.2307/1162997,Mastery Learning and Student Teams: A Factorial Experiment in Urban General Mathematics Classes,1984,Slavin; Karweit,https://doi.org/10.2307/1162997,,7,crossref:10.3102/00028312021004725,0,,,
825,825-slavin-1984,bee-b,bee,"Slavin and Karweit, 1984",3,eric,ED232852,Team-Assisted Individualization: A Cooperative Learning Solution for Adaptive Instruction in Mathematics.,1983,"Slavin, Robert E.",https://eric.ed.gov/?id=ED232852,https://files.eric.ed.gov/fulltext/ED232852.pdf,6,,0,,,
825,825-slavin-1984,bee-b,bee,"Slavin and Karweit, 1984",4,crossref,10.1037/e454282004-001,Student teams and mastery learning: A factorial experiment in urban math nine classes.,1982,Slavin; Karweit,https://doi.org/10.1037/e454282004-001,,5,,0,,,
825,825-slavin-1984,bee-b,bee,"Slavin and Karweit, 1984",5,eric,EJ323862,The Appel's Arts and Music Center Offers Something Extra.,1985,"Slavin, Joan",https://eric.ed.gov/?id=EJ323862,,5,,0,,,
825,825-slavin-1984,bee-b,bee,"Slavin and Karweit, 1984",6,eric,ED231794,Component Building: A Strategy for Research-Based Instructional Improvement. Report Number 337.,1983,"Slavin, Robert E.",https://eric.ed.gov/?id=ED231794,https://files.eric.ed.gov/fulltext/ED231794.pdf,5,,0,,,
825,825-slavin-1984,bee-b,bee,"Slavin and Karweit, 1984",7,eric,ED242707,Cooperative Learning. Research on Teaching Monograph Series.,1983,"Slavin, Robert E.",https://eric.ed.gov/?id=ED242707,,5,,0,,,
825,825-slavin-1984,bee-b,bee,"Slavin and Karweit, 1984",8,eric,ED249719,Effects of Cooperative Learning on Mainstreamed Academically Handicapped Children. Final Report.,1983,"Slavin, Robert E.",https://eric.ed.gov/?id=ED249719,https://files.eric.ed.gov/fulltext/ED249719.pdf,5,,0,,,
866,866-sun-2017,bee-b,bee,"Strobel et al., 2017",1,crossref,10.1007/s11423-016-9486-x,The impact of student teaching experience on pre-service teachers’ readiness for technology integration: A mixed methods study with growth curve modeling,2016,Sun; Strobel; Newby,https://doi.org/10.1007/s11423-016-9486-x,,7,,0,low-margin,,
866,866-sun-2017,bee-b,bee,"Strobel et al., 2017",2,eric,ED579957,Mathematics Teacher Identity in the Context of Mathematics Reform: Elementary Teacher Experiences,2017,"Sun, Jennifer",https://eric.ed.gov/?id=ED579957,,6,,0,,,
866,866-sun-2017,bee-b,bee,"Strobel et al., 2017",3,eric,EJ1126212,Peer Collaboration in an English/Chinese Bilingual Program in Western Canada,2016,"Sun, Maio",https://eric.ed.gov/?id=EJ1126212,,5,,0,,,
866,866-sun-2017,bee-b,bee,"Strobel et al., 2017",4,eric,EJ1198166,"The Acquisition of English Articles by Second Language Learners: The Sequence, Differences, and Difficulties",2016,"Sun, Ganzhao",https://eric.ed.gov/?id=EJ1198166,,5,,0,,,
866,866-sun-2017,bee-b,bee,"Strobel et al., 2017",5,eric,EJ1195924,Sustainable Design: Integrate the Creative Thinking and Innovation into Graphical Communications,2018,"Sun, Lulu",https://eric.ed.gov/?id=EJ1195924,,5,,0,,,
866,866-sun-2017,bee-b,bee,"Strobel et al., 2017",6,eric,EJ1194115,"Black Teachers' Retention and Transfer Patterns in North Carolina: How Do Patterns Vary by Teacher Effectiveness, Subject, and School Conditions?",2018,"Sun, Min",https://eric.ed.gov/?id=EJ1194115,https://files.eric.ed.gov/fulltext/EJ1194115.pdf,5,,0,,,
866,866-sun-2017,bee-b,bee,"Strobel et al., 2017",7,eric,EJ1170198,Critical Encounters in a Middle School English Language Arts Classroom: Using Graphic Novels to Teach Critical Thinking & Reading for Peace Education,2017,"Sun, Lina",https://eric.ed.gov/?id=EJ1170198,https://files.eric.ed.gov/fulltext/EJ1170198.pdf,5,,0,,,
866,866-sun-2017,bee-b,bee,"Strobel et al., 2017",8,eric,EJ1125632,Actors and Ideology for Educational Policy Transfer: The Case of Education Reforms in the Two Koreas during the Soviet and US Military Occupation,2017,"Kim, Sun",https://eric.ed.gov/?id=EJ1125632,,5,eric:EJ1131058,0,,,
873,873-suppes-2013,bee-b,bee,"Suppes et al., 2013",1,crossref,10.1080/10627197.2013.814516,Effectiveness of an Individualized Computer-Driven Online Math K-5 Course in Eight California Title I Elementary Schools,2013,Suppes; Holland; Hu; Vu,https://doi.org/10.1080/10627197.2013.814516,,9,eric:EJ1023953,1,api-crossref,,
873,873-suppes-2013,bee-b,bee,"Suppes et al., 2013",2,crossref,10.1016/s0304-0208(08)71384-7,"Past, Present and Future Educational Technologies",1979,Suppes,https://doi.org/10.1016/s0304-0208(08)71384-7,,3,,0,,,
873,873-suppes-2013,bee-b,bee,"Suppes et al., 2013",3,crossref,10.36227/techrxiv.173932968.82108672/v1,Extreme Multimodality and Seamless Transit,2025,Suppes; Suppes,https://doi.org/10.36227/techrxiv.173932968.82108672/v1,,3,,0,,,
873,873-suppes-2013,bee-b,bee,"Suppes et al., 2013",4,crossref,10.5840/apapa2013228,Portrait: Patrick Suppes,2013,,https://doi.org/10.5840/apapa2013228,,2,,0,,,
873,873-suppes-2013,bee-b,bee,"Suppes et al., 2013",5,openalex,10.1017/s0033291714001561,Childhood abuse and neglect in relation to the presence and persistence of psychotic and depressive symptomatology,2014,Dam; Nierop; Viechtbauer; Velthorst; Winkel; investigators; Bruggeman; Cahn; Haan; Kahn; Meijer; Myin‐Germeys; Os; Wiersma,https://doi.org/10.1017/s0033291714001561,https://cris.maastrichtuniversity.nl/en/publications/406bd86b-d119-4ae1-847c-a36e82e0725c,2,,0,,,
873,873-suppes-2013,bee-b,bee,"Suppes et al., 2013",6,openalex,10.1186/1471-244x-14-58,"Treatment of bipolar disorder in the Netherlands and concordance with treatment guidelines: study protocol of an observational, longitudinal study on naturalistic treatment of bipolar disorder in everyday clinical practice",2014,Renes; Regeer; Voort; Nolen; Kupka,https://doi.org/10.1186/1471-244x-14-58,https://bmcpsychiatry.biomedcentral.com/counter/pdf/10.1186/1471-244X-14-58,2,,0,,,
873,873-suppes-2013,bee-b,bee,"Suppes et al., 2013",7,openalex,10.2147/ndt.s33769,Preventive treatment in migraine and the new US guidelines,2013,Estemalik; Tepper,https://doi.org/10.2147/ndt.s33769,https://doi.org/10.2147/ndt.s33769,2,,0,,,
873,873-suppes-2013,bee-b,bee,"Suppes et al., 2013",8,openalex,10.1016/j.jhep.2014.07.017,"Circulating microRNAs as markers of liver inflammation, fibrosis and cancer",2014,Roderburg; Luedde,https://doi.org/10.1016/j.jhep.2014.07.017,http://www.journal-of-hepatology.eu/article/S0168827814005169/pdf,2,,0,,,
898,898-torgerson-2018,bee-b,bee,"Torgerson et al., 2018",1,crossref,10.1080/02671522.2017.1420816,Phonics: reading policy and the evidence of effectiveness from a systematic ‘tertiary’ review,2018,Torgerson; Brooks; Gascoine; Higgins,https://doi.org/10.1080/02671522.2017.1420816,,9,eric:EJ1205323,1,api-crossref,,
898,898-torgerson-2018,bee-b,bee,"Torgerson et al., 2018",2,crossref,10.1186/isrctn14046821,Independent evaluation of ReflectED,2017,Gascoine; Torgerson,https://doi.org/10.1186/isrctn14046821,,6,,0,,,
898,898-torgerson-2018,bee-b,bee,"Torgerson et al., 2018",3,crossref,10.1080/0309877x.2017.1404558,A systematic review of evidence on the effectiveness of interventions and strategies for widening participation in higher education,2018,Younger; Gascoine; Menzies; Torgerson,https://doi.org/10.1080/0309877x.2017.1404558,,6,eric:EJ1218874,0,,,
898,898-torgerson-2018,bee-b,bee,"Torgerson et al., 2018",4,crossref,10.1080/03055690500416116,Is an intervention using computer software effective in literacy learning? A randomised controlled trial,2006,Brooks; Miles; Torgerson; Torgerson,https://doi.org/10.1080/03055690500416116,,5,,0,,,
898,898-torgerson-2018,bee-b,bee,"Torgerson et al., 2018",5,crossref,10.1080/03054980701768741,Randomised controlled trial of incentives to improve attendance at adult literacy classes,2008,Brooks; Burton; Cole; Miles; Torgerson; Torgerson,https://doi.org/10.1080/03054980701768741,,5,,0,,,
898,898-torgerson-2018,bee-b,bee,"Torgerson et al., 2018",6,eric,ED584075,"Relational Learning in the Analects of Confucius: Exploring the Foundations, Practices and Purposes of Classical Confucian Learning",2017,"Torgerson, Richard, Jr.",https://eric.ed.gov/?id=ED584075,,5,,0,,,
898,898-torgerson-2018,bee-b,bee,"Torgerson et al., 2018",7,eric,EJ1162491,"Experimental Trials and ""What Works?"" in Education: The Case of Grammar for Writing",2017,"Wyse, Dominic; Torgerson, Carole",https://eric.ed.gov/?id=EJ1162491,,5,,0,,,
898,898-torgerson-2018,bee-b,bee,"Torgerson et al., 2018",8,eric,EJ1130413,The NCTQ Selectivity Standard and Principal Evaluation of Teacher Preparation,2017,"Tracz, Susan; Torgerson, Colleen; Beare, Paul",https://eric.ed.gov/?id=EJ1130413,,5,,0,,,
942,942-sullivan-2015,bee-b,bee,"Vaden-Kiernan et al., 2015",1,eric,EJ1040781,The Art of Research,2014,"Sullivan, Graeme",https://eric.ed.gov/?id=EJ1040781,,5,,0,ambiguous,,
942,942-sullivan-2015,bee-b,bee,"Vaden-Kiernan et al., 2015",2,eric,EJ1044100,"NCAA's Latest Pay-to-Play Scheme Would Sack Concept of Amateur Student Athlete, Raise Antitrust Questions",2014,"Sullivan, Tom",https://eric.ed.gov/?id=EJ1044100,,5,,0,,,
942,942-sullivan-2015,bee-b,bee,"Vaden-Kiernan et al., 2015",3,eric,EJ1439208,The UnEssay: Making Room for Creativity in the Composition Classroom,2015,Patrick Sullivan,https://eric.ed.gov/?id=EJ1439208,,5,,0,,,
942,942-sullivan-2015,bee-b,bee,"Vaden-Kiernan et al., 2015",4,eric,EJ1138960,"""Ideas about Human Possibilities"": Connecticut's PA 12-40 and Basic Writing in the Era of Neoliberalism",2015,"Sullivan, Patrick",https://eric.ed.gov/?id=EJ1138960,https://files.eric.ed.gov/fulltext/EJ1138960.pdf,5,,0,,,
942,942-sullivan-2015,bee-b,bee,"Vaden-Kiernan et al., 2015",5,eric,EJ1148976,Dialogue on Dialogue on Dialogic Pedagogy,2014,"Sullivan, Paul",https://eric.ed.gov/?id=EJ1148976,https://files.eric.ed.gov/fulltext/EJ1148976.pdf,5,,0,,,
942,942-sullivan-2015,bee-b,bee,"Vaden-Kiernan et al., 2015",6,eric,EJ1050530,"What Does It Mean to Have an N of 1? Art Making, Education, Research, and the Public Good",2014,"Sullivan, Graeme",https://eric.ed.gov/?id=EJ1050530,https://files.eric.ed.gov/fulltext/EJ1050530.pdf,5,,0,,,
942,942-sullivan-2015,bee-b,bee,"Vaden-Kiernan et al., 2015",7,eric,EJ1051846,Illegal Procedure? Title IX and Sexual Assault,2015,"Sullivan, Ariel",https://eric.ed.gov/?id=EJ1051846,,5,,0,,,
942,942-sullivan-2015,bee-b,bee,"Vaden-Kiernan et al., 2015",8,eric,EJ1035355,Exploring Vocation: Reframing Undergraduate Education as a Quest for Purpose,2014,"Sullivan, William M.",https://eric.ed.gov/?id=EJ1035355,,5,,0,,,
945,945-vandusen-1994,bee-b,bee,"VanDusen and Worthen, 1994",1,crossref,10.1016/s0012-3692(15)42687-x,Introduction,1994,Worthen; Parsons,https://doi.org/10.1016/s0012-3692(15)42687-x,,3,,0,ambiguous,,
945,945-vandusen-1994,bee-b,bee,"VanDusen and Worthen, 1994",2,crossref,10.2307/3977909,More Benefits of Smokeless Fuel,1994,Worthen,https://doi.org/10.2307/3977909,,3,,0,,,
945,945-vandusen-1994,bee-b,bee,"VanDusen and Worthen, 1994",3,crossref,10.2307/40038234,Arkansas and the Toothpick State Image,1994,Worthen,https://doi.org/10.2307/40038234,,3,,0,,,
945,945-vandusen-1994,bee-b,bee,"VanDusen and Worthen, 1994",4,crossref,10.1016/0031-9422(94)85052-6,Bromination of phenols using an algal bromoperoxidase,1994,Shang; Okuda; Worthen,https://doi.org/10.1016/0031-9422(94)85052-6,,3,,0,,,
945,945-vandusen-1994,bee-b,bee,"VanDusen and Worthen, 1994",5,crossref,10.2307/1208743,Strategizing Pinter and Bond,1994,Worthen; Merritt; Spencer,https://doi.org/10.2307/1208743,,3,,0,,,
948,948-vaughan-2006,bee-b,bee,"Vaughan, Serido, and Wilhelm, 2006",1,crossref,10.1641/0006-3568(2006)056[0006:rfddoa]2.0.co;2,Response from Dias de Oliveira and Vaughan,2006,DIAS DE OLIVEIRA; VAUGHAN,https://doi.org/10.1641/0006-3568(2006)056[0006:rfddoa]2.0.co;2,,5,,0,ambiguous,,
948,948-vaughan-2006,bee-b,bee,"Vaughan, Serido, and Wilhelm, 2006",2,eric,ED493258,Summerhill and A. S. Neill,2006,"Vaughan, Mark",https://eric.ed.gov/?id=ED493258,,5,,0,,,
948,948-vaughan-2006,bee-b,bee,"Vaughan, Serido, and Wilhelm, 2006",3,eric,EJ721990,Learning from Writing in Secondary Science: Some Theoretical and Practical Implications,2006,"Prain, Vaughan",https://eric.ed.gov/?id=EJ721990,,5,,0,,,
948,948-vaughan-2006,bee-b,bee,"Vaughan, Serido, and Wilhelm, 2006",4,eric,EJ789259,"""I Think We Should Just Accept...Our Horrible Lowly Status"": Analysing Teacher-Teacher Talk within the Context of Community of Practice",2007,"Vaughan, Elaine",https://eric.ed.gov/?id=EJ789259,,5,,0,,,
948,948-vaughan-2006,bee-b,bee,"Vaughan, Serido, and Wilhelm, 2006",5,eric,EJ747810,Perspectives on Blended Learning in Higher Education,2007,"Vaughan, N.",https://eric.ed.gov/?id=EJ747810,,5,,0,,,
948,948-vaughan-2006,bee-b,bee,"Vaughan, Serido, and Wilhelm, 2006",6,eric,EJ757310,Toward a Record Retention Policy,2007,"Vaughan, Jason",https://eric.ed.gov/?id=EJ757310,,5,,0,,,
948,948-vaughan-2006,bee-b,bee,"Vaughan, Serido, and Wilhelm, 2006",7,eric,EJ959916,"Using the ""Arts"" to Teach Indigenous Australian Studies in Higher Education",2005,"Vaughan, Karen",https://eric.ed.gov/?id=EJ959916,,5,,0,,,
948,948-vaughan-2006,bee-b,bee,"Vaughan, Serido, and Wilhelm, 2006",8,eric,EJ978712,"The Pathways Framework Meets Consumer Culture: Young People, Careers, and Commitment",2005,"Vaughan, Karen",https://eric.ed.gov/?id=EJ978712,,5,,0,,,
952,952-vaughn-2019,bee-b,bee,Vaughn et al. (2019),1,crossref,10.1037/edu0000289,Efficacy of a high school extensive reading intervention for English learners with reading difficulties.,2019,Vaughn; Martinez; Williams; Miciak; Fall; Roberts,https://doi.org/10.1037/edu0000289,,11,,1,api-crossref,,
952,952-vaughn-2019,bee-b,bee,Vaughn et al. (2019),2,crossref,10.1080/2372966x.2020.1868948,Student Engagement Among High School English Learners with Reading Comprehension Difficulties,2021,Williams; Martinez; Fall; Miciak; Vaughn,https://doi.org/10.1080/2372966x.2020.1868948,,8,,0,,,
952,952-vaughn-2019,bee-b,bee,Vaughn et al. (2019),3,crossref,10.1037/t79294-000,Dropout Risk Inventory,2020,Vaughn; Roberts; Fall; Kremer; Martinez,https://doi.org/10.1037/t79294-000,,8,,0,,,
952,952-vaughn-2019,bee-b,bee,Vaughn et al. (2019),4,eric,EJ1212606,Adaptive Teaching during Reading Instruction: A Multi-Case Study,2019,"Vaughn, Margaret",https://eric.ed.gov/?id=EJ1212606,,6,,0,,,
952,952-vaughn-2019,bee-b,bee,Vaughn et al. (2019),5,eric,ED650802,The Role of the DLPFC in Bilingual and Monolingual Switching: Evidence from MVPA and tDCS,2018,Kelly Vaughn,https://eric.ed.gov/?id=ED650802,,5,,0,,,
952,952-vaughn-2019,bee-b,bee,Vaughn et al. (2019),6,eric,EJ1174165,Making Sense of Student Agency in the Early Grades,2018,"Vaughn, Margaret",https://eric.ed.gov/?id=EJ1174165,,5,,0,,,
952,952-vaughn-2019,bee-b,bee,Vaughn et al. (2019),7,eric,EJ1214216,Navigating the Methodology of an Interdisciplinary Art and Design Practice with Conscious Bridging,2019,"Pinxit, Vaughn",https://eric.ed.gov/?id=EJ1214216,,5,,0,,,
952,952-vaughn-2019,bee-b,bee,Vaughn et al. (2019),8,eric,EJ1248335,What Is Student Agency and Why Is It Needed Now More than Ever?,2020,"Vaughn, Margaret",https://eric.ed.gov/?id=EJ1248335,,5,,0,,,
953,953-vaughn-2011,bee-b,bee,"Vaughn et al., 2011",1,crossref,10.3102/0002831211410305,Efficacy of Collaborative Strategic Reading With Middle School Students,2011,Vaughn; Klingner; Swanson; Boardman; Roberts; Mohammed; Stillman-Spisak,https://doi.org/10.3102/0002831211410305,,11,,1,api-crossref,,
953,953-vaughn-2011,bee-b,bee,"Vaughn et al., 2011",2,crossref,10.1080/19345747.2012.741661,Collaborative Strategic Reading: Findings From Experienced Implementers,2013,Vaughn; Roberts; Klingner; Swanson; Boardman; Stillman-Spisak; Mohammed; Leroux,https://doi.org/10.1080/19345747.2012.741661,,9,,0,,,
953,953-vaughn-2011,bee-b,bee,"Vaughn et al., 2011",3,eric,EJ931766,Reading the Literature of War: A Global Perspective on Ethics,2011,"Vaughn, Kyle",https://eric.ed.gov/?id=EJ931766,,6,,0,,,
953,953-vaughn-2011,bee-b,bee,"Vaughn et al., 2011",4,crossref,10.1037/t23735-000,Instructional Practices Interview Protocol,2005,Boardman; Argüelles; Vaughn; Hughes; Klingner,https://doi.org/10.1037/t23735-000,,5,,0,,,
953,953-vaughn-2011,bee-b,bee,"Vaughn et al., 2011",5,openalex,10.58680/vm201118370,Collaborative Strategic Reading: Fostering Success for All,2011,Annamma; Eppolito; Klingner; Boelé; Boardman; Stillman‐Spisak,http://dx.doi.org/10.58680/vm201118370,http://hdl.handle.net/1808/21212,5,,0,,,
953,953-vaughn-2011,bee-b,bee,"Vaughn et al., 2011",6,eric,ED529996,"Review of ""They Spend What? The Real Cost of Public Schools""",2010,"Altemus, Vaughn",https://eric.ed.gov/?id=ED529996,https://files.eric.ed.gov/fulltext/ED529996.pdf,5,,0,,,
953,953-vaughn-2011,bee-b,bee,"Vaughn et al., 2011",7,eric,ED523807,Two Teachers' Thoughtful Adaptations during Planning and Instruction and the Relationship to Student Agency & Teacher Visioning,2010,"Vaughn, Margaret",https://eric.ed.gov/?id=ED523807,,5,,0,,,
953,953-vaughn-2011,bee-b,bee,"Vaughn et al., 2011",8,eric,EJ911543,"""What Are You Doing Friday Night?"": Introducing Students to Face Management and Perception",2011,"Vaughn, Mary",https://eric.ed.gov/?id=EJ911543,,5,,0,,,
970,970-wang-2011,bee-b,bee,"Wang and Woodworth, 2011b",1,crossref,10.1007/s11340-010-9410-y,Simultaneous Measurement of Effective Chemical Shrinkage and Modulus Evolutions During Polymerization,2010,Wang; Woodworth; Han,https://doi.org/10.1007/s11340-010-9410-y,,6,,0,low-margin,,
970,970-wang-2011,bee-b,bee,"Wang and Woodworth, 2011b",2,openalex,10.4193/rhino50e2,EPOS 2012: European position paper on rhinosinusitis and nasal polyps 2012. A summary for otorhinolaryngologists,2012,Fokkens; Lund; Mullol; Bachert; Alobid; Baroody; Cohen; Cervin; Douglas; Gevaert; Georgalas; Goossens; Harvey; Hellings; Hopkins; Jones; Joos; Kalogjera; Kern; Kowalski; Price; Riechelmann; Schlosser; Senior; Thomas; Тоскала; Voegels; Wang; Wormald,https://doi.org/10.4193/rhino50e2,https://www.rhinologyjournal.com/download.php?id=1078,5,,0,,,
970,970-wang-2011,bee-b,bee,"Wang and Woodworth, 2011b",3,openalex,10.1371/journal.pone.0030440,"Composition, Diversity, and Origin of the Bacterial Community in Grass Carp Intestine",2012,Wu; Wang; Angert; Wang; Li; Zou,https://doi.org/10.1371/journal.pone.0030440,https://journals.plos.org/plosone/article/file?id=10.1371/journal.pone.0030440&type=printable,5,,0,,,
970,970-wang-2011,bee-b,bee,"Wang and Woodworth, 2011b",4,eric,EJ922441,Teaching Higher Order Thinking in the Introductory MIS Course: A Model-Directed Approach,2011,"Wang, Shouhong; Wang, Hai",https://eric.ed.gov/?id=EJ922441,,5,,0,,,
970,970-wang-2011,bee-b,bee,"Wang and Woodworth, 2011b",5,eric,EJ951438,Design and Delivery of Multiple Server-Side Computer Languages Course,2011,"Wang, Shouhong; Wang, Hai",https://eric.ed.gov/?id=EJ951438,,5,,0,,,
970,970-wang-2011,bee-b,bee,"Wang and Woodworth, 2011b",6,eric,EJ980435,Place Existing Online Business Communication Classes into the International Context: Social Presence from Potential Learners' Perspectives,2012,"Wang, Junhua; Wang, Hua",https://eric.ed.gov/?id=EJ980435,,5,,0,,,
970,970-wang-2011,bee-b,bee,"Wang and Woodworth, 2011b",7,eric,ED538837,A Framework of Active Learning by Concept Mapping,2012,"Chen, Wang-Kun; Wang, Ping",https://eric.ed.gov/?id=ED538837,https://files.eric.ed.gov/fulltext/ED538837.pdf,5,,0,,,
970,970-wang-2011,bee-b,bee,"Wang and Woodworth, 2011b",8,eric,EJ1145604,Solving Relational Database Problems with ORDBMS in an Advanced Database Course,2011,"Wang, Ming",https://eric.ed.gov/?id=EJ1145604,https://files.eric.ed.gov/fulltext/EJ1145604.pdf,5,,0,,,
974,974-wanzek-2017,bee-b,bee,Wanzek et al. (2017),1,crossref,10.1080/10888438.2017.1313846,The Relation Between Global and Specific Mindset With Reading Outcomes for Elementary School Students,2017,Petscher; Al Otaiba; Wanzek; Rivas; Jones,https://doi.org/10.1080/10888438.2017.1313846,,10,,1,api-crossref,,
974,974-wanzek-2017,bee-b,bee,Wanzek et al. (2017),2,crossref,10.31234/osf.io/38eda,Reading Mindset Measure,2020,Al Otaiba; Rivas; Jones; Petscher; Wanzek,https://doi.org/10.31234/osf.io/38eda,,8,crossref:10.1037/t88975-000,0,,,
974,974-wanzek-2017,bee-b,bee,Wanzek et al. (2017),3,eric,EJ1155981,Reading Instruction for Fourth-Grade Struggling Readers and the Relation to Student Outcomes,2017,"Kent, Shawn C.; Wanzek, Jeanne; Al Otaiba, Stephanie",https://eric.ed.gov/?id=EJ1155981,https://files.eric.ed.gov/fulltext/ED594955.pdf,8,eric:ED594955,0,,,
974,974-wanzek-2017,bee-b,bee,Wanzek et al. (2017),4,eric,EJ1099132,An Examination of Kindergarten Oral Language for African American Students: Are There Meaningful Differences in Comparison to Peers?,2016,"Gatlin, Brandy; Wanzek, Jeanne; Al Otaiba, Stephanie",https://eric.ed.gov/?id=EJ1099132,,7,,0,,,
974,974-wanzek-2017,bee-b,bee,Wanzek et al. (2017),5,crossref,10.1177/001440291408000204,Oral Reading Fluency Development for Children with Emotional Disturbance or Learning Disabilities,2014,Wanzek; Otaiba; Petscher,https://doi.org/10.1177/001440291408000204,,6,,0,,,
974,974-wanzek-2017,bee-b,bee,Wanzek et al. (2017),6,crossref,10.3389/feduc.2023.1301957,Direct impact of mindset on reading-based outcomes in upper elementary students with reading difficulties,2023,Stanley; Heo; Petscher; Al Otaiba; Wanzek,https://doi.org/10.3389/feduc.2023.1301957,,6,,0,,,
974,974-wanzek-2017,bee-b,bee,Wanzek et al. (2017),7,eric,EJ1158185,Elementary Students' Use of Dialect and Reading Achievement: Examining Students with Disabilities,2017,"Gatlin, Brandy; Wanzek, Jeanne",https://eric.ed.gov/?id=EJ1158185,https://files.eric.ed.gov/fulltext/EJ1158185.pdf,6,,0,,,
974,974-wanzek-2017,bee-b,bee,Wanzek et al. (2017),8,eric,ED579887,The Relationship between Component Skills and Writing Quality and Production across Developmental Levels: A Meta-Analysis of the Last 25 Years,2016,"Kent, Shawn; Wanzek, Jeanne",https://eric.ed.gov/?id=ED579887,https://files.eric.ed.gov/fulltext/ED579887.pdf,6,eric:EJ1100191,0,,,
999,999-wijekumar-2009,bee-b,bee,"Wijekumar, 2009",1,eric,ED507314,A Multisite Cluster Randomized Trial of the Effects of CompassLearning Odyssey[R] Math on the Math Achievement of Selected Grade 4 Students in the Mid-Atlantic Region. Final Report. NCEE 2009-4068,2009,"Wijekumar, Kay; Hitchcock, John; Turner, Herb; Lei, PuiWa; Peck, Kyle",https://eric.ed.gov/?id=ED507314,https://files.eric.ed.gov/fulltext/ED507314.pdf,6,,0,low-margin,,
999,999-wijekumar-2009,bee-b,bee,"Wijekumar, 2009",2,crossref,10.4018/978-1-60566-198-8.ch332,Using Intelligent Tutoring Technologies to Enhance Online Learning Environments,2009,Wijekumar,https://doi.org/10.4018/978-1-60566-198-8.ch332,,5,,0,,,
999,999-wijekumar-2009,bee-b,bee,"Wijekumar, 2009",3,eric,EJ871741,Web-Based Tutoring of the Structure Strategy with or without Elaborated Feedback or Choice for Fifth- and Seventh-Grade Readers,2010,"Meyer, Bonnie J. F.; Wijekumar, Kay; Middlemiss, Wendy; Higley, Kelli; Lei, Pui-Wa; Meier, Catherine; Spielvogel, James",https://eric.ed.gov/?id=EJ871741,,5,,0,,,
999,999-wijekumar-2009,bee-b,bee,"Wijekumar, 2009",4,crossref,10.1145/3262005,Session details: Software engineering --- 2,2002,Wijekumar,https://doi.org/10.1145/3262005,,3,crossref:10.1145/3248210,0,,,
999,999-wijekumar-2009,bee-b,bee,"Wijekumar, 2009",5,crossref,10.1002/dys.1658,Introduction to the special issue: “Teacher knowledge of literacy skills”,2020,Joshi; Wijekumar,https://doi.org/10.1002/dys.1658,,3,,0,,,
999,999-wijekumar-2009,bee-b,bee,"Wijekumar, 2009",6,crossref,10.1109/icalt.2001.943862,Implementing collaborative learning research in Web-based course design and management systems,,Wijekumar,https://doi.org/10.1109/icalt.2001.943862,,3,,0,,,
999,999-wijekumar-2009,bee-b,bee,"Wijekumar, 2009",7,openalex,10.1111/j.1756-8765.2010.01081.x,Computational Analyses of Multilevel Discourse Comprehension,2010,Graesser; McNamara,https://doi.org/10.1111/j.1756-8765.2010.01081.x,https://onlinelibrary.wiley.com/doi/pdfdirect/10.1111/j.1756-8765.2010.01081.x,2,,0,,,
999,999-wijekumar-2009,bee-b,bee,"Wijekumar, 2009",8,openalex,10.1002/j.2333-8504.2009.tb02183.x,"COGNITIVELY BASED ASSESSMENT OF, FOR, AND AS LEARNING: A FRAMEWORK FOR ASSESSING READING COMPETENCY",2009,O’Reilly; Sheehan,https://doi.org/10.1002/j.2333-8504.2009.tb02183.x,https://onlinelibrary.wiley.com/doi/pdfdirect/10.1002/j.2333-8504.2009.tb02183.x,2,,0,,,
1029,1029-ysseldkye-2006,bee-b,bee,"Ysseldkye and Bolt, 2006",1,crossref,10.1016/j.tox.2006.05.030,Vinyl acetate,2006,Bolt,https://doi.org/10.1016/j.tox.2006.05.030,,3,,0,ambiguous,,
1029,1029-ysseldkye-2006,bee-b,bee,"Ysseldkye and Bolt, 2006",2,crossref,10.5040/9781350877498,Shostakovich: The Bolt,2006,,https://doi.org/10.5040/9781350877498,,2,,0,,,
1029,1029-ysseldkye-2006,bee-b,bee,"Ysseldkye and Bolt, 2006",3,crossref,10.1038/news060130-3,Bolt from the blue,2006,,https://doi.org/10.1038/news060130-3,,2,,0,,,
1029,1029-ysseldkye-2006,bee-b,bee,"Ysseldkye and Bolt, 2006",4,crossref,10.1016/s1350-4789(06)71343-5,Technology transfer improves indicating rod bolt,2006,,https://doi.org/10.1016/s1350-4789(06)71343-5,,2,,0,,,
1029,1029-ysseldkye-2006,bee-b,bee,"Ysseldkye and Bolt, 2006",5,crossref,10.1016/s1350-4789(06)71252-1,Gasket and bolt tension companies start joint venture,2006,,https://doi.org/10.1016/s1350-4789(06)71252-1,,2,,0,,,
49,49-barlow-2015,eef,eef,"Barlow, Wigelsworth, Lendrum, Pert, Joyce, Stephens, Wo, Squires, Woods, Calam, Harrison, Turner, Humphrey, 2015",1,crossref,10.1016/j.jsp.2016.07.002,A cluster randomized controlled trial of the Promoting Alternative Thinking Strategies (PATHS) curriculum,2016,Humphrey; Barlow; Wigelsworth; Lendrum; Pert; Joyce; Stephens; Wo; Squires; Woods; Calam; Turner,https://doi.org/10.1016/j.jsp.2016.07.002,,10,,1,api-crossref,,
49,49-barlow-2015,eef,eef,"Barlow, Wigelsworth, Lendrum, Pert, Joyce, Stephens, Wo, Squires, Woods, Calam, Harrison, Turner, Humphrey, 2015",2,crossref,10.1016/j.ridd.2014.10.029,Evaluation of the implementation and impact of an integrated prevention model on the academic progress of students with disabilities,2015,Barlow; Humphrey; Lendrum; Wigelsworth; Squires,https://doi.org/10.1016/j.ridd.2014.10.029,,7,,0,,,
49,49-barlow-2015,eef,eef,"Barlow, Wigelsworth, Lendrum, Pert, Joyce, Stephens, Wo, Squires, Woods, Calam, Harrison, Turner, Humphrey, 2015",3,eric,EJ1057067,Developing Positive School-Home Relationships through Structured Conversations with Parents of Learners with Special Educational Needs and Disabilities (SEND),2015,"Lendrum, Ann; Barlow, Alexandra; Humphrey, Neil",https://eric.ed.gov/?id=EJ1057067,,6,,0,,,
49,49-barlow-2015,eef,eef,"Barlow, Wigelsworth, Lendrum, Pert, Joyce, Stephens, Wo, Squires, Woods, Calam, Harrison, Turner, Humphrey, 2015",4,crossref,10.3310/phr06100,The PATHS curriculum for promoting social and emotional well-being among children aged 7–9 years: a cluster RCT,2018,Humphrey; Hennessey; Lendrum; Wigelsworth; Turner; Panayiotou; Joyce; Pert; Stephens; Wo; Squires; Woods; Harrison; Calam,https://doi.org/10.3310/phr06100,,5,,0,,,
49,49-barlow-2015,eef,eef,"Barlow, Wigelsworth, Lendrum, Pert, Joyce, Stephens, Wo, Squires, Woods, Calam, Harrison, Turner, Humphrey, 2015",5,crossref,10.1016/j.ridd.2012.12.008,Achievement for All: Improving psychosocial outcomes for students with special educational needs and disabilities,2013,Humphrey; Lendrum; Barlow; Wigelsworth; Squires,https://doi.org/10.1016/j.ridd.2012.12.008,,5,,0,,,
49,49-barlow-2015,eef,eef,"Barlow, Wigelsworth, Lendrum, Pert, Joyce, Stephens, Wo, Squires, Woods, Calam, Harrison, Turner, Humphrey, 2015",6,eric,EJ1439368,Composing Post-Multiculturalism,2016,Daniel Barlow,https://eric.ed.gov/?id=EJ1439368,,5,,0,,,
49,49-barlow-2015,eef,eef,"Barlow, Wigelsworth, Lendrum, Pert, Joyce, Stephens, Wo, Squires, Woods, Calam, Harrison, Turner, Humphrey, 2015",7,eric,EJ1190092,Documents as 'Risky' Sources of Data: A Reflection on Social and Emotional Positioning--A Research Note,2016,"Barlow, Charlotte",https://eric.ed.gov/?id=EJ1190092,,5,,0,,,
49,49-barlow-2015,eef,eef,"Barlow, Wigelsworth, Lendrum, Pert, Joyce, Stephens, Wo, Squires, Woods, Calam, Harrison, Turner, Humphrey, 2015",8,eric,EJ1146509,Improving Aural Skills within the Curriculum: A Literature Review,2016,"Barlow, Sarah",https://eric.ed.gov/?id=EJ1146509,https://files.eric.ed.gov/fulltext/EJ1146509.pdf,5,,0,,,
112,112-boylan-2018,eef,eef,"Boylan, Demack, Wolstenholme, Reidy, Reaney-Wood, 2018",1,openalex,https://openalex.org/W2989880741,Longitudinal evaluation of the Mathematics Teacher Exchange: China-England - Final Report,2019,Boylan; Wolstenholme; Maxwell; Demack; Jay; Reaney; Adams,http://shura.shu.ac.uk/25166/16/Boylan-LongitudinalEvaluationMathematics%28VoR%29.pdf,http://shura.shu.ac.uk/25166/16/Boylan-LongitudinalEvaluationMathematics%28VoR%29.pdf,9,,0,low-margin,,
112,112-boylan-2018,eef,eef,"Boylan, Demack, Wolstenholme, Reidy, Reaney-Wood, 2018",2,crossref,10.3390/educsci8040202,The Mathematics Teacher Exchange and ‘Mastery’ in England: The Evidence for the Efficacy of Component Practices,2018,Boylan; Maxwell; Wolstenholme; Jay; Demack,https://doi.org/10.3390/educsci8040202,https://www.mdpi.com/2227-7102/8/4/202/pdf?version=1542292050,8,openalex:10.3390/educsci8040202,0,,,
112,112-boylan-2018,eef,eef,"Boylan, Demack, Wolstenholme, Reidy, Reaney-Wood, 2018",3,crossref,10.1080/00131881.2018.1493352,"Innovation, evaluation design and typologies of professional learning",2018,Boylan; Demack,https://doi.org/10.1080/00131881.2018.1493352,,6,eric:EJ1189185,0,,,
112,112-boylan-2018,eef,eef,"Boylan, Demack, Wolstenholme, Reidy, Reaney-Wood, 2018",4,crossref,10.1002/rev3.3140,"Theorising variation in engagement in professional and curriculum development: performativity, capital, systems and purpose",2018,Boylan; Adams; Coldwell; Willis; Demack,https://doi.org/10.1002/rev3.3140,,6,crossref:10.1002/rev3.3152,0,,,
112,112-boylan-2018,eef,eef,"Boylan, Demack, Wolstenholme, Reidy, Reaney-Wood, 2018",5,eric,EJ1163702,Enabling Adaptive System Leadership: Teachers Leading Professional Development,2018,"Boylan, Mark",https://eric.ed.gov/?id=EJ1163702,,5,,0,,,
112,112-boylan-2018,eef,eef,"Boylan, Demack, Wolstenholme, Reidy, Reaney-Wood, 2018",6,eric,ED581842,Teachers' Perceptions of Kindergarten Readiness Indicators,2017,"Boylan, Tronya E.",https://eric.ed.gov/?id=ED581842,,5,,0,,,
112,112-boylan-2018,eef,eef,"Boylan, Demack, Wolstenholme, Reidy, Reaney-Wood, 2018",7,eric,EJ1170553,Developing the Developers: Supporting and Researching the Learning of Professional Development Facilitators,2018,"Perry, Emily; Boylan, Mark",https://eric.ed.gov/?id=EJ1170553,,5,,0,,,
112,112-boylan-2018,eef,eef,"Boylan, Demack, Wolstenholme, Reidy, Reaney-Wood, 2018",8,eric,EJ1121863,"Routes and Reasons Out, Paths Back: The Influence of Push and Pull Reasons for Leaving School on Students' School Reengagement",2017,"Boylan, Rebecca L.; Renzulli, Linda",https://eric.ed.gov/?id=EJ1121863,,5,,0,,,
206,206-craig-2013,eef,eef,"Craig (2013), The impact of a technology-based mathematics after-school program using ALEKS on student's knowledge and behaviors",1,crossref,10.1016/j.compedu.2013.06.010,The impact of a technology-based mathematics after-school program using ALEKS on student's knowledge and behaviors,2013,Craig; Hu; Graesser; Bargagliotti; Sterbinsky; Cheney; Okwumabua,https://doi.org/10.1016/j.compedu.2013.06.010,,13,,1,api-crossref,,
206,206-craig-2013,eef,eef,"Craig (2013), The impact of a technology-based mathematics after-school program using ALEKS on student's knowledge and behaviors",2,crossref,10.1007/978-3-642-21869-9_61,Learning with ALEKS: The Impact of Students’ Attendance in a Mathematics After-School Program,2011,Craig; Anderson; Bargagloitti; Graesser; Okwumabua; Sterbinsky; Hu,https://doi.org/10.1007/978-3-642-21869-9_61,,10,,0,,,
206,206-craig-2013,eef,eef,"Craig (2013), The impact of a technology-based mathematics after-school program using ALEKS on student's knowledge and behaviors",3,eric,EJ1209457,Mathematics-for-Teaching: Insights from the Case of Annuities,2014,"Pournara, Craig",https://eric.ed.gov/?id=EJ1209457,https://files.eric.ed.gov/fulltext/EJ1209457.pdf,6,,0,,,
206,206-craig-2013,eef,eef,"Craig (2013), The impact of a technology-based mathematics after-school program using ALEKS on student's knowledge and behaviors",4,eric,EJ1038722,Speaking from Different Positions: Framing African American College Male Literacies as Institutional Critique,2014,"Craig, Collin",https://eric.ed.gov/?id=EJ1038722,https://files.eric.ed.gov/fulltext/EJ1038722.pdf,5,,0,,,
206,206-craig-2013,eef,eef,"Craig (2013), The impact of a technology-based mathematics after-school program using ALEKS on student's knowledge and behaviors",5,eric,EJ1144273,"Social Reconstructionism or Child-Centered Progressivism? Difficulties Defining Progressive Education from the PEA's 1939 Documentary Film, School",2013,"Kridel, Craig",https://eric.ed.gov/?id=EJ1144273,,5,,0,,,
206,206-craig-2013,eef,eef,"Craig (2013), The impact of a technology-based mathematics after-school program using ALEKS on student's knowledge and behaviors",6,eric,EJ1113733,The Vulnerable Worker? A Labor Law Challenge for WIL and Work Experience,2013,"Cameron, Craig",https://eric.ed.gov/?id=EJ1113733,https://files.eric.ed.gov/fulltext/EJ1113733.pdf,5,,0,,,
206,206-craig-2013,eef,eef,"Craig (2013), The impact of a technology-based mathematics after-school program using ALEKS on student's knowledge and behaviors",7,eric,EJ1209591,Teachers' Knowledge for Teaching Compound Interest,2013,"Pournara, Craig",https://eric.ed.gov/?id=EJ1209591,https://files.eric.ed.gov/fulltext/EJ1209591.pdf,5,,0,,,
206,206-craig-2013,eef,eef,"Craig (2013), The impact of a technology-based mathematics after-school program using ALEKS on student's knowledge and behaviors",8,eric,EJ1059788,Failure to Rehire: Why Coaches Get Fired,2014,"Stewart, Craig",https://eric.ed.gov/?id=EJ1059788,,5,,0,,,
213,213-culliney-2019,eef,eef,"Culliney, Moore, Coldwell, Demack, 2019",1,crossref,10.1186/isrctn15145068,Evaluation of the REACH primary (reading with comprehension) reading support programme,2019,Culliney,https://doi.org/10.1186/isrctn15145068,,6,,0,low-margin,,
213,213-culliney-2019,eef,eef,"Culliney, Moore, Coldwell, Demack, 2019",2,crossref,10.4337/9781035326785.00028,Using logic models in mixed methods research: the example of the Integrating English randomised controlled trial,2026,Coldwell; Culliney; Moore,https://doi.org/10.4337/9781035326785.00028,,5,,0,,,
213,213-culliney-2019,eef,eef,"Culliney, Moore, Coldwell, Demack, 2019",3,crossref,10.1186/isrctn21086912,Does the Realistic Maths Education intervention improve pupil attainment in mathematics?,2019,Culliney,https://doi.org/10.1186/isrctn21086912,,5,,0,,,
213,213-culliney-2019,eef,eef,"Culliney, Moore, Coldwell, Demack, 2019",4,eric,EJ1251061,"Personal Contacts, Employment and Social Mobility in Britain",2020,"Culliney, Martin",https://eric.ed.gov/?id=EJ1251061,,5,,0,,,
213,213-culliney-2019,eef,eef,"Culliney, Moore, Coldwell, Demack, 2019",5,crossref,10.1186/isrctn96349771,Evaluation of Counting Collections,2023,Culliney; Culliney; Culliney,https://doi.org/10.1186/isrctn96349771,,3,,0,,,
213,213-culliney-2019,eef,eef,"Culliney, Moore, Coldwell, Demack, 2019",6,crossref,10.1186/isrctn23403781,Evaluating a school-based programme to prevent offending behaviour among young people,2021,Culliney; Culliney,https://doi.org/10.1186/isrctn23403781,,3,,0,,,
253,253-dynarski-2007,eef,eef,"Dynarski et al., 2007",1,eric,ED496015,Effectiveness of Reading and Mathematics Software Products: Findings from the First Student Cohort. Report to Congress,2007,"Dynarski, Mark; Agodini, Roberto; Heaviside, Sheila: Novak, Timothy; Carey, Nancy; Campuzano, Larissa; Means, Barbara; Murphy, Robert; Penuel, William; Javitz, Hal; Emery, Deborah; Sussex, Willow",https://eric.ed.gov/?id=ED496015,https://files.eric.ed.gov/fulltext/ED496015.pdf,11,,1,api-eric,,
253,253-dynarski-2007,eef,eef,"Dynarski et al., 2007",2,crossref,10.1080/19415531003616839,An experimental assessment of the effects of reading software products on reading test scores,2010,Dynarski; Agodini; Campuzano,https://doi.org/10.1080/19415531003616839,,6,,0,,,
253,253-dynarski-2007,eef,eef,"Dynarski et al., 2007",3,crossref,10.2139/ssrn.976537,College Grants on a Postcard: A Proposal for Simple and Predictable Federal Student Aid,2007,Dynarski,https://doi.org/10.2139/ssrn.976537,,5,,0,,,
253,253-dynarski-2007,eef,eef,"Dynarski et al., 2007",4,eric,EJ805166,Building the Stock of College-Educated Labor,2008,"Dynarski, Susan",https://eric.ed.gov/?id=EJ805166,,5,,0,,,
253,253-dynarski-2007,eef,eef,"Dynarski et al., 2007",5,eric,EJ785829,"""Comments on Slavin"": Bringing Answers to Educators--Guiding Principles for Research Syntheses",2008,"Dynarski, Mark",https://eric.ed.gov/?id=EJ785829,,5,,0,,,
253,253-dynarski-2007,eef,eef,"Dynarski et al., 2007",6,eric,EJ777681,Focus Tax Incentives on the Students Who Need Them,2007,"Dynarski, Susan M.",https://eric.ed.gov/?id=EJ777681,,5,,0,,,
253,253-dynarski-2007,eef,eef,"Dynarski et al., 2007",7,eric,ED505616,The Lengthening of Childhood. Working Paper 08-3,2008,"Deming, David; Dynarski, Susan",https://eric.ed.gov/?id=ED505616,https://files.eric.ed.gov/fulltext/ED505616.pdf,5,eric:ED502003,0,,,
253,253-dynarski-2007,eef,eef,"Dynarski et al., 2007",8,eric,ED494312,The Cost of Complexity in Federal Student Aid: Lessons from Optimal Tax Theory and Behavioral Economics. Faculty Research Working Papers Series. RWP06-013,2006,"Dynarski, Susan; Scott-Clayton, Judith",https://eric.ed.gov/?id=ED494312,https://files.eric.ed.gov/fulltext/ED494312.pdf,5,,0,,,
373,373-gorard-2016,eef,eef,"Gorard, See, Siddiqui, Smith, White, 2016",1,crossref,10.64628/ab.vthpsftmy,Philosophy for children boosts their progress at school,2015,Gorard; See; Siddiqui,https://doi.org/10.64628/ab.vthpsftmy,,7,,0,ambiguous,,
373,373-gorard-2016,eef,eef,"Gorard, See, Siddiqui, Smith, White, 2016",2,crossref,10.64628/ab.ksnqafucc,Can after-school activities help reduce attainment gap for poorer pupils?,2015,Gorard; See; Siddiqui,https://doi.org/10.64628/ab.ksnqafucc,,7,,0,,,
373,373-gorard-2016,eef,eef,"Gorard, See, Siddiqui, Smith, White, 2016",3,crossref,10.1080/03055698.2016.1148587,An evaluation of Fresh Start as a catch-up intervention: a trial conducted by teachers,2016,Gorard; Siddiqui; See,https://doi.org/10.1080/03055698.2016.1148587,,7,,0,,,
373,373-gorard-2016,eef,eef,"Gorard, See, Siddiqui, Smith, White, 2016",4,eric,EJ1152510,Still against Inferential Statistics: Rejoinder to Nicholson and Ridgway,2017,"Gorard, Stephen; White, Patrick",https://eric.ed.gov/?id=EJ1152510,,6,,0,,,
373,373-gorard-2016,eef,eef,"Gorard, See, Siddiqui, Smith, White, 2016",5,eric,EJ1152511,Against Inferential Statistics: How and Why Current Statistics Teaching Gets It Wrong,2017,"White, Patrick; Gorard, Stephen",https://eric.ed.gov/?id=EJ1152511,,6,,0,,,
373,373-gorard-2016,eef,eef,"Gorard, See, Siddiqui, Smith, White, 2016",6,eric,EJ1062396,The Role of Parents in Young People's Education--A Critical Review of the Causal Evidence,2015,"See, Beng Huat; Gorard, Stephen",https://eric.ed.gov/?id=EJ1062396,,6,,0,,,
373,373-gorard-2016,eef,eef,"Gorard, See, Siddiqui, Smith, White, 2016",7,eric,EJ1142593,An Analysis of School-Based Contextual Indicators for Possible Use in Widening Participation,2017,"Gorard, Stephen; Siddiqui, Nadia; Boliver, Vikki",https://eric.ed.gov/?id=EJ1142593,https://files.eric.ed.gov/fulltext/EJ1142593.pdf,6,,0,,,
373,373-gorard-2016,eef,eef,"Gorard, See, Siddiqui, Smith, White, 2016",8,eric,EJ1117274,Will the Use of Contextual Indicators Make UK Higher Education Admissions Fairer?,2015,"Boliver, Vikki; Gorard, Stephen; Siddiqui, Nadia",https://eric.ed.gov/?id=EJ1117274,https://files.eric.ed.gov/fulltext/EJ1117274.pdf,6,,0,,,
374,374-gorard-2014,eef,eef,"Gorard, Siddiqui, See, 2014",1,eric,EJ1071059,"An Evaluation of the ""Switch-on Reading"" Literacy Catch-Up Programme",2015,"Gorard, Stephen; Siddiqui, Nadia; See, Beng Huat",https://eric.ed.gov/?id=EJ1071059,,8,,0,low-margin,,
374,374-gorard-2014,eef,eef,"Gorard, Siddiqui, See, 2014",2,crossref,10.4135/978144627305013514714,"A Randomised Controlled Trial (or ‘Fair Test’): Evaluating an Educational
            Innovation",2014,Gorard; See; Siddiqui,https://doi.org/10.4135/978144627305013514714,,7,,0,,,
374,374-gorard-2014,eef,eef,"Gorard, Siddiqui, See, 2014",3,crossref,10.64628/ab.vthpsftmy,Philosophy for children boosts their progress at school,2015,Gorard; See; Siddiqui,https://doi.org/10.64628/ab.vthpsftmy,,7,,0,,,
374,374-gorard-2014,eef,eef,"Gorard, Siddiqui, See, 2014",4,crossref,10.64628/ab.ksnqafucc,Can after-school activities help reduce attainment gap for poorer pupils?,2015,Gorard; See; Siddiqui,https://doi.org/10.64628/ab.ksnqafucc,,7,,0,,,
374,374-gorard-2014,eef,eef,"Gorard, Siddiqui, See, 2014",5,openalex,10.5539/ies.v7n7p125,Is a Summer School Programme a Promising Intervention in Preparation for Transition from Primary to Secondary School?,2014,Siddiqui; Gorard; See,https://doi.org/10.5539/ies.v7n7p125,https://ccsenet.org/journal/index.php/ies/article/download/38214/21358,7,eric:EJ1070380,0,,,
374,374-gorard-2014,eef,eef,"Gorard, Siddiqui, See, 2014",6,eric,ED669516,A Randomised Controlled Trial (or 'Fair Test'): Evaluating an Educational Innovation. Sage Research Methods Cases Part 1,2014,Stephen Gorard; Beng H. See; Nadia Siddiqui,https://eric.ed.gov/?id=ED669516,,7,,0,,,
374,374-gorard-2014,eef,eef,"Gorard, Siddiqui, See, 2014",7,openalex,10.3390/educsci5040306,Will the Use of Contextual Indicators Make UK Higher Education Admissions Fairer?,2015,Boliver; Gorard; Siddiqui,https://doi.org/10.3390/educsci5040306,https://www.mdpi.com/2227-7102/5/4/306/pdf?version=1448037177,6,eric:EJ1117274,0,,,
374,374-gorard-2014,eef,eef,"Gorard, Siddiqui, See, 2014",8,eric,EJ1062396,The Role of Parents in Young People's Education--A Critical Review of the Causal Evidence,2015,"See, Beng Huat; Gorard, Stephen",https://eric.ed.gov/?id=EJ1062396,,6,,0,,,
375,375-gorard-2015,eef,eef,"Gorard, Siddiqui, See, 2015",1,eric,EJ1071059,"An Evaluation of the ""Switch-on Reading"" Literacy Catch-Up Programme",2015,"Gorard, Stephen; Siddiqui, Nadia; See, Beng Huat",https://eric.ed.gov/?id=EJ1071059,,8,,0,low-margin,,
375,375-gorard-2015,eef,eef,"Gorard, Siddiqui, See, 2015",2,crossref,10.64628/ab.vthpsftmy,Philosophy for children boosts their progress at school,2015,Gorard; See; Siddiqui,https://doi.org/10.64628/ab.vthpsftmy,,7,,0,,,
375,375-gorard-2015,eef,eef,"Gorard, Siddiqui, See, 2015",3,crossref,10.64628/ab.ksnqafucc,Can after-school activities help reduce attainment gap for poorer pupils?,2015,Gorard; See; Siddiqui,https://doi.org/10.64628/ab.ksnqafucc,,7,,0,,,
375,375-gorard-2015,eef,eef,"Gorard, Siddiqui, See, 2015",4,crossref,10.4135/978144627305013514714,"A Randomised Controlled Trial (or ‘Fair Test’): Evaluating an Educational
            Innovation",2014,Gorard; See; Siddiqui,https://doi.org/10.4135/978144627305013514714,,7,,0,,,
375,375-gorard-2015,eef,eef,"Gorard, Siddiqui, See, 2015",5,eric,ED669516,A Randomised Controlled Trial (or 'Fair Test'): Evaluating an Educational Innovation. Sage Research Methods Cases Part 1,2014,Stephen Gorard; Beng H. See; Nadia Siddiqui,https://eric.ed.gov/?id=ED669516,,7,,0,,,
375,375-gorard-2015,eef,eef,"Gorard, Siddiqui, See, 2015",6,eric,EJ1070380,Is a Summer School Programme a Promising Intervention in Preparation for Transition from Primary to Secondary School?,2014,"Siddiqui, Nadia; Gorard, Stephen; See, Beng Huat",https://eric.ed.gov/?id=EJ1070380,https://files.eric.ed.gov/fulltext/EJ1070380.pdf,7,,0,,,
375,375-gorard-2015,eef,eef,"Gorard, Siddiqui, See, 2015",7,openalex,10.3390/educsci5040306,Will the Use of Contextual Indicators Make UK Higher Education Admissions Fairer?,2015,Boliver; Gorard; Siddiqui,https://doi.org/10.3390/educsci5040306,https://www.mdpi.com/2227-7102/5/4/306/pdf?version=1448037177,6,eric:EJ1117274,0,,,
375,375-gorard-2015,eef,eef,"Gorard, Siddiqui, See, 2015",8,eric,EJ1062396,The Role of Parents in Young People's Education--A Critical Review of the Causal Evidence,2015,"See, Beng Huat; Gorard, Stephen",https://eric.ed.gov/?id=EJ1062396,,6,,0,,,
376,376-gorard-2017,eef,eef,"Gorard, Siddiqui, See,Smith, White, 2017",1,eric,EJ1154057,"What Works and What Fails? Evidence from Seven Popular Literacy ""Catch-Up"" Schemes for the Transition to Secondary School in England",2017,Stephen Gorard; Nadia Siddiqui; Beng Huat See,https://eric.ed.gov/?id=EJ1154057,,8,,0,ambiguous,,
376,376-gorard-2017,eef,eef,"Gorard, Siddiqui, See,Smith, White, 2017",2,eric,EJ1136171,Can Explicit Teaching of Knowledge Improve Reading Attainment? An Evaluation of the Core Knowledge Curriculum,2017,"See, Beng Huat; Gorard, Stephen; Siddiqui, Nadia",https://eric.ed.gov/?id=EJ1136171,,8,,0,,,
376,376-gorard-2017,eef,eef,"Gorard, Siddiqui, See,Smith, White, 2017",3,crossref,10.4324/9781315456898,The trials of evidence-based education,2017,Gorard; See; Siddiqui,https://doi.org/10.4324/9781315456898,,7,,0,,,
376,376-gorard-2017,eef,eef,"Gorard, Siddiqui, See,Smith, White, 2017",4,eric,EJ1189175,The Importance of Process Evaluation for Randomised Control Trials in Education,2018,"Siddiqui, Nadia; Gorard, Stephen; See, Beng Huat",https://eric.ed.gov/?id=EJ1189175,,7,,0,,,
376,376-gorard-2017,eef,eef,"Gorard, Siddiqui, See,Smith, White, 2017",5,eric,EJ1194822,Grammar Schools in England: A New Analysis of Social Segregation and Academic Outcomes,2018,"Gorard, Stephen; Siddiqui, Nadia",https://eric.ed.gov/?id=EJ1194822,,6,,0,,,
376,376-gorard-2017,eef,eef,"Gorard, Siddiqui, See,Smith, White, 2017",6,eric,EJ1152510,Still against Inferential Statistics: Rejoinder to Nicholson and Ridgway,2017,"Gorard, Stephen; White, Patrick",https://eric.ed.gov/?id=EJ1152510,,6,,0,,,
376,376-gorard-2017,eef,eef,"Gorard, Siddiqui, See,Smith, White, 2017",7,eric,EJ1152511,Against Inferential Statistics: How and Why Current Statistics Teaching Gets It Wrong,2017,"White, Patrick; Gorard, Stephen",https://eric.ed.gov/?id=EJ1152511,,6,,0,,,
376,376-gorard-2017,eef,eef,"Gorard, Siddiqui, See,Smith, White, 2017",8,eric,EJ1142593,An Analysis of School-Based Contextual Indicators for Possible Use in Widening Participation,2017,"Gorard, Stephen; Siddiqui, Nadia; Boliver, Vikki",https://eric.ed.gov/?id=EJ1142593,https://files.eric.ed.gov/fulltext/EJ1142593.pdf,6,,0,,,
411,411-hodgen-2019,eef,eef,"Hodgen, Adkins, Ainsworth, Evans, 2019",1,crossref,10.1093/teamat/hry017,The mathematical backgrounds of undergraduates from England,2018,Hodgen; Adkins; Tomei,https://doi.org/10.1093/teamat/hry017,,7,eric:EJ1247668,0,low-margin,,
411,411-hodgen-2019,eef,eef,"Hodgen, Adkins, Ainsworth, Evans, 2019",2,crossref,10.1186/isrctn15428227,Catch Up® Numeracy Support: An Education Endowment Foundation Effectiveness Trial,2016,Adkins; Hodgen; Ainsworth,https://doi.org/10.1186/isrctn15428227,,6,,0,,,
411,411-hodgen-2019,eef,eef,"Hodgen, Adkins, Ainsworth, Evans, 2019",3,crossref,10.1080/0305764x.2022.2093838,Can teaching assistants improve attainment and attitudes of low performing pupils in numeracy? Evidence from a large-scale randomised controlled trial,2022,Hodgen; Adkins; Ainsworth,https://doi.org/10.1080/0305764x.2022.2093838,,6,,0,,,
411,411-hodgen-2019,eef,eef,"Hodgen, Adkins, Ainsworth, Evans, 2019",4,openalex,https://openalex.org/W3082140747,Early Years and Key Stage 1 Mathematics Teaching: Evidence Review,2020,Hodgen; Barclay; Foster; Gilmore; Marks; Simms,https://figshare.com/articles/report/Early_years_and_key_stage_1_mathematics_teaching_Evidence_review/13264775,https://figshare.com/articles/report/Early_years_and_key_stage_1_mathematics_teaching_Evidence_review/13264775,6,eric:ED612924,0,,,
411,411-hodgen-2019,eef,eef,"Hodgen, Adkins, Ainsworth, Evans, 2019",5,eric,ED612295,Improving Mathematics in Key Stages Two and Three: Evidence Review,2018,"Hodgen, Jeremy; Foster, Colin; Marks, Rachel; Brown, Margaret",https://eric.ed.gov/?id=ED612295,https://files.eric.ed.gov/fulltext/ED612295.pdf,6,,0,,,
411,411-hodgen-2019,eef,eef,"Hodgen, Adkins, Ainsworth, Evans, 2019",6,eric,EJ1167684,Think Aloud: Using Cognitive Interviewing to Validate the PISA Assessment of Student Self-Efficacy in Mathematics,2018,"Pepper, David; Hodgen, Jeremy; Lamesoo, Katri; Kõiv, Pille; Tolboom, Jos",https://eric.ed.gov/?id=EJ1167684,,6,,0,,,
411,411-hodgen-2019,eef,eef,"Hodgen, Adkins, Ainsworth, Evans, 2019",7,eric,EJ1279285,Pedagogical Devices as Children's Social Care Levers: A Study of Social Care Workers' Attitudes towards Boarding Schools to Care for and Educate Children in Need,2020,"Murphy, David; Oliver, Mary; Pourhabib, Sanam; Adkins, Michael; Hodgen, Jeremy",https://eric.ed.gov/?id=EJ1279285,,6,,0,,,
411,411-hodgen-2019,eef,eef,"Hodgen, Adkins, Ainsworth, Evans, 2019",8,eric,EJ1223692,The Misallocation of Students to Academic Sets in Maths: A Study of Secondary Schools in England,2019,"Connolly, Paul; Taylor, Becky; Francis, Becky; Archer, Louise; Hodgen, Jeremy; Mazenod, Anna; Tereshchenko, Antonina",https://eric.ed.gov/?id=EJ1223692,,6,,0,,,
422,422-humphrey-2020,eef,eef,"Humphrey, Squires, Choudry, Byrne, Demkowicz, Troncoso, Wo, 2020.",1,openalex,10.13140/rg.2.2.18956.33920,Achievement for All Evaluation Report,2020,Humphrey; Squires; Choudry; Byrne; Demkowicz; Wo; Troncoso,https://research.manchester.ac.uk/en/publications/db6de561-5c3b-4859-9496-fca3bdfde546,https://research.manchester.ac.uk/en/publications/db6de561-5c3b-4859-9496-fca3bdfde546,10,,1,api-openalex,,
422,422-humphrey-2020,eef,eef,"Humphrey, Squires, Choudry, Byrne, Demkowicz, Troncoso, Wo, 2020.",2,crossref,10.21203/rs.3.rs-97540/v1,Cumulative Risk Exposure and Emotional Symptoms among Early Adolescent Girls,2020,Demkowicz; Panayiotou; Humphrey,https://doi.org/10.21203/rs.3.rs-97540/v1,,6,,0,,,
422,422-humphrey-2020,eef,eef,"Humphrey, Squires, Choudry, Byrne, Demkowicz, Troncoso, Wo, 2020.",3,crossref,10.21203/rs.3.rs-48986/v1,“More Worries Kept on Coming and Coming”: An Interpretative Phenomenological Analysis of How Early Adolescent Girls Experience Emotional Symptoms,2020,Demkowicz; Humphrey; Holmes,https://doi.org/10.21203/rs.3.rs-48986/v1,,6,,0,,,
422,422-humphrey-2020,eef,eef,"Humphrey, Squires, Choudry, Byrne, Demkowicz, Troncoso, Wo, 2020.",4,crossref,10.1027/1015-5759/a000562,The Factor Structure of the 4-Item Perceived Stress Scale in English 					Adolescents,2020,Demkowicz; Panayiotou; Ashworth; Humphrey; Deighton,https://doi.org/10.1027/1015-5759/a000562,,6,,0,,,
422,422-humphrey-2020,eef,eef,"Humphrey, Squires, Choudry, Byrne, Demkowicz, Troncoso, Wo, 2020.",5,eric,EJ1295388,The Role of Teachers' Disciplinary Semiotic Knowledge in Supporting Young Bi/Multilingual Learners' Academic and Reflexive Multiliteracies,2020,"Humphrey, Sally",https://eric.ed.gov/?id=EJ1295388,,5,,0,,,
422,422-humphrey-2020,eef,eef,"Humphrey, Squires, Choudry, Byrne, Demkowicz, Troncoso, Wo, 2020.",6,eric,EJ1303514,Campus Communications and Navigating Privilege,2021,"Fernflores, Rachel; Humphrey, Keith",https://eric.ed.gov/?id=EJ1303514,,5,,0,,,
422,422-humphrey-2020,eef,eef,"Humphrey, Squires, Choudry, Byrne, Demkowicz, Troncoso, Wo, 2020.",7,eric,EJ1321278,"Longitudinal Relations between Hypercompetitiveness, Jealousy, and Aggression across Adolescence",2021,"Humphrey, Tamara; Vaillancourt, Tracy",https://eric.ed.gov/?id=EJ1321278,,5,,0,,,
422,422-humphrey-2020,eef,eef,"Humphrey, Squires, Choudry, Byrne, Demkowicz, Troncoso, Wo, 2020.",8,eric,EJ1240610,We Need to Talk about Coursebooks,2019,"Jordan, Geoff; Gray, Humphrey",https://eric.ed.gov/?id=EJ1240610,,5,,0,,,
425,425-husain-2016,eef,eef,"Husain, Jabin, Haywood, Kasim, Paylor, 2016",1,eric,ED581143,Parent Academy: Evaluation Report and Executive Summary,2016,"Husain, Fatima; Jabin, Nico; Haywood, Sarah; Kasim, Adetayo; Paylor, Jonathan",https://eric.ed.gov/?id=ED581143,https://files.eric.ed.gov/fulltext/ED581143.pdf,9,,1,api-eric,,
425,425-husain-2016,eef,eef,"Husain, Jabin, Haywood, Kasim, Paylor, 2016",2,eric,EJ1079421,Supporting Early Math--Rationales and Requirements for High Quality Software,2015,"Haake, Magnus; Husain, Layla; Gulz, Agneta",https://eric.ed.gov/?id=EJ1079421,,6,,0,,,
425,425-husain-2016,eef,eef,"Husain, Jabin, Haywood, Kasim, Paylor, 2016",3,eric,EJ1079521,Bullying in Elementary Schools: Its Causes and Effects on Students,2015,"Jan, Afroz; Husain, Shafqat",https://eric.ed.gov/?id=EJ1079521,https://files.eric.ed.gov/fulltext/EJ1079521.pdf,5,,0,,,
425,425-husain-2016,eef,eef,"Husain, Jabin, Haywood, Kasim, Paylor, 2016",4,eric,EJ1116522,Zombie Graduates Driven by Rickshaw Faculty--A Qualitative Case Study: Private Universities in Urban Bangladesh,2016,"Husain, Matt M.; Osswald, Karina",https://eric.ed.gov/?id=EJ1116522,,5,,0,,,
425,425-husain-2016,eef,eef,"Husain, Jabin, Haywood, Kasim, Paylor, 2016",5,eric,EJ1136024,Rapid Forgetting Results from Competition over Time between Items in Visual Working Memory,2017,"Pertzov, Yoni; Manohar, Sanjay; Husain, Masud",https://eric.ed.gov/?id=EJ1136024,,5,,0,,,
425,425-husain-2016,eef,eef,"Husain, Jabin, Haywood, Kasim, Paylor, 2016",6,eric,EJ1128495,Determinants of Education Quality: What Makes Students' Perception Different?,2016,"Akareem, Husain Salilul; Hossain, Syed Shahadat",https://eric.ed.gov/?id=EJ1128495,,5,,0,,,
425,425-husain-2016,eef,eef,"Husain, Jabin, Haywood, Kasim, Paylor, 2016",7,eric,EJ1127449,Analysing ESL Students' Perceptions towards Oral Communication for Social and Occupational Purposes,2015,"Husain, Fauzilah Md; Ganapathy, Malini; Mohamed, Akmar",https://eric.ed.gov/?id=EJ1127449,https://files.eric.ed.gov/fulltext/EJ1127449.pdf,5,,0,,,
425,425-husain-2016,eef,eef,"Husain, Jabin, Haywood, Kasim, Paylor, 2016",8,eric,EJ1244210,Perceptions of and Attitudes toward Plagiarism and Factors Contributing to Plagiarism: A Review of Studies,2017,"Husain, Fauzilah Md; Al-Shaibani, Ghayth Kamel Shaker; Mahfoodh, Omer Hassan Ali",https://eric.ed.gov/?id=EJ1244210,,5,,0,,,
443,443-jay-2017,eef,eef,"Jay, Willis, Thomas, Taylor, Moore, Burnett, Merchant, Stevens, 2017",1,openalex,https://openalex.org/W2768481422,Dialogic Teaching : Evaluation Report and Executive Summary,2017,Jay; Willis; Thomas; Taylor; Moore; Burnett; Merchant; Stevens,http://shura.shu.ac.uk/17014/1/Dialogic_Teaching_Evaluation_Report.pdf,http://shura.shu.ac.uk/17014/1/Dialogic_Teaching_Evaluation_Report.pdf,10,,1,api-openalex,,
443,443-jay-2017,eef,eef,"Jay, Willis, Thomas, Taylor, Moore, Burnett, Merchant, Stevens, 2017",2,openalex,10.3390/educsci8040202,The Mathematics Teacher Exchange and ‘Mastery’ in England: The Evidence for the Efficacy of Component Practices,2018,Boylan; Maxwell; Wolstenholme; Jay; Demack,https://doi.org/10.3390/educsci8040202,https://www.mdpi.com/2227-7102/8/4/202/pdf?version=1542292050,6,,0,,,
443,443-jay-2017,eef,eef,"Jay, Willis, Thomas, Taylor, Moore, Burnett, Merchant, Stevens, 2017",3,crossref,10.5858/1999-123-0377-dtw,Dr Thomas Willis,1999,Jay,https://doi.org/10.5858/1999-123-0377-dtw,,5,,0,,,
443,443-jay-2017,eef,eef,"Jay, Willis, Thomas, Taylor, Moore, Burnett, Merchant, Stevens, 2017",4,crossref,10.1007/s003810050184,The legacy of Thomas Willis,1998,Jay,https://doi.org/10.1007/s003810050184,,5,,0,,,
443,443-jay-2017,eef,eef,"Jay, Willis, Thomas, Taylor, Moore, Burnett, Merchant, Stevens, 2017",5,eric,ED667475,Collecting Web-Based Attitude Measures in Schools. Sage Research Methods Cases Part 2,2016,Jay Cameron,https://eric.ed.gov/?id=ED667475,,5,,0,,,
443,443-jay-2017,eef,eef,"Jay, Willis, Thomas, Taylor, Moore, Burnett, Merchant, Stevens, 2017",6,eric,EJ1129385,Holistic Experimentation for Emergence: A Creative Approach to Postgraduate Entrepreneurship Education and Training,2017,"Mitra, Jay",https://eric.ed.gov/?id=EJ1129385,,5,,0,,,
443,443-jay-2017,eef,eef,"Jay, Willis, Thomas, Taylor, Moore, Burnett, Merchant, Stevens, 2017",7,eric,EJ1182946,Other Voices: Authors' Literary-Academic Presence and Publication in the Discursive World System,2018,"Larson, Jay",https://eric.ed.gov/?id=EJ1182946,,5,,0,,,
443,443-jay-2017,eef,eef,"Jay, Willis, Thomas, Taylor, Moore, Burnett, Merchant, Stevens, 2017",8,eric,EJ1112547,An Examination of Music Teacher Job Interview Questions,2016,"Juchniewicz, Jay",https://eric.ed.gov/?id=EJ1112547,,5,,0,,,
447,447-jerrim-2016,eef,eef,"Jerrim, Macmillan, Micklewright, Sawtell, Wiggins, 2016",1,crossref,10.3368/jhr.53.4.0516.7952r,Does Teaching Children How to Play Cognitively Demanding Games Improve Their Educational Attainment?,2017,Jerrim; Macmillan; Micklewright; Sawtell; Wiggins,https://doi.org/10.3368/jhr.53.4.0516.7952r,,9,,1,api-crossref,,
447,447-jerrim-2016,eef,eef,"Jerrim, Macmillan, Micklewright, Sawtell, Wiggins, 2016",2,eric,ED581136,Learner Response System: Evaluation Report and Executive Summary,2017,"Wiggins, Meg; Sawtell, Mary; Jerrim, John",https://eric.ed.gov/?id=ED581136,https://files.eric.ed.gov/fulltext/ED581136.pdf,7,,0,,,
447,447-jerrim-2016,eef,eef,"Jerrim, Macmillan, Micklewright, Sawtell, Wiggins, 2016",3,crossref,10.1093/sf/sov075,"Income Inequality, Intergenerational Mobility, and the Great Gatsby Curve: Is Education the Key?",2015,Jerrim; Macmillan,https://doi.org/10.1093/sf/sov075,,6,,0,,,
447,447-jerrim-2016,eef,eef,"Jerrim, Macmillan, Micklewright, Sawtell, Wiggins, 2016",4,eric,ED581180,Mathematics Mastery: Overarching Summary Report,2015,"Jerrim, John; Vignoles, Anna",https://eric.ed.gov/?id=ED581180,https://files.eric.ed.gov/fulltext/ED581180.pdf,6,,0,,,
447,447-jerrim-2016,eef,eef,"Jerrim, Macmillan, Micklewright, Sawtell, Wiggins, 2016",5,eric,EJ1119751,PISA 2012: How Do Results for the Paper and Computer Tests Compare?,2016,"Jerrim, John",https://eric.ed.gov/?id=EJ1119751,,5,,0,,,
447,447-jerrim-2016,eef,eef,"Jerrim, Macmillan, Micklewright, Sawtell, Wiggins, 2016",6,eric,EJ1048196,Do College Students Make Better Predictions of Their Future Income than Young Adults in the Labor Force?,2015,"Jerrim, John",https://eric.ed.gov/?id=EJ1048196,,5,,0,,,
447,447-jerrim-2016,eef,eef,"Jerrim, Macmillan, Micklewright, Sawtell, Wiggins, 2016",7,eric,EJ1062393,Why Do East Asian Children Perform so well in PISA? An Investigation of Western-Born Children of East Asian Descent,2015,"Jerrim, John",https://eric.ed.gov/?id=EJ1062393,,5,,0,,,
447,447-jerrim-2016,eef,eef,"Jerrim, Macmillan, Micklewright, Sawtell, Wiggins, 2016",8,eric,EJ1160024,Benchmarking London in the PISA Rankings,2016,"Jerrim, John; Wyness, Gill",https://eric.ed.gov/?id=EJ1160024,https://files.eric.ed.gov/fulltext/EJ1160024.pdf,5,,0,,,
481,481-kim-2008,eef,eef,"Kim (2008), Scaffolding Voluntary Summer Reading for Children in Grades 3 to 5: An Experimental Study",1,crossref,10.1080/10888430701746849,Scaffolding Voluntary Summer Reading for Children in Grades 3 to 5: An Experimental Study,2008,Kim; White,https://doi.org/10.1080/10888430701746849,,9,,0,ambiguous,,
481,481-kim-2008,eef,eef,"Kim (2008), Scaffolding Voluntary Summer Reading for Children in Grades 3 to 5: An Experimental Study",2,crossref,10.1598/rt.62.2.3,Teacher and Parent Scaffolding of Voluntary Summer Reading,2008,White; Kim,https://doi.org/10.1598/rt.62.2.3,,9,,0,,,
481,481-kim-2008,eef,eef,"Kim (2008), Scaffolding Voluntary Summer Reading for Children in Grades 3 to 5: An Experimental Study",3,crossref,10.1037/0022-0663.99.3.505,The effects of a voluntary summer reading intervention on reading activities and reading achievement.,2007,Kim,https://doi.org/10.1037/0022-0663.99.3.505,,6,,0,,,
481,481-kim-2008,eef,eef,"Kim (2008), Scaffolding Voluntary Summer Reading for Children in Grades 3 to 5: An Experimental Study",4,eric,EJ793625,The Effect of Interlocutor Proficiency on the Collaborative Dialogue between Korean as a Second Language Learners,2008,"Kim, YouJin; McDonough, Kim",https://eric.ed.gov/?id=EJ793625,,6,,0,,,
481,481-kim-2008,eef,eef,"Kim (2008), Scaffolding Voluntary Summer Reading for Children in Grades 3 to 5: An Experimental Study",5,eric,EJ791912,The Effects of the Coordination Support on Shared Mental Models and Coordinated Action,2008,"Kim, Hyunsong; Kim, Dongsik",https://eric.ed.gov/?id=EJ791912,,5,,0,,,
481,481-kim-2008,eef,eef,"Kim (2008), Scaffolding Voluntary Summer Reading for Children in Grades 3 to 5: An Experimental Study",6,eric,EJ831152,Learners' Production of Passives during Syntactic Priming Activities,2008,"Kim, Youjin; McDonough, Kim",https://eric.ed.gov/?id=EJ831152,,5,,0,,,
481,481-kim-2008,eef,eef,"Kim (2008), Scaffolding Voluntary Summer Reading for Children in Grades 3 to 5: An Experimental Study",7,eric,EJ850237,"Syntactic Priming, Type Frequency, and EFL Learners' Production of ""Wh""-Questions",2009,"McDonough, Kim; Kim, Youjin",https://eric.ed.gov/?id=EJ850237,,5,,0,,,
481,481-kim-2008,eef,eef,"Kim (2008), Scaffolding Voluntary Summer Reading for Children in Grades 3 to 5: An Experimental Study",8,eric,EJ850273,Does Cultural Capital Matter?: Cultural Divide and Quality of Life,2009,"Kim, Seoyong; Kim, Hyesun",https://eric.ed.gov/?id=EJ850273,,5,,0,,,
536,536-lloyd-2015,eef,eef,"Lloyd, Edovald, Kiss, Morris, Skipp, Ahmed, 2015",1,openalex,https://openalex.org/W2903262520,Paired Reading: Evaluation report and Executive summary,2015,Lloyd; Edovald; Kiss; Morris; Skipp; Ahmed,https://dera.ioe.ac.uk//31487/1/Paired_Reading.pdf,https://dera.ioe.ac.uk//31487/1/Paired_Reading.pdf,11,,1,api-openalex,,
536,536-lloyd-2015,eef,eef,"Lloyd, Edovald, Kiss, Morris, Skipp, Ahmed, 2015",2,crossref,10.1080/13803611.2016.1259113,The importance of specifying and studying causal mechanisms in school-based randomised controlled trials: lessons from two studies of cross-age peer tutoring,2016,Morris; Edovald; Lloyd; Kiss,https://doi.org/10.1080/13803611.2016.1259113,https://e-space.mmu.ac.uk/617598/18/The%20importance%20of%20specifying%20and%20studying%20causal%20mechanisms%20in%20school-based%20randomised%20controlled%20trials%20%283%29.pdf,8,openalex:10.1080/13803611.2016.1259113,0,,,
536,536-lloyd-2015,eef,eef,"Lloyd, Edovald, Kiss, Morris, Skipp, Ahmed, 2015",3,eric,EJ1186978,Are We Teaching Critical Literacy? Reading Practices in a Township Classroom,2016,"Lloyd, Glynis",https://eric.ed.gov/?id=EJ1186978,https://files.eric.ed.gov/fulltext/EJ1186978.pdf,6,,0,,,
536,536-lloyd-2015,eef,eef,"Lloyd, Edovald, Kiss, Morris, Skipp, Ahmed, 2015",4,crossref,10.1515/9780748678860,Butler and Ethics,2015,Lloyd,https://doi.org/10.1515/9780748678860,,5,,0,,,
536,536-lloyd-2015,eef,eef,"Lloyd, Edovald, Kiss, Morris, Skipp, Ahmed, 2015",5,eric,EJ1044038,Co-Producing Early Years Policy in England under the Coalition Government,2014,"Lloyd, Eva",https://eric.ed.gov/?id=EJ1044038,,5,,0,,,
536,536-lloyd-2015,eef,eef,"Lloyd, Edovald, Kiss, Morris, Skipp, Ahmed, 2015",6,eric,EJ1033229,A Brief Note on Evidence-Centered Design as a Mechanism for Assessment Development and Evaluation,2014,"Bond, Lloyd",https://eric.ed.gov/?id=EJ1033229,,5,,0,,,
536,536-lloyd-2015,eef,eef,"Lloyd, Edovald, Kiss, Morris, Skipp, Ahmed, 2015",7,eric,EJ1301600,Helping Students Learn beyond the Bounds of Their Imagination: Lessons from a Global Citizenship Practicum,2015,"Kornelsen, Lloyd",https://eric.ed.gov/?id=EJ1301600,https://files.eric.ed.gov/fulltext/EJ1301600.pdf,5,,0,,,
536,536-lloyd-2015,eef,eef,"Lloyd, Edovald, Kiss, Morris, Skipp, Ahmed, 2015",8,eric,EJ1160135,Early Childhood Education and Care Policy in England under the Coalition Government,2015,"Lloyd, Eva",https://eric.ed.gov/?id=EJ1160135,https://files.eric.ed.gov/fulltext/EJ1160135.pdf,5,,0,,,
537,537-lloyd-2015,eef,eef,"Lloyd, Edovald, Morris, Kiss, Skipp, Haywood, 2015",1,crossref,10.1080/13803611.2016.1259113,The importance of specifying and studying causal mechanisms in school-based randomised controlled trials: lessons from two studies of cross-age peer tutoring,2016,Morris; Edovald; Lloyd; Kiss,https://doi.org/10.1080/13803611.2016.1259113,https://e-space.mmu.ac.uk/617598/18/The%20importance%20of%20specifying%20and%20studying%20causal%20mechanisms%20in%20school-based%20randomised%20controlled%20trials%20%283%29.pdf,8,openalex:10.1080/13803611.2016.1259113,1,api-crossref,,
537,537-lloyd-2015,eef,eef,"Lloyd, Edovald, Morris, Kiss, Skipp, Haywood, 2015",2,crossref,10.1180/minmag.2015.079.6.10,Bioreduction of iodate in sediment microcosms,2015,Guido-Garcia; Law; Lloyd; Lythgoe; Morris,https://doi.org/10.1180/minmag.2015.079.6.10,,6,,0,,,
537,537-lloyd-2015,eef,eef,"Lloyd, Edovald, Morris, Kiss, Skipp, Haywood, 2015",3,crossref,10.1021/acs.est.5b02042,"Biostimulation
by Glycerol Phosphate to Precipitate
Recalcitrant Uranium(IV) Phosphate",2015,Newsome; Morris; Trivedi; Bewsher; Lloyd,https://doi.org/10.1021/acs.est.5b02042,,6,,0,,,
537,537-lloyd-2015,eef,eef,"Lloyd, Edovald, Morris, Kiss, Skipp, Haywood, 2015",4,eric,EJ1044038,Co-Producing Early Years Policy in England under the Coalition Government,2014,"Lloyd, Eva",https://eric.ed.gov/?id=EJ1044038,,5,,0,,,
537,537-lloyd-2015,eef,eef,"Lloyd, Edovald, Morris, Kiss, Skipp, Haywood, 2015",5,eric,EJ1033229,A Brief Note on Evidence-Centered Design as a Mechanism for Assessment Development and Evaluation,2014,"Bond, Lloyd",https://eric.ed.gov/?id=EJ1033229,,5,,0,,,
537,537-lloyd-2015,eef,eef,"Lloyd, Edovald, Morris, Kiss, Skipp, Haywood, 2015",6,eric,EJ1301600,Helping Students Learn beyond the Bounds of Their Imagination: Lessons from a Global Citizenship Practicum,2015,"Kornelsen, Lloyd",https://eric.ed.gov/?id=EJ1301600,https://files.eric.ed.gov/fulltext/EJ1301600.pdf,5,,0,,,
537,537-lloyd-2015,eef,eef,"Lloyd, Edovald, Morris, Kiss, Skipp, Haywood, 2015",7,eric,EJ1160135,Early Childhood Education and Care Policy in England under the Coalition Government,2015,"Lloyd, Eva",https://eric.ed.gov/?id=EJ1160135,https://files.eric.ed.gov/fulltext/EJ1160135.pdf,5,,0,,,
537,537-lloyd-2015,eef,eef,"Lloyd, Edovald, Morris, Kiss, Skipp, Haywood, 2015",8,eric,EJ1186978,Are We Teaching Critical Literacy? Reading Practices in a Township Classroom,2016,"Lloyd, Glynis",https://eric.ed.gov/?id=EJ1186978,https://files.eric.ed.gov/fulltext/EJ1186978.pdf,5,,0,,,
592,592-menzies-2016,eef,eef,"Menzies, Kasim, Kokotsaki, Hewitt, Akhter, Collyer, Younger, Wiggins, Torgerson, 2016",1,eric,ED581257,Project Based Learning: Evaluation Report and Executive Summary,2016,"Menzies, Victoria; Hewitt, Catherine; Kokotsaki, Dimitra; Collyer, Clare; Wiggins, Andy",https://eric.ed.gov/?id=ED581257,https://files.eric.ed.gov/fulltext/ED581257.pdf,8,,1,api-eric,,
592,592-menzies-2016,eef,eef,"Menzies, Kasim, Kokotsaki, Hewitt, Akhter, Collyer, Younger, Wiggins, Torgerson, 2016",2,crossref,10.1177/1365480216659733,Project-based learning: A review of the literature,2016,Kokotsaki; Menzies; Wiggins,https://doi.org/10.1177/1365480216659733,,6,eric:EJ1117732,0,,,
592,592-menzies-2016,eef,eef,"Menzies, Kasim, Kokotsaki, Hewitt, Akhter, Collyer, Younger, Wiggins, Torgerson, 2016",3,eric,ED600742,Tuition Elasticity at the College Level and Its Effect on Differential Tuition Rates,2017,"Menzies, Max Duery, III",https://eric.ed.gov/?id=ED600742,,5,,0,,,
592,592-menzies-2016,eef,eef,"Menzies, Kasim, Kokotsaki, Hewitt, Akhter, Collyer, Younger, Wiggins, Torgerson, 2016",4,eric,EJ1162497,Why Do Long-Serving Teachers Stay in the Teaching Profession? Analysing the Motivations of Teachers with 10 or More Years' Experience in England,2017,"Chiong, Charleen; Menzies, Loic; Parameshwaran, Meenakshi",https://eric.ed.gov/?id=EJ1162497,,5,,0,,,
592,592-menzies-2016,eef,eef,"Menzies, Kasim, Kokotsaki, Hewitt, Akhter, Collyer, Younger, Wiggins, Torgerson, 2016",5,eric,EJ1125337,A Case Study of Facebook Use: Outlining a Multi-Layer Strategy for Higher Education,2017,"Menzies, Rachel; Petrie, Karen; Zarb, Mark",https://eric.ed.gov/?id=EJ1125337,,5,,0,,,
592,592-menzies-2016,eef,eef,"Menzies, Kasim, Kokotsaki, Hewitt, Akhter, Collyer, Younger, Wiggins, Torgerson, 2016",6,eric,EJ1132797,Cross-Cultural Team Effectiveness for MBA Students Studying in an Immersion Program,2016,"Ogden-Barnes, Stephen; Menzies, Jane L.",https://eric.ed.gov/?id=EJ1132797,,5,,0,,,
592,592-menzies-2016,eef,eef,"Menzies, Kasim, Kokotsaki, Hewitt, Akhter, Collyer, Younger, Wiggins, Torgerson, 2016",7,eric,EJ1079235,Transitional Experiences of International Postgraduate Students Utilising a Peer Mentor Programme,2015,"Menzies, Jane L.; Baron, Rachael; Zutshi, Ambika",https://eric.ed.gov/?id=EJ1079235,,5,,0,,,
592,592-menzies-2016,eef,eef,"Menzies, Kasim, Kokotsaki, Hewitt, Akhter, Collyer, Younger, Wiggins, Torgerson, 2016",8,eric,EJ1153614,Bienvenidos a Todos: Strategies for Supporting Students with Learning Disabilities in a Foreign Language Classroom,2016,"Osipova, Anna V.; Ricci, Leila A.; Menzies, Holly",https://eric.ed.gov/?id=EJ1153614,,5,,0,,,
595,595-mertes-2013,eef,eef,"Mertes (2013), A Mathematics Education Comparative Analysis of ALEKS Technology and Direct Classroom Instruction",1,eric,ED556586,A Mathematics Education Comparative Analysis of ALEKS Technology and Direct Classroom Instruction,2013,"Mertes, Emily Sue",https://eric.ed.gov/?id=ED556586,,8,,1,api-eric,,
595,595-mertes-2013,eef,eef,"Mertes (2013), A Mathematics Education Comparative Analysis of ALEKS Technology and Direct Classroom Instruction",2,crossref,10.4135/9781483387925.n2,Differentiated Mathematics Instruction,2013,,https://doi.org/10.4135/9781483387925.n2,,5,,0,,,
595,595-mertes-2013,eef,eef,"Mertes (2013), A Mathematics Education Comparative Analysis of ALEKS Technology and Direct Classroom Instruction",3,eric,ED553123,Exploring the Construct of Social Integration in a Community College Environment,2013,"Mertes, Scott J.",https://eric.ed.gov/?id=ED553123,,5,,0,,,
595,595-mertes-2013,eef,eef,"Mertes (2013), A Mathematics Education Comparative Analysis of ALEKS Technology and Direct Classroom Instruction",4,eric,EJ1022797,Predictors of First-Year Retention in a Community College,2014,"Mertes, Scott J.; Hoover, Richard E.",https://eric.ed.gov/?id=EJ1022797,,5,,0,,,
595,595-mertes-2013,eef,eef,"Mertes (2013), A Mathematics Education Comparative Analysis of ALEKS Technology and Direct Classroom Instruction",5,crossref,10.1007/978-3-031-35825-8_10,Direct Instruction,2023,Matsuda,https://doi.org/10.1007/978-3-031-35825-8_10,,2,,0,,,
595,595-mertes-2013,eef,eef,"Mertes (2013), A Mathematics Education Comparative Analysis of ALEKS Technology and Direct Classroom Instruction",6,crossref,10.1016/j.linged.2023.101227,Creating translanguaging spaces in a Hong Kong English medium instruction mathematics classroom: A comparative analysis of classroom interactions with and without the use of iPad,2023,Tai,https://doi.org/10.1016/j.linged.2023.101227,,1,crossref:10.1016/j.linged.2025.101400,0,,,
595,595-mertes-2013,eef,eef,"Mertes (2013), A Mathematics Education Comparative Analysis of ALEKS Technology and Direct Classroom Instruction",7,crossref,10.1080/07370008.2019.1578775,"Artifacts, Agency and Classroom Activity: Materialist Perspectives on Mathematics Education Technology",2019,White,https://doi.org/10.1080/07370008.2019.1578775,,1,,0,,,
607,607-miller-2016,eef,eef,"Miller, Davison, Yohanis, Sloan, Gildea, Thurston, 2016",1,eric,EJ1465988,A Queer Literacy Framework Promoting (A)Gender and (A)Sexuality Self-Determination and Justice,2015,Sj Miller,https://eric.ed.gov/?id=EJ1465988,,6,,0,low-margin,,
607,607-miller-2016,eef,eef,"Miller, Davison, Yohanis, Sloan, Gildea, Thurston, 2016",2,openalex,10.1186/isrctn16968546,Parental engagement project,2015,Miller,https://doi.org/10.1186/isrctn16968546,https://files.eric.ed.gov/fulltext/ED581121.pdf,5,,0,,,
607,607-miller-2016,eef,eef,"Miller, Davison, Yohanis, Sloan, Gildea, Thurston, 2016",3,eric,ED668153,Revisiting the Past: Interviews with Low-Income Parents about School Memories and Children's Early Beginnings. Sage Research Methods Cases Part 2,2016,Kyle Miller,https://eric.ed.gov/?id=ED668153,,5,,0,,,
607,607-miller-2016,eef,eef,"Miller, Davison, Yohanis, Sloan, Gildea, Thurston, 2016",4,eric,EJ1129511,What Are the Odds: An Examination of Adolescent Interracial Romance and Risk for Depression,2017,"Miller, Byron",https://eric.ed.gov/?id=EJ1129511,,5,,0,,,
607,607-miller-2016,eef,eef,"Miller, Davison, Yohanis, Sloan, Gildea, Thurston, 2016",5,eric,EJ1141970,"Teachers, Leaders, and Social Justice: A Critical Reflection on a Complicated Exchange",2017,"Miller, Cody",https://eric.ed.gov/?id=EJ1141970,,5,,0,,,
607,607-miller-2016,eef,eef,"Miller, Davison, Yohanis, Sloan, Gildea, Thurston, 2016",6,eric,EJ1148800,Hypothesis Testing in the Real World,2017,"Miller, Jeff",https://eric.ed.gov/?id=EJ1148800,,5,,0,,,
607,607-miller-2016,eef,eef,"Miller, Davison, Yohanis, Sloan, Gildea, Thurston, 2016",7,eric,EJ1164960,Virtue through Challenge: Moral Development and Self-Transformation,2017,"Miller, Alistair",https://eric.ed.gov/?id=EJ1164960,,5,,0,,,
607,607-miller-2016,eef,eef,"Miller, Davison, Yohanis, Sloan, Gildea, Thurston, 2016",8,eric,EJ1162309,Process for Discovery,2017,"Miller, Andrew",https://eric.ed.gov/?id=EJ1162309,,5,,0,,,
653,653-ohare-2019,eef,eef,"O‚ÄôHare, Stark, Cockerill, Lloyd, McConnellogue, Gildea, Biggart, Connolly, Bower, 2019",1,crossref,10.1016/j.ijer.2018.08.002,Protocol: A cluster randomised controlled trial of Reciprocal Reading: A teacher training comprehension programme,2018,O’Hare; Stark; McConnellogue; Lloyd; Cockerill; Biggart,https://doi.org/10.1016/j.ijer.2018.08.002,,7,,0,low-margin,,
653,653-ohare-2019,eef,eef,"O‚ÄôHare, Stark, Cockerill, Lloyd, McConnellogue, Gildea, Biggart, Connolly, Bower, 2019",2,crossref,10.1111/bjep.12623,Comparing the effectiveness of two reciprocal reading comprehension interventions for primary school pupils in disadvantaged schools,2023,O'Hare; Stark; Cockerill; Lloyd; McConnellogue; Gildea; Biggart; Bower; Connolly,https://doi.org/10.1111/bjep.12623,,6,,0,,,
653,653-ohare-2019,eef,eef,"O‚ÄôHare, Stark, Cockerill, Lloyd, McConnellogue, Gildea, Biggart, Connolly, Bower, 2019",3,crossref,10.1037/e518392013-769,Assessment centers can measure dimensions: Evidence from leadership development,2010,Guenole; Chernyshenko; Stark; Cockerill,https://doi.org/10.1037/e518392013-769,,2,,0,,,
653,653-ohare-2019,eef,eef,"O‚ÄôHare, Stark, Cockerill, Lloyd, McConnellogue, Gildea, Biggart, Connolly, Bower, 2019",4,crossref,10.5194/egusphere-egu24-5449,Secondary ice production within mixed-phase clouds in cold air outbreaks over the North Atlantic.&#160;,2025,Biggart; Choularton; Gallagher; Bower; Lloyd; Murray,https://doi.org/10.5194/egusphere-egu24-5449,,1,crossref:10.5194/egusphere-2026-1272,0,,,
741,741-rienzo-2016,eef,eef,"Rienzo, Rolfe, Wilkinson, 2016",1,eric,ED581132,Changing Mindsets: Evaluation Report and Executive Summary,2015,"Rienzo, Cinzia; Rolfe, Heather; Wilkinson, David",https://eric.ed.gov/?id=ED581132,https://files.eric.ed.gov/fulltext/ED581132.pdf,7,,0,ambiguous,,
741,741-rienzo-2016,eef,eef,"Rienzo, Rolfe, Wilkinson, 2016",2,eric,ED581274,Powerful Learning Conversations: Evaluation Report and Executive Summary,2016,"Rienzo, Cinzia; Rolfe, Heather; Wilkinson, David",https://eric.ed.gov/?id=ED581274,https://files.eric.ed.gov/fulltext/ED581274.pdf,7,,0,,,
741,741-rienzo-2016,eef,eef,"Rienzo, Rolfe, Wilkinson, 2016",3,crossref,10.1186/isrctn14702744,Changing mindsets to improve pupil attainment,2016,Rienzo,https://doi.org/10.1186/isrctn14702744,,5,,0,,,
741,741-rienzo-2016,eef,eef,"Rienzo, Rolfe, Wilkinson, 2016",4,crossref,10.1016/b978-2-294-74970-4.00002-6,Rappels physiologiques,2016,Pérez-Martin; Aïchoun; Di Rienzo-Ambrozkiewicz,https://doi.org/10.1016/b978-2-294-74970-4.00002-6,,5,,0,,,
741,741-rienzo-2016,eef,eef,"Rienzo, Rolfe, Wilkinson, 2016",5,crossref,10.1007/978-981-10-2161-9,The Reinvention of Populist Rhetoric in The Digital Age,2016,Rolfe,https://doi.org/10.1007/978-981-10-2161-9,,3,,0,,,
741,741-rienzo-2016,eef,eef,"Rienzo, Rolfe, Wilkinson, 2016",6,openalex,10.1177/002795011724000109,"Inequality, Social Mobility and the New Economy: Introduction",2017,Rolfe,https://doi.org/10.1177/002795011724000109,https://journals.sagepub.com/doi/pdf/10.1177/002795011724000109,3,,0,,,
741,741-rienzo-2016,eef,eef,"Rienzo, Rolfe, Wilkinson, 2016",7,crossref,10.1039/an9558000523,The absorptiometric determination of mercury in urine,1955,Rolfe; Russell; Wilkinson,https://doi.org/10.1039/an9558000523,,2,,0,,,
741,741-rienzo-2016,eef,eef,"Rienzo, Rolfe, Wilkinson, 2016",8,openalex,10.5287/ora-ko4zvxo5n,Can exposure to self-regulatory strategies help boys to improve attainment in Dual Award Science at GCSE level?,2017,Jerstice,https://doi.org/10.5287/ora-ko4zvxo5n,https://doi.org/10.5287/ora-ko4zvxo5n,2,,0,,,
761,761-roy-2019,eef,eef,"Roy, Rutt, Buchanan, Rennie, Martin, Walker, 2019",1,eric,EJ1183668,"Doing, Being, Becoming: A Historical Appraisal of the Modalities of Project-Based Learning",2018,"Hanney, Roy",https://eric.ed.gov/?id=EJ1183668,,5,,0,ambiguous,,
761,761-roy-2019,eef,eef,"Roy, Rutt, Buchanan, Rennie, Martin, Walker, 2019",2,eric,EJ1190277,Problem Topology: Using Cartography to Explore Problem Solving in Student-Led Group Projects,2018,"Hanney, Roy",https://eric.ed.gov/?id=EJ1190277,,5,,0,,,
761,761-roy-2019,eef,eef,"Roy, Rutt, Buchanan, Rennie, Martin, Walker, 2019",3,eric,EJ1236867,Translanguaging in Immersion: Cognitive Support or Social Prestige?,2019,"Lyster, Roy",https://eric.ed.gov/?id=EJ1236867,,5,,0,,,
761,761-roy-2019,eef,eef,"Roy, Rutt, Buchanan, Rennie, Martin, Walker, 2019",4,eric,EJ1237823,The Charitable Status of Elite Schools: The Origins of a National Scandal,2020,"Lowe, Roy",https://eric.ed.gov/?id=EJ1237823,,5,,0,,,
761,761-roy-2019,eef,eef,"Roy, Rutt, Buchanan, Rennie, Martin, Walker, 2019",5,eric,EJ1272058,Implications of Considering Response Process Data for Greater and Lesser Psychometrics,2020,"Levy, Roy",https://eric.ed.gov/?id=EJ1272058,,5,,0,,,
761,761-roy-2019,eef,eef,"Roy, Rutt, Buchanan, Rennie, Martin, Walker, 2019",6,eric,EJ1271505,Performing Pandemic Pedagogy. Wicked Problems Forum: Pandemic Pedagogy,2020,"Schwartzman, Roy",https://eric.ed.gov/?id=EJ1271505,,5,,0,,,
761,761-roy-2019,eef,eef,"Roy, Rutt, Buchanan, Rennie, Martin, Walker, 2019",7,eric,EJ1254477,The Rise in the Numbers of Pupils Identified by Schools with Autism Spectrum Disorder (ASD): A Comparison of the Four Countries in the United Kingdom,2020,"McConkey, Roy",https://eric.ed.gov/?id=EJ1254477,,5,,0,,,
761,761-roy-2019,eef,eef,"Roy, Rutt, Buchanan, Rennie, Martin, Walker, 2019",8,eric,EJ1219506,Making Research on Instructed SLA Relevant for Teachers through Professional Development,2019,"Lyster, Roy",https://eric.ed.gov/?id=EJ1219506,,5,,0,,,
762,762-roy-2019,eef,eef,"Roy, Rutt, Easton, Sims, Bradshaw, McNamara, 2019",1,crossref,10.3389/fvets.2019.00356,Ganglioglioma of the Right Cerebrothalamus in a 7-Year-Old Quarter Horse Cross Gelding,2019,Easton-Jones; Woolard; Mohr; Roy; Aleman,https://doi.org/10.3389/fvets.2019.00356,,6,,0,low-margin,,
762,762-roy-2019,eef,eef,"Roy, Rutt, Easton, Sims, Bradshaw, McNamara, 2019",2,eric,EJ1183668,"Doing, Being, Becoming: A Historical Appraisal of the Modalities of Project-Based Learning",2018,"Hanney, Roy",https://eric.ed.gov/?id=EJ1183668,,5,,0,,,
762,762-roy-2019,eef,eef,"Roy, Rutt, Easton, Sims, Bradshaw, McNamara, 2019",3,eric,EJ1190277,Problem Topology: Using Cartography to Explore Problem Solving in Student-Led Group Projects,2018,"Hanney, Roy",https://eric.ed.gov/?id=EJ1190277,,5,,0,,,
762,762-roy-2019,eef,eef,"Roy, Rutt, Easton, Sims, Bradshaw, McNamara, 2019",4,eric,EJ1236867,Translanguaging in Immersion: Cognitive Support or Social Prestige?,2019,"Lyster, Roy",https://eric.ed.gov/?id=EJ1236867,,5,,0,,,
762,762-roy-2019,eef,eef,"Roy, Rutt, Easton, Sims, Bradshaw, McNamara, 2019",5,eric,EJ1237823,The Charitable Status of Elite Schools: The Origins of a National Scandal,2020,"Lowe, Roy",https://eric.ed.gov/?id=EJ1237823,,5,,0,,,
762,762-roy-2019,eef,eef,"Roy, Rutt, Easton, Sims, Bradshaw, McNamara, 2019",6,eric,EJ1272058,Implications of Considering Response Process Data for Greater and Lesser Psychometrics,2020,"Levy, Roy",https://eric.ed.gov/?id=EJ1272058,,5,,0,,,
762,762-roy-2019,eef,eef,"Roy, Rutt, Easton, Sims, Bradshaw, McNamara, 2019",7,eric,EJ1271505,Performing Pandemic Pedagogy. Wicked Problems Forum: Pandemic Pedagogy,2020,"Schwartzman, Roy",https://eric.ed.gov/?id=EJ1271505,,5,,0,,,
762,762-roy-2019,eef,eef,"Roy, Rutt, Easton, Sims, Bradshaw, McNamara, 2019",8,eric,EJ1254477,The Rise in the Numbers of Pupils Identified by Schools with Autism Spectrum Disorder (ASD): A Comparison of the Four Countries in the United Kingdom,2020,"McConkey, Roy",https://eric.ed.gov/?id=EJ1254477,,5,,0,,,
765,765-rudd-2017,eef,eef,"Rudd, Villaneuva Aguilera, Elliott, Chambers, 2017",1,eric,ED581151,MathsFlip: Flipped Learning. Evaluation Report and Executive Summary,2017,"Rudd, Peter; Aguilera, Alaidde Berenice Villaneuva; Elliott, Louise; Chambers, Bette",https://eric.ed.gov/?id=ED581151,https://files.eric.ed.gov/fulltext/ED581151.pdf,8,,1,api-eric,,
765,765-rudd-2017,eef,eef,"Rudd, Villaneuva Aguilera, Elliott, Chambers, 2017",2,eric,EJ1173342,"Restructuring, Reform and Refraction: Complexities of Response to Imposed Social Change",2016,"Goodson, Ivor. F.; Rudd, Tim",https://eric.ed.gov/?id=EJ1173342,,6,,0,,,
765,765-rudd-2017,eef,eef,"Rudd, Villaneuva Aguilera, Elliott, Chambers, 2017",3,eric,EJ1200329,Conceptualizing Integrative Agricultural Education: Introductory Framework for Integrating Mathematics in Agricultural Curriculum,2018,"Robinson, Kelly; Westfall-Rudd, Donna; Drape, Tiffany; Scherer, Hannah",https://eric.ed.gov/?id=EJ1200329,https://files.eric.ed.gov/fulltext/EJ1200329.pdf,6,,0,,,
765,765-rudd-2017,eef,eef,"Rudd, Villaneuva Aguilera, Elliott, Chambers, 2017",4,eric,EJ1126718,Supplemental Literacy Instruction in High School: What Students Say Matters for Reading Engagement,2017,"Cantrell, Susan Chambers; Pennington, Jessica; Rintamaa, Margaret; Osborne, Monica; Parker, Cindy; Rudd, Mary",https://eric.ed.gov/?id=EJ1126718,,6,,0,,,
765,765-rudd-2017,eef,eef,"Rudd, Villaneuva Aguilera, Elliott, Chambers, 2017",5,eric,EJ1156250,Teaching Excellence Framework (TEF): Re-Examining Its Logic and Considering Possible Systemic and Institutional Outcomes,2017,"Rudd, Tim",https://eric.ed.gov/?id=EJ1156250,,5,,0,,,
765,765-rudd-2017,eef,eef,"Rudd, Villaneuva Aguilera, Elliott, Chambers, 2017",6,eric,ED569136,Examining the Costs and Benefits of Family Rewards 2.0: A Conditional Cash Transfer Program in Two American Cities,2016,"Rudd, Timothy; Rodriguez, Jonathan; Greenberg, David",https://eric.ed.gov/?id=ED569136,https://files.eric.ed.gov/fulltext/ED569136.pdf,5,,0,,,
765,765-rudd-2017,eef,eef,"Rudd, Villaneuva Aguilera, Elliott, Chambers, 2017",7,eric,EJ1096075,Asymmetric Translation between Multiple Representations in Chemistry,2016,"Lin, Yulan I.; Son, Ji Y.; Rudd, James A., II",https://eric.ed.gov/?id=EJ1096075,,5,,0,,,
765,765-rudd-2017,eef,eef,"Rudd, Villaneuva Aguilera, Elliott, Chambers, 2017",8,eric,EJ1178146,Providing Family Education for Grandparent Caregivers: Lessons from the GRandS Program,2018,"Forthun, Larry F.; Fogarty, Kate; Rudd, Shelby; Bartolomeo, Susan; Mighty, Peggy D.",https://eric.ed.gov/?id=EJ1178146,,5,,0,,,
801,801-see-2018,eef,eef,"See, Morris, Gorard, Siddiqui, 2018",1,eric,EJ1154057,"What Works and What Fails? Evidence from Seven Popular Literacy ""Catch-Up"" Schemes for the Transition to Secondary School in England",2017,Stephen Gorard; Nadia Siddiqui; Beng Huat See,https://eric.ed.gov/?id=EJ1154057,,7,,0,ambiguous,,
801,801-see-2018,eef,eef,"See, Morris, Gorard, Siddiqui, 2018",2,eric,EJ1189175,The Importance of Process Evaluation for Randomised Control Trials in Education,2018,"Siddiqui, Nadia; Gorard, Stephen; See, Beng Huat",https://eric.ed.gov/?id=EJ1189175,,7,,0,,,
801,801-see-2018,eef,eef,"See, Morris, Gorard, Siddiqui, 2018",3,eric,EJ1136171,Can Explicit Teaching of Knowledge Improve Reading Attainment? An Evaluation of the Core Knowledge Curriculum,2017,"See, Beng Huat; Gorard, Stephen; Siddiqui, Nadia",https://eric.ed.gov/?id=EJ1136171,,7,,0,,,
801,801-see-2018,eef,eef,"See, Morris, Gorard, Siddiqui, 2018",4,eric,EJ1135188,"Can ""Philosophy for Children"" Improve Primary School Attainment?",2017,"Gorard, Stepehn; Siddiqui, Nadia; See, Beng Huat",https://eric.ed.gov/?id=EJ1135188,,7,,0,,,
801,801-see-2018,eef,eef,"See, Morris, Gorard, Siddiqui, 2018",5,eric,EJ1207414,Can Programmes Like Philosophy for Children Help Schools to Look beyond Academic Attainment?,2019,"Siddiqui, Nadia; Gorard, Stephen; See, Beng Huat",https://eric.ed.gov/?id=EJ1207414,,7,,0,,,
801,801-see-2018,eef,eef,"See, Morris, Gorard, Siddiqui, 2018",6,crossref,10.1007/978-3-030-59533-3_2-1,Rethinking the Complex Determinants of Teacher Shortages,2022,See; Gorard; Morris; Ventista,https://doi.org/10.1007/978-3-030-59533-3_2-1,,5,crossref:10.1007/978-3-031-16193-3_2,0,,,
801,801-see-2018,eef,eef,"See, Morris, Gorard, Siddiqui, 2018",7,crossref,10.4135/9781036204679.n25,"Methodological Challenges in Researching Teacher Supply:
								Implications for Research, Policies, and Practice",2025,Ledger; See; Gorard; Morris,https://doi.org/10.4135/9781036204679.n25,,5,,0,,,
801,801-see-2018,eef,eef,"See, Morris, Gorard, Siddiqui, 2018",8,crossref,10.1016/b978-0-12-818630-5.04084-7,Tackling teacher shortages: doing the right thing at the right time and with the right evidence,2023,See; Gorard; Morris,https://doi.org/10.1016/b978-0-12-818630-5.04084-7,,5,,0,,,
876,876-sutherland-2019,eef,eef,"Sutherland, Broeks, Sim, Brown, Iakovidou, Ilie, Jarke, Belanger, 2019",1,crossref,10.7249/rr4208,Evaluation of a Technology-based Intervention for Reading in UK Classroom Settings,2020,Jarke; Broeks; Dimova; Iakovidou; Thompson; Ilie; Sutherland,https://doi.org/10.7249/rr4208,,8,,1,api-crossref,,
876,876-sutherland-2019,eef,eef,"Sutherland, Broeks, Sim, Brown, Iakovidou, Ilie, Jarke, Belanger, 2019",2,crossref,10.7249/rr2145,'Motivating teachers with incentivised pay and coaching' randomised control trial (ICR trial): Closure report: Understanding factors influencing participant recruitment failure,2018,Sutherland; Prideaux; Belanger; Broeks; Shenderovich; Van Der Staaij,https://doi.org/10.7249/rr2145,,6,,0,,,
876,876-sutherland-2019,eef,eef,"Sutherland, Broeks, Sim, Brown, Iakovidou, Ilie, Jarke, Belanger, 2019",3,eric,ED618846,A Basic Qualitative Study of the Evolution of Physical Education Teacher Education,2019,"Sutherland, Charmain",https://eric.ed.gov/?id=ED618846,,5,,0,,,
876,876-sutherland-2019,eef,eef,"Sutherland, Broeks, Sim, Brown, Iakovidou, Ilie, Jarke, Belanger, 2019",4,eric,ED625690,LGBTQ+ in Secondary Education,2020,"Sutherland, Scott",https://eric.ed.gov/?id=ED625690,https://files.eric.ed.gov/fulltext/ED625690.pdf,5,,0,,,
876,876-sutherland-2019,eef,eef,"Sutherland, Broeks, Sim, Brown, Iakovidou, Ilie, Jarke, Belanger, 2019",5,eric,ED625691,School Policy Regarding LGBTQ Students,2020,"Sutherland, Scott",https://eric.ed.gov/?id=ED625691,https://files.eric.ed.gov/fulltext/ED625691.pdf,5,,0,,,
876,876-sutherland-2019,eef,eef,"Sutherland, Broeks, Sim, Brown, Iakovidou, Ilie, Jarke, Belanger, 2019",6,eric,ED625692,Sexuality Education in Public Education,2020,"Sutherland, Scott",https://eric.ed.gov/?id=ED625692,https://files.eric.ed.gov/fulltext/ED625692.pdf,5,,0,,,
876,876-sutherland-2019,eef,eef,"Sutherland, Broeks, Sim, Brown, Iakovidou, Ilie, Jarke, Belanger, 2019",7,eric,ED625694,What Teachers Can Do to Support LGBTQ Students,2020,"Sutherland, Scott",https://eric.ed.gov/?id=ED625694,https://files.eric.ed.gov/fulltext/ED625694.pdf,5,,0,,,
876,876-sutherland-2019,eef,eef,"Sutherland, Broeks, Sim, Brown, Iakovidou, Ilie, Jarke, Belanger, 2019",8,eric,EJ1296999,"Developing Motivated Adolescent Readers and Enhancing Student Voice, Using Action Research in Disadvantaged Contexts",2020,"McMullan, Tara; Sutherland, Julia",https://eric.ed.gov/?id=EJ1296999,https://files.eric.ed.gov/fulltext/EJ1296999.pdf,5,,0,,,
888,888-thurston-2016,eef,eef,"Thurston, 2016",1,eric,ED586793,Using Cooperative Learning to Close the Reading Attainment Gap for Students with Low Literacy Levels,2016,"Thurston, Allen; Cockerill, Maria; Craig, Nicole",https://eric.ed.gov/?id=ED586793,,6,,0,low-margin,,
888,888-thurston-2016,eef,eef,"Thurston, 2016",2,crossref,10.53347/rid-46097,Vanishing bone disease,2016,Thurston,https://doi.org/10.53347/rid-46097,,5,,0,,,
888,888-thurston-2016,eef,eef,"Thurston, 2016",3,crossref,10.53347/rid-42747,Symphysis,2016,Dixon; Bell; Thurston,https://doi.org/10.53347/rid-42747,,5,,0,,,
888,888-thurston-2016,eef,eef,"Thurston, 2016",4,crossref,10.53347/rid-42363,Prostatic infarction,2016,Weerakkody; Jones; Thurston,https://doi.org/10.53347/rid-42363,,5,,0,,,
888,888-thurston-2016,eef,eef,"Thurston, 2016",5,crossref,10.53347/rid-44008,Intramembranous ossification,2016,Mayhew; Knipe; Thurston,https://doi.org/10.53347/rid-44008,,5,,0,,,
888,888-thurston-2016,eef,eef,"Thurston, 2016",6,crossref,10.1017/cbo9781316661987,Salafism in Nigeria,2016,Thurston,https://doi.org/10.1017/cbo9781316661987,,5,,0,,,
888,888-thurston-2016,eef,eef,"Thurston, 2016",7,eric,ED581531,Talk of the Town: Evaluation Report and Executive Summary,2016,"Thurston, Allen",https://eric.ed.gov/?id=ED581531,https://files.eric.ed.gov/fulltext/ED581531.pdf,5,,0,,,
888,888-thurston-2016,eef,eef,"Thurston, 2016",8,eric,EJ1143662,Track Placement and the Motivational Predictors of Math Course Enrollment,2017,"Reyes, Marcela; Domina, Thurston",https://eric.ed.gov/?id=EJ1143662,,5,,0,,,
896,896-torgerson-2018,eef,eef,Torgerson et al. (2018),1,crossref,10.1080/03055698.2011.598668,Computer-based instruction for improving student nurses’ general numeracy: is it effective? Two randomised trials,2012,Ainsworth; Gilchrist; Grant; Hewitt; Ford; Petrie; Torgerson; Torgerson,https://doi.org/10.1080/03055698.2011.598668,,7,,0,ambiguous,,
896,896-torgerson-2018,eef,eef,Torgerson et al. (2018),2,eric,EJ1205323,Phonics: Reading Policy and the Evidence of Effectiveness from a Systematic 'Tertiary' Review,2019,"Torgerson, Carole; Brooks, Greg; Gascoine, Louise; Higgins, Steve",https://eric.ed.gov/?id=EJ1205323,,7,,0,,,
896,896-torgerson-2018,eef,eef,Torgerson et al. (2018),3,crossref,10.1037/e604712011-001,Every Child Counts: The Independent Evaluation Executive Summary,2011,Torgerson; Wiggins; Torgerson; Ainsworth; Barmby; Hewitt; Jones; Hendry; Askew; Bland; Coe; Higgins; Hodgen; Hulme; Tymms,https://doi.org/10.1037/e604712011-001,,6,,0,,,
896,896-torgerson-2018,eef,eef,Torgerson et al. (2018),4,crossref,10.1080/14794802.2013.797746,"Every Child Counts: testing policy effectiveness using a randomised controlled trial, designed, conducted and reported to CONSORT standards",2013,Torgerson; Wiggins; Torgerson; Ainsworth; Hewitt,https://doi.org/10.1080/14794802.2013.797746,,6,,0,,,
896,896-torgerson-2018,eef,eef,Torgerson et al. (2018),5,eric,ED584075,"Relational Learning in the Analects of Confucius: Exploring the Foundations, Practices and Purposes of Classical Confucian Learning",2017,"Torgerson, Richard, Jr.",https://eric.ed.gov/?id=ED584075,,6,,0,,,
896,896-torgerson-2018,eef,eef,Torgerson et al. (2018),6,eric,EJ1162491,"Experimental Trials and ""What Works?"" in Education: The Case of Grammar for Writing",2017,"Wyse, Dominic; Torgerson, Carole",https://eric.ed.gov/?id=EJ1162491,,6,,0,,,
896,896-torgerson-2018,eef,eef,Torgerson et al. (2018),7,eric,EJ1130413,The NCTQ Selectivity Standard and Principal Evaluation of Teacher Preparation,2017,"Tracz, Susan; Torgerson, Colleen; Beare, Paul",https://eric.ed.gov/?id=EJ1130413,,6,,0,,,
896,896-torgerson-2018,eef,eef,Torgerson et al. (2018),8,eric,EJ1190935,A Longitudinal Case Study of a School-University Partnership for Training Teachers,2018,"Tracz, Susan M.; Beare, Paul; Torgerson, Colleen",https://eric.ed.gov/?id=EJ1190935,https://files.eric.ed.gov/fulltext/EJ1190935.pdf,6,,0,,,
899,899-torgerson-2018,eef,eef,"Torgerson, Ainsworth, Bell, Elliott, Fountain, Gascoine, Hewitt, Kasim, Kokotsaki, Torgerson, 2018",1,eric,EJ1205323,Phonics: Reading Policy and the Evidence of Effectiveness from a Systematic 'Tertiary' Review,2019,"Torgerson, Carole; Brooks, Greg; Gascoine, Louise; Higgins, Steve",https://eric.ed.gov/?id=EJ1205323,,7,,0,low-margin,,
899,899-torgerson-2018,eef,eef,"Torgerson, Ainsworth, Bell, Elliott, Fountain, Gascoine, Hewitt, Kasim, Kokotsaki, Torgerson, 2018",2,crossref,10.1186/isrctn14046821,Independent evaluation of ReflectED,2017,Gascoine; Torgerson,https://doi.org/10.1186/isrctn14046821,,6,,0,,,
899,899-torgerson-2018,eef,eef,"Torgerson, Ainsworth, Bell, Elliott, Fountain, Gascoine, Hewitt, Kasim, Kokotsaki, Torgerson, 2018",3,eric,EJ1218874,A Systematic Review of Evidence on the Effectiveness of Interventions and Strategies for Widening Participation in Higher Education,2019,"Younger, Kirsty; Gascoine, Louise; Menzies, Victoria; Torgerson, Carole",https://eric.ed.gov/?id=EJ1218874,,6,,0,,,
899,899-torgerson-2018,eef,eef,"Torgerson, Ainsworth, Bell, Elliott, Fountain, Gascoine, Hewitt, Kasim, Kokotsaki, Torgerson, 2018",4,eric,ED584075,"Relational Learning in the Analects of Confucius: Exploring the Foundations, Practices and Purposes of Classical Confucian Learning",2017,"Torgerson, Richard, Jr.",https://eric.ed.gov/?id=ED584075,,5,,0,,,
899,899-torgerson-2018,eef,eef,"Torgerson, Ainsworth, Bell, Elliott, Fountain, Gascoine, Hewitt, Kasim, Kokotsaki, Torgerson, 2018",5,eric,EJ1162491,"Experimental Trials and ""What Works?"" in Education: The Case of Grammar for Writing",2017,"Wyse, Dominic; Torgerson, Carole",https://eric.ed.gov/?id=EJ1162491,,5,,0,,,
899,899-torgerson-2018,eef,eef,"Torgerson, Ainsworth, Bell, Elliott, Fountain, Gascoine, Hewitt, Kasim, Kokotsaki, Torgerson, 2018",6,eric,EJ1130413,The NCTQ Selectivity Standard and Principal Evaluation of Teacher Preparation,2017,"Tracz, Susan; Torgerson, Colleen; Beare, Paul",https://eric.ed.gov/?id=EJ1130413,,5,,0,,,
899,899-torgerson-2018,eef,eef,"Torgerson, Ainsworth, Bell, Elliott, Fountain, Gascoine, Hewitt, Kasim, Kokotsaki, Torgerson, 2018",7,eric,EJ1190935,A Longitudinal Case Study of a School-University Partnership for Training Teachers,2018,"Tracz, Susan M.; Beare, Paul; Torgerson, Colleen",https://eric.ed.gov/?id=EJ1190935,https://files.eric.ed.gov/fulltext/EJ1190935.pdf,5,,0,,,
899,899-torgerson-2018,eef,eef,"Torgerson, Ainsworth, Bell, Elliott, Fountain, Gascoine, Hewitt, Kasim, Kokotsaki, Torgerson, 2018",8,eric,EJ1223398,Championing Equity & Social Justice-Based Pedagogies: Appreciating Paul Gorski,2019,"Mahari de Silva, Renuka; Gleditsch, Rebecca Folkman; Jesme, Shannon; Job, Christine; Torgerson, Matthew D.; Hunter, Cheryl",https://eric.ed.gov/?id=EJ1223398,https://files.eric.ed.gov/fulltext/EJ1223398.pdf,5,,0,,,
947,947-vaughan-2006,eef,eef,"Vaughan, Serido, & Wilhelm, 2006",1,crossref,10.1641/0006-3568(2006)056[0006:rfddoa]2.0.co;2,Response from Dias de Oliveira and Vaughan,2006,DIAS DE OLIVEIRA; VAUGHAN,https://doi.org/10.1641/0006-3568(2006)056[0006:rfddoa]2.0.co;2,,5,,0,ambiguous,,
947,947-vaughan-2006,eef,eef,"Vaughan, Serido, & Wilhelm, 2006",2,eric,ED493258,Summerhill and A. S. Neill,2006,"Vaughan, Mark",https://eric.ed.gov/?id=ED493258,,5,,0,,,
947,947-vaughan-2006,eef,eef,"Vaughan, Serido, & Wilhelm, 2006",3,eric,EJ721990,Learning from Writing in Secondary Science: Some Theoretical and Practical Implications,2006,"Prain, Vaughan",https://eric.ed.gov/?id=EJ721990,,5,,0,,,
947,947-vaughan-2006,eef,eef,"Vaughan, Serido, & Wilhelm, 2006",4,eric,EJ789259,"""I Think We Should Just Accept...Our Horrible Lowly Status"": Analysing Teacher-Teacher Talk within the Context of Community of Practice",2007,"Vaughan, Elaine",https://eric.ed.gov/?id=EJ789259,,5,,0,,,
947,947-vaughan-2006,eef,eef,"Vaughan, Serido, & Wilhelm, 2006",5,eric,EJ747810,Perspectives on Blended Learning in Higher Education,2007,"Vaughan, N.",https://eric.ed.gov/?id=EJ747810,,5,,0,,,
947,947-vaughan-2006,eef,eef,"Vaughan, Serido, & Wilhelm, 2006",6,eric,EJ757310,Toward a Record Retention Policy,2007,"Vaughan, Jason",https://eric.ed.gov/?id=EJ757310,,5,,0,,,
947,947-vaughan-2006,eef,eef,"Vaughan, Serido, & Wilhelm, 2006",7,eric,EJ959916,"Using the ""Arts"" to Teach Indigenous Australian Studies in Higher Education",2005,"Vaughan, Karen",https://eric.ed.gov/?id=EJ959916,,5,,0,,,
947,947-vaughan-2006,eef,eef,"Vaughan, Serido, & Wilhelm, 2006",8,eric,EJ978712,"The Pathways Framework Meets Consumer Culture: Young People, Careers, and Commitment",2005,"Vaughan, Karen",https://eric.ed.gov/?id=EJ978712,,5,,0,,,
949,949-vaughn-2011,eef,eef,"Vaughn (2011), 'Efficacy of Collaborative Strategic Reading with Middle School Students'",1,crossref,10.3102/0002831211410305,Efficacy of Collaborative Strategic Reading With Middle School Students,2011,Vaughn; Klingner; Swanson; Boardman; Roberts; Mohammed; Stillman-Spisak,https://doi.org/10.3102/0002831211410305,,13,,1,api-crossref,,
949,949-vaughn-2011,eef,eef,"Vaughn (2011), 'Efficacy of Collaborative Strategic Reading with Middle School Students'",2,crossref,10.1177/001440291107800105,Efficacy of a Reading Intervention for Middle School Students with Learning Disabilities,2011,Wanzek; Vaughn; Roberts; Fletcher,https://doi.org/10.1177/001440291107800105,,9,,0,,,
949,949-vaughn-2011,eef,eef,"Vaughn (2011), 'Efficacy of Collaborative Strategic Reading with Middle School Students'",3,eric,EJ931766,Reading the Literature of War: A Global Perspective on Ethics,2011,"Vaughn, Kyle",https://eric.ed.gov/?id=EJ931766,,6,,0,,,
949,949-vaughn-2011,eef,eef,"Vaughn (2011), 'Efficacy of Collaborative Strategic Reading with Middle School Students'",4,crossref,10.1177/07419325060270040401,Improving the Reading Comprehension of Middle School Students With Disabilities Through Computer-Assisted Collaborative Strategic Reading,2006,Kim; Vaughn; Klingner; Woodruff; Klein Reutebuch; Kouzekanani,https://doi.org/10.1177/07419325060270040401,,5,,0,,,
949,949-vaughn-2011,eef,eef,"Vaughn (2011), 'Efficacy of Collaborative Strategic Reading with Middle School Students'",5,crossref,10.1177/105345129903400505,Teaching Reading Comprehension Through Collaborative Strategic Reading,1999,Vaughn; Kettman Klingner,https://doi.org/10.1177/105345129903400505,,5,,0,,,
949,949-vaughn-2011,eef,eef,"Vaughn (2011), 'Efficacy of Collaborative Strategic Reading with Middle School Students'",6,crossref,10.1007/s11145-015-9570-3,The efficacy of Collaborative Strategic Reading in middle school science and social studies classes,2015,Boardman; Klingner; Buckley; Annamma; Lasser,https://doi.org/10.1007/s11145-015-9570-3,,5,,0,,,
949,949-vaughn-2011,eef,eef,"Vaughn (2011), 'Efficacy of Collaborative Strategic Reading with Middle School Students'",7,eric,ED529996,"Review of ""They Spend What? The Real Cost of Public Schools""",2010,"Altemus, Vaughn",https://eric.ed.gov/?id=ED529996,https://files.eric.ed.gov/fulltext/ED529996.pdf,5,,0,,,
949,949-vaughn-2011,eef,eef,"Vaughn (2011), 'Efficacy of Collaborative Strategic Reading with Middle School Students'",8,eric,ED523807,Two Teachers' Thoughtful Adaptations during Planning and Instruction and the Relationship to Student Agency & Teacher Visioning,2010,"Vaughn, Margaret",https://eric.ed.gov/?id=ED523807,,5,,0,,,
992,992-wigelsworth-2018,eef,eef,"Wigelsworth, Squires, Birchinall, Kalambouka, Lendrum, Black, Troncoso, Santos, Ashworth, Britteon, 2018",1,eric,ED617332,Good Behaviour Game: Evaluation Report and Executive Summary,2018,"Humphrey, Neil; Hennessey, Alexandra; Ashworth, Emma; Frearson, Kirsty; Black, Louise; Petersen, Kim; Wo, Lawrence; Panayiotou, Margarita; Lendrum, Ann; Wigelsworth, Michael; Birchinall, Liz; Squires, Garry; Pampaka, Maria",https://eric.ed.gov/?id=ED617332,https://files.eric.ed.gov/fulltext/ED617332.pdf,9,,1,api-eric,,
992,992-wigelsworth-2018,eef,eef,"Wigelsworth, Squires, Birchinall, Kalambouka, Lendrum, Black, Troncoso, Santos, Ashworth, Britteon, 2018",2,crossref,10.1177/0143034309352578,Going for Goals,2010,Humphrey; Kalambouka; Wigelsworth; Lendrum,https://doi.org/10.1177/0143034309352578,,5,,0,,,
992,992-wigelsworth-2018,eef,eef,"Wigelsworth, Squires, Birchinall, Kalambouka, Lendrum, Black, Troncoso, Santos, Ashworth, Britteon, 2018",3,crossref,10.1080/01443410.2010.483039,New Beginnings: evaluation of a short social–emotional intervention for primary‐aged children,2010,Humphrey; Kalambouka; Wigelsworth; Lendrum; Lennie; Farrell,https://doi.org/10.1080/01443410.2010.483039,,5,,0,,,
992,992-wigelsworth-2018,eef,eef,"Wigelsworth, Squires, Birchinall, Kalambouka, Lendrum, Black, Troncoso, Santos, Ashworth, Britteon, 2018",4,crossref,10.1080/13632750903073509,Implementing primary Social and Emotional Aspects of Learning (SEAL) small group interventions: recommendations for practitioners,2009,Lendrum; Humphrey; Kalambouka; Wigelsworth,https://doi.org/10.1080/13632750903073509,,5,,0,,,
992,992-wigelsworth-2018,eef,eef,"Wigelsworth, Squires, Birchinall, Kalambouka, Lendrum, Black, Troncoso, Santos, Ashworth, Britteon, 2018",5,crossref,10.1080/02643940903136808,Implementation of primary Social and Emotional Aspects of Learning small group work: a qualitative study,2009,Humphrey; Lendrum; Wigelsworth; Kalambouka,https://doi.org/10.1080/02643940903136808,,5,,0,,,
992,992-wigelsworth-2018,eef,eef,"Wigelsworth, Squires, Birchinall, Kalambouka, Lendrum, Black, Troncoso, Santos, Ashworth, Britteon, 2018",6,crossref,10.1080/02667361003768526,A review of key issues in the measurement of children’s social and emotional skills,2010,Wigelsworth; Humphrey; Kalambouka; Lendrum,https://doi.org/10.1080/02667361003768526,,5,,0,,,
992,992-wigelsworth-2018,eef,eef,"Wigelsworth, Squires, Birchinall, Kalambouka, Lendrum, Black, Troncoso, Santos, Ashworth, Britteon, 2018",7,eric,ED581102,Challenge the Gap: Evaluation Report and Executive Summary,2017,"West, Mel; Ainscow, Mel; Wigelsworth, Michael; Troncoso, Patricio",https://eric.ed.gov/?id=ED581102,https://files.eric.ed.gov/fulltext/ED581102.pdf,5,,0,,,
994,994-wiggins-2019,eef,eef,"Wiggins, Jerrim, Tripney, Khatwa, Gough, 2019",1,eric,EJ1268546,"Less Text, More Learning: A Modest Instructional Strategy That Supports Language-Learning Science Students",2020,"Wiggins, Benjamin; Jordt, Hannah; Wingert, Kerri",https://eric.ed.gov/?id=EJ1268546,,6,,0,low-margin,,
994,994-wiggins-2019,eef,eef,"Wiggins, Jerrim, Tripney, Khatwa, Gough, 2019",2,eric,EJ1250126,A Better Way to Assess Discussions,2020,"Wiggins, Alexis",https://eric.ed.gov/?id=EJ1250126,,5,,0,,,
994,994-wiggins-2019,eef,eef,"Wiggins, Jerrim, Tripney, Khatwa, Gough, 2019",3,eric,EJ1175030,Critical Friendship: Helping Youth Lift as They Climb Together,2018,"Wiggins, Tanya G.",https://eric.ed.gov/?id=EJ1175030,https://files.eric.ed.gov/fulltext/EJ1175030.pdf,5,,0,,,
994,994-wiggins-2019,eef,eef,"Wiggins, Jerrim, Tripney, Khatwa, Gough, 2019",4,eric,ED586068,A Phenomenological Study: The Lived Experiences of Holistic Counselors and Their Development of Self-Efficacy,2018,"Wiggins, Elizabeth C.",https://eric.ed.gov/?id=ED586068,,5,,0,,,
994,994-wiggins-2019,eef,eef,"Wiggins, Jerrim, Tripney, Khatwa, Gough, 2019",5,eric,EJ1189047,What Influences Respondents to Behave Consistently When Asked to Consent to Health Record Linkage on Repeat Occasions?,2018,"Mostafa, Tarek; Wiggins, Richard D.",https://eric.ed.gov/?id=EJ1189047,,5,,0,,,
994,994-wiggins-2019,eef,eef,"Wiggins, Jerrim, Tripney, Khatwa, Gough, 2019",6,eric,EJ1178691,Lasting Impacts of Outdoor Orientation Programming: A Preliminary Study Using Longitudinal Data,2018,"Deringer, S. Anthony; Wiggins, Afi Y.",https://eric.ed.gov/?id=EJ1178691,,5,,0,,,
994,994-wiggins-2019,eef,eef,"Wiggins, Jerrim, Tripney, Khatwa, Gough, 2019",7,eric,EJ1253716,Evaluation of an Indirect Assessment for Identifying Tasks for Functional Analysis,2020,"Wiggins, Holly C.; Roscoe, Eileen M.",https://eric.ed.gov/?id=EJ1253716,,5,,0,,,
994,994-wiggins-2019,eef,eef,"Wiggins, Jerrim, Tripney, Khatwa, Gough, 2019",8,eric,EJ1272207,Teacher Preparation Pathways: Differences in Program Selection and Teacher Retention,2020,"Van Overschelde, James P.; Wiggins, Afi Y.",https://eric.ed.gov/?id=EJ1272207,,5,,0,,,
995,995-wiggins-2017,eef,eef,"Wiggins, Sawtell, Jerrim, 2017",1,crossref,10.3368/jhr.53.4.0516.7952r,Does Teaching Children How to Play Cognitively Demanding Games Improve Their Educational Attainment?,2017,Jerrim; Macmillan; Micklewright; Sawtell; Wiggins,https://doi.org/10.3368/jhr.53.4.0516.7952r,,7,,1,api-crossref,,
995,995-wiggins-2017,eef,eef,"Wiggins, Sawtell, Jerrim, 2017",2,eric,EJ1121314,At Home and Away,2016,"Wiggins, Alexis",https://eric.ed.gov/?id=EJ1121314,,5,,0,,,
995,995-wiggins-2017,eef,eef,"Wiggins, Sawtell, Jerrim, 2017",3,eric,EJ1152036,Creative Learning,2017,"Wiggins, Grant",https://eric.ed.gov/?id=EJ1152036,,5,,0,,,
995,995-wiggins-2017,eef,eef,"Wiggins, Sawtell, Jerrim, 2017",4,eric,EJ1175030,Critical Friendship: Helping Youth Lift as They Climb Together,2018,"Wiggins, Tanya G.",https://eric.ed.gov/?id=EJ1175030,https://files.eric.ed.gov/fulltext/EJ1175030.pdf,5,,0,,,
995,995-wiggins-2017,eef,eef,"Wiggins, Sawtell, Jerrim, 2017",5,eric,EJ1108627,"An Overview and Study on the Use of Games, Simulations, and Gamification in Higher Education",2016,"Wiggins, Bradley E.",https://eric.ed.gov/?id=EJ1108627,,5,,0,,,
995,995-wiggins-2017,eef,eef,"Wiggins, Sawtell, Jerrim, 2017",6,eric,ED584468,An Interpretive Phenomenological Analysis of the Lived Experiences and Mentoring Relationships of Black Women Student Affairs Administrators,2017,"Wiggins, Tiffany Shawna",https://eric.ed.gov/?id=ED584468,,5,,0,,,
995,995-wiggins-2017,eef,eef,"Wiggins, Sawtell, Jerrim, 2017",7,eric,ED586068,A Phenomenological Study: The Lived Experiences of Holistic Counselors and Their Development of Self-Efficacy,2018,"Wiggins, Elizabeth C.",https://eric.ed.gov/?id=ED586068,,5,,0,,,
995,995-wiggins-2017,eef,eef,"Wiggins, Sawtell, Jerrim, 2017",8,eric,EJ1129431,"Positioning Self in ""Figured Worlds"": Using Poetic Inquiry to Theorize Transnational Experiences in Education",2017,"Wiggins, Joy L.; Monobe, Gumiko",https://eric.ed.gov/?id=EJ1129431,,5,,0,,,
1040,1040-campuzano-2009,eef,eef,"campuzano et al., 2009",1,eric,ED504657,Effectiveness of Reading and Mathematics Software Products: Findings From Two Student Cohorts. NCEE 2009-4041,2009,"Campuzano, Larissa; Dynarski, Mark; Agodini, Roberto; Rall, Kristina",https://eric.ed.gov/?id=ED504657,https://files.eric.ed.gov/fulltext/ED504657.pdf,9,,0,low-margin,,
1040,1040-campuzano-2009,eef,eef,"campuzano et al., 2009",2,crossref,10.1080/19415531003616839,An experimental assessment of the effects of reading software products on reading test scores,2010,Dynarski; Agodini; Campuzano,https://doi.org/10.1080/19415531003616839,,8,,0,,,
1040,1040-campuzano-2009,eef,eef,"campuzano et al., 2009",3,crossref,10.1016/b978-008044910-4.00102-4,Informal Sector,2009,Aguilar; Campuzano,https://doi.org/10.1016/b978-008044910-4.00102-4,,5,,0,,,
1040,1040-campuzano-2009,eef,eef,"campuzano et al., 2009",4,crossref,10.3386/w15387,"Into College, Out of Poverty? Policies to Increase the Postsecondary Attainment of the Poor",2009,Deming; Dynarski,https://doi.org/10.3386/w15387,,3,,0,,,
1040,1040-campuzano-2009,eef,eef,"campuzano et al., 2009",5,crossref,10.3386/w15549,Accountability and Flexibility in Public Schools: Evidence from Boston's Charters and Pilots,2009,Abdulkadiroglu; Angrist; Dynarski; Kane; Pathak,https://doi.org/10.3386/w15549,,3,,0,,,
1040,1040-campuzano-2009,eef,eef,"campuzano et al., 2009",6,crossref,10.1162/003465304323023741,Are Experiments the Only Option? A Look at Dropout Prevention Programs,2004,Agodini; Dynarski,https://doi.org/10.1162/003465304323023741,,2,,0,,,
1044,1044-dynarski-2008,eef,eef,"dynarski et al., 2008",1,eric,ED504657,Effectiveness of Reading and Mathematics Software Products: Findings From Two Student Cohorts. NCEE 2009-4041,2009,"Campuzano, Larissa; Dynarski, Mark; Agodini, Roberto; Rall, Kristina",https://eric.ed.gov/?id=ED504657,https://files.eric.ed.gov/fulltext/ED504657.pdf,8,,1,api-eric,,
1044,1044-dynarski-2008,eef,eef,"dynarski et al., 2008",2,crossref,10.1080/19415531003616839,An experimental assessment of the effects of reading software products on reading test scores,2010,Dynarski; Agodini; Campuzano,https://doi.org/10.1080/19415531003616839,,6,,0,,,
1044,1044-dynarski-2008,eef,eef,"dynarski et al., 2008",3,crossref,10.3386/w14124,The Lengthening of Childhood,2008,Deming; Dynarski,https://doi.org/10.3386/w14124,,5,crossref:10.1257/jep.22.3.71,0,,,
1044,1044-dynarski-2008,eef,eef,"dynarski et al., 2008",4,crossref,10.3386/w13801,Complexity and Targeting in Federal Student Aid: A Quantitative Analysis,2008,Dynarski; Scott-Clayton,https://doi.org/10.3386/w13801,,5,eric:ED501976,0,,,
1044,1044-dynarski-2008,eef,eef,"dynarski et al., 2008",5,eric,EJ805166,Building the Stock of College-Educated Labor,2008,"Dynarski, Susan",https://eric.ed.gov/?id=EJ805166,,5,,0,,,
1044,1044-dynarski-2008,eef,eef,"dynarski et al., 2008",6,eric,EJ785829,"""Comments on Slavin"": Bringing Answers to Educators--Guiding Principles for Research Syntheses",2008,"Dynarski, Mark",https://eric.ed.gov/?id=EJ785829,,5,,0,,,
1044,1044-dynarski-2008,eef,eef,"dynarski et al., 2008",7,eric,EJ777681,Focus Tax Incentives on the Students Who Need Them,2007,"Dynarski, Susan M.",https://eric.ed.gov/?id=EJ777681,,5,,0,,,
1044,1044-dynarski-2008,eef,eef,"dynarski et al., 2008",8,eric,ED505616,The Lengthening of Childhood. Working Paper 08-3,2008,"Deming, David; Dynarski, Susan",https://eric.ed.gov/?id=ED505616,https://files.eric.ed.gov/fulltext/ED505616.pdf,5,eric:ED502003,0,,,
1062,1062-rouse-2004,eef,eef,"rouse and krueger, 2004",1,crossref,10.3386/w10315,"Putting Computerized Instruction to the Test: A Randomized Evaluation of a ""Scientifically-based"" Reading Program",2004,Rouse; Krueger,https://doi.org/10.3386/w10315,,7,crossref:10.1016/j.econedurev.2003.10.005 eric:EJ730375,1,api-crossref,,
1062,1062-rouse-2004,eef,eef,"rouse and krueger, 2004",2,crossref,10.1109/jproc.2004.825880,Teamwork in the Performing Arts,2004,Rouse; Rouse,https://doi.org/10.1109/jproc.2004.825880,,5,,0,,,
1062,1062-rouse-2004,eef,eef,"rouse and krueger, 2004",3,crossref,10.2307/43630562,,2004,ROUSE,https://doi.org/10.2307/43630562,,5,,0,,,
1062,1062-rouse-2004,eef,eef,"rouse and krueger, 2004",4,eric,ED475592,The Academic Environment's Impact on Motivation in Resilient and Non-Resilient Middle Schoolers.,2003,"Rouse, Kimberly A. Gordon",https://eric.ed.gov/?id=ED475592,https://files.eric.ed.gov/fulltext/ED475592.pdf,5,,0,,,
1062,1062-rouse-2004,eef,eef,"rouse and krueger, 2004",5,eric,ED490839,Do Accountability and Voucher Threats Improve Low-Performing Schools? NBER Working Paper No. 11597,2005,"Figlio, David N.; Rouse, Cecilia",https://eric.ed.gov/?id=ED490839,,5,,0,,,
1062,1062-rouse-2004,eef,eef,"rouse and krueger, 2004",6,eric,ED505630,Do Returns to Schooling Differ by Race and Ethnicity? WP 2005-02,2005,"Barrow, Lisa; Rouse, Cecilia Elena",https://eric.ed.gov/?id=ED505630,https://files.eric.ed.gov/fulltext/ED505630.pdf,5,,0,,,
1062,1062-rouse-2004,eef,eef,"rouse and krueger, 2004",7,eric,EJ739168,"""Because It's Worth It?"": Education Beliefs among Young People and Their Parents in the United Kingdom",2004,"Jones, Gill; O'sullivan, Ann; Rouse, Julia",https://eric.ed.gov/?id=EJ739168,,5,,0,,,
1062,1062-rouse-2004,eef,eef,"rouse and krueger, 2004",8,eric,EJ748223,A Comparison of Student Test Results: Business and Marketing Education National Board Certified Teachers and Non-National Board Certified Teachers,2005,"Rouse, William Jr.; Hollomon, Harold L., Jr.",https://eric.ed.gov/?id=EJ748223,,5,,0,,,
1069,1069-vaughn-2006,eef,eef,"vaughn, serido, and wilhelm, 2006",1,eric,EJ843789,Assessing Preservice Teacher Readiness to Teach Urban Students: An Interdisciplinary Endeavor,2006,"Abbate-Vaughn, Jorgelina",https://eric.ed.gov/?id=EJ843789,https://files.eric.ed.gov/fulltext/EJ843789.pdf,6,,0,ambiguous,,
1069,1069-vaughn-2006,eef,eef,"vaughn, serido, and wilhelm, 2006",2,eric,EJ722307,Reading Comprehension for Older Readers,2006,"Vaughn, Sharon; Edmonds, Meaghan",https://eric.ed.gov/?id=EJ722307,,6,,0,,,
1069,1069-vaughn-2006,eef,eef,"vaughn, serido, and wilhelm, 2006",3,crossref,10.1037/e594412007-001,Overview of Licensure Requirements,2006,Vaughn,https://doi.org/10.1037/e594412007-001,,5,,0,,,
1069,1069-vaughn-2006,eef,eef,"vaughn, serido, and wilhelm, 2006",4,eric,EJ1070709,Ideology and Ideological State Syllabi,2006,"Vaughn, William",https://eric.ed.gov/?id=EJ1070709,,5,,0,,,
1069,1069-vaughn-2006,eef,eef,"vaughn, serido, and wilhelm, 2006",5,eric,EJ793742,The Graduate Writing Challenge: A Perspective from an Urban Teacher Education Program,2007,"Abbate-Vaughn, Jorgelina",https://eric.ed.gov/?id=EJ793742,,5,,0,,,
1069,1069-vaughn-2006,eef,eef,"vaughn, serido, and wilhelm, 2006",6,eric,EJ786998,"""Para Aqui Today, Para Afuera Tomorrow"": Uncertainty in Urban Bilingual Paraprofessionals' Work in the Age of NCLB",2007,"Abbate-Vaughn, Jorgelina",https://eric.ed.gov/?id=EJ786998,,5,,0,,,
1069,1069-vaughn-2006,eef,eef,"vaughn, serido, and wilhelm, 2006",7,eric,EJ830667,Writing Skills: A Taken for Granted Assumption in Urban Graduate Teacher Education?,2007,"Abbate-Vaughn, Jorgelina",https://eric.ed.gov/?id=EJ830667,https://files.eric.ed.gov/fulltext/EJ830667.pdf,5,,0,,,
1069,1069-vaughn-2006,eef,eef,"vaughn, serido, and wilhelm, 2006",8,eric,EJ759639,"""Not Writing It out but Writing It off"": Preparing Multicultural Teachers for Urban Classrooms",2006,"Abbate-Vaughn, Jorgelina",https://eric.ed.gov/?id=EJ759639,https://files.eric.ed.gov/fulltext/EJ759639.pdf,5,,0,,,
1,1-abdulkadiroglu-2011,fryer-a,fryer,"Abdulkadiroglu et al., 2011",1,crossref,10.1093/qje/qjr017,Accountability and Flexibility in Public Schools: Evidence from Boston's Charters And Pilots,2011,Abdulkadiroglu; Angrist; Dynarski; Kane; Pathak,https://doi.org/10.1093/qje/qjr017,,11,,1,fryer-reflist+crossref,,"Abdulkadiroglu, Atila, Joshua Angrist, Susan Dynarski, Thomas Kane, and Parag Pathak. 2011. “Ac- countability and Flexibility in Public Schools: Evidence from Boston’s Charters and Pilots.” The Quar- terly Journal of Economics, 126(2): 699-748."
19,19-abdulkadiroglu-2011,fryer-a,fryer,"Angrist et al., 2011",1,crossref,10.1093/qje/qjr017,Accountability and Flexibility in Public Schools: Evidence from Boston's Charters And Pilots,2011,Abdulkadiroglu; Angrist; Dynarski; Kane; Pathak,https://doi.org/10.1093/qje/qjr017,,11,,1,fryer-reflist+crossref,,"Abdulkadiroglu, Atila, Joshua Angrist, Susan Dynarski, Thomas Kane, and Parag Pathak. 2011. “Ac- countability and Flexibility in Public Schools: Evidence from Boston’s Charters and Pilots.” The Quar- terly Journal of Economics, 126(2): 699-748."
53,53-barrow-2009,fryer-a,fryer,"Barrow et al, 2009",1,crossref,10.3386/w14240,Technology's Edge: The Educational Benefits of Computer-Aided Instruction,2008,Barrow; Markman; Rouse,https://doi.org/10.3386/w14240,,7,crossref:10.2139/ssrn.1083781 crossref:10.1257/pol.1.1.52,0,low-margin,,
53,53-barrow-2009,fryer-a,fryer,"Barrow et al, 2009",2,crossref,10.1146/annurev.economics.050708.143354,School Vouchers and Student Achievement: Recent Evidence and Remaining Questions,2009,Rouse; Barrow,https://doi.org/10.1146/annurev.economics.050708.143354,https://files.eric.ed.gov/fulltext/ED505648.pdf,6,eric:EJ1053872 eric:ED505648,0,,,
53,53-barrow-2009,fryer-a,fryer,"Barrow et al, 2009",3,eric,ED522741,"Early Childhood in the Caribbean. Working Papers in Early Childhood Development, No. 47",2008,"Barrow, Christine",https://eric.ed.gov/?id=ED522741,https://files.eric.ed.gov/fulltext/ED522741.pdf,5,,0,,,
53,53-barrow-2009,fryer-a,fryer,"Barrow et al, 2009",4,eric,EJ792247,Listening to the Voice of Living Life with Aphasia: Anne's Story,2008,"Barrow, Rozanne",https://eric.ed.gov/?id=EJ792247,,5,,0,,,
53,53-barrow-2009,fryer-a,fryer,"Barrow et al, 2009",5,eric,EJ808286,Education and the Body: Prolegomena,2008,"Barrow, Robin",https://eric.ed.gov/?id=EJ808286,,5,,0,,,
53,53-barrow-2009,fryer-a,fryer,"Barrow et al, 2009",6,eric,EJ842043,"Academic Freedom: Its Nature, Extent and Value",2009,"Barrow, Robin",https://eric.ed.gov/?id=EJ842043,,5,,0,,,
53,53-barrow-2009,fryer-a,fryer,"Barrow et al, 2009",7,eric,EJ885430,"Dialogic, Participation and the Potential for Philosophy for Children",2010,"Barrow, Wilma",https://eric.ed.gov/?id=EJ885430,,5,,0,,,
53,53-barrow-2009,fryer-a,fryer,"Barrow et al, 2009",8,eric,EJ904746,Was Peters Nearly Right about Education?,2009,"Barrow, Robin",https://eric.ed.gov/?id=EJ904746,,5,,0,,,
76,76-bettinger-2012,fryer-a,fryer,"Bettinger, 2012",1,crossref,10.1162/rest_a_00217,Paying to Learn: The Effect of Financial Incentives on Elementary School Test Scores,2012,Bettinger,https://doi.org/10.1162/rest_a_00217,,7,,1,fryer-reflist+crossref,,"Bettinger, Eric. 2012. “Paying to Learn: The Effect of Financial Incentives on Elementary School Test Scores.” The Review of Economics and Statistics, 94(3): 686-698."
82,82-bifulco-2009,fryer-a,fryer,"Bifulco et al., 2009",1,crossref,10.3102/0162373709340917,Can Interdistrict Choice Boost Student Achievement? The Case of Connecticut’s Interdistrict Magnet School Program,2009,Bifulco; Cobb; Bell,https://doi.org/10.3102/0162373709340917,,7,,1,fryer-reflist+crossref,,"Bifulco, Robert, Casey Cobb, and Courtney Bell. 2009. “Can Interdistrict Choice Boost Student Achievement? The Case of Connecticut’s Interdistrict Magnet School Program.” Educational Eval- uation and Policy Analysis, 31(4): 323-345."
88,88-black-2009,fryer-a,fryer,"Black et al., 2009",1,eric,EJ1154981,Mechanics Simulations in Second Life,2010,"Black, Kelly",https://eric.ed.gov/?id=EJ1154981,,5,,0,ambiguous,,
88,88-black-2009,fryer-a,fryer,"Black et al., 2009",2,eric,ED519862,Closing the Achievement Gap: Impact of Inclusion upon Achievement Rates of Students with Special Needs,2010,"Black, Kathleen",https://eric.ed.gov/?id=ED519862,,5,,0,,,
88,88-black-2009,fryer-a,fryer,"Black et al., 2009",3,eric,EJ795346,Best Magazines of 2007,2008,"Black, Steve",https://eric.ed.gov/?id=EJ795346,,5,eric:EJ930074,0,,,
88,88-black-2009,fryer-a,fryer,"Black et al., 2009",4,eric,EJ902574,Digital Transition Portfolios for Secondary Students with Disabilities,2010,"Black, Jenn",https://eric.ed.gov/?id=EJ902574,,5,,0,,,
88,88-black-2009,fryer-a,fryer,"Black et al., 2009",5,eric,EJ867351,Necessity Is the Mother of Invention: Changing Power Dynamics between Teachers and Students in Wired Art Classrooms,2009,"Black, Joanna",https://eric.ed.gov/?id=EJ867351,https://files.eric.ed.gov/fulltext/EJ867351.pdf,5,,0,,,
88,88-black-2009,fryer-a,fryer,"Black et al., 2009",6,eric,EJ867883,Formative Assessment Issues across the Curriculum: The Theory and the Practice,2009,"Black, Paul",https://eric.ed.gov/?id=EJ867883,,5,,0,,,
88,88-black-2009,fryer-a,fryer,"Black et al., 2009",7,eric,EJ842144,Best of 2008: Magazines,2009,"Black, Steve",https://eric.ed.gov/?id=EJ842144,,5,,0,,,
88,88-black-2009,fryer-a,fryer,"Black et al., 2009",8,eric,EJ887508,Promise or Practice? Student Participation in Low Socioeconomic Communities,2010,"Black, Rosalyn",https://eric.ed.gov/?id=EJ887508,,5,,0,,,
95,95-borman-2008,fryer-a,fryer,"Borman et al., 2008",1,crossref,10.3102/0162373708326283,A Multisite Cluster Randomized Field Trial of Open Court Reading,2008,Borman; Dowling; Schneck,https://doi.org/10.3102/0162373708326283,,8,,1,api-crossref,,
95,95-borman-2008,fryer-a,fryer,"Borman et al., 2008",2,crossref,10.3102/0034654308321455,Teacher Attrition and Retention: A Meta-Analytic and Narrative Review of the Research,2008,Borman; Dowling,https://doi.org/10.3102/0034654308321455,,6,eric:EJ896364,0,,,
95,95-borman-2008,fryer-a,fryer,"Borman et al., 2008",3,eric,EJ862877,Student and Teacher Outcomes of The Superkids Quasi-Experimental Study,2009,Geoffrey D. Borman; N. Maritza Dowling,https://eric.ed.gov/?id=EJ862877,,6,,0,,,
95,95-borman-2008,fryer-a,fryer,"Borman et al., 2008",4,eric,EJ869816,A Randomized Field Trial of the Fast ForWord Language Computer-Based Training Program,2009,"Borman, Geoffrey D.; Benson, James G.; Overman, Laura",https://eric.ed.gov/?id=EJ869816,,6,,0,,,
95,95-borman-2008,fryer-a,fryer,"Borman et al., 2008",5,eric,ED504825,National Efforts to Bring Reform to Scale in America's High-Poverty Elementary and Secondary Schools: Outcomes and Implications,2009,"Borman, Geoffrey D.",https://eric.ed.gov/?id=ED504825,https://files.eric.ed.gov/fulltext/ED504825.pdf,5,,0,,,
95,95-borman-2008,fryer-a,fryer,"Borman et al., 2008",6,eric,ED507566,"The Past, Present, and Future of Comprehensive School Reform. Research Brief",2009,"Borman, Geoffrey D.",https://eric.ed.gov/?id=ED507566,https://files.eric.ed.gov/fulltext/ED507566.pdf,5,,0,,,
95,95-borman-2008,fryer-a,fryer,"Borman et al., 2008",7,eric,EJ829969,Influence of Group Formation Choices on Academic Performance,2009,"Seethamraju, Ravi; Borman, Mark",https://eric.ed.gov/?id=EJ829969,,5,,0,,,
95,95-borman-2008,fryer-a,fryer,"Borman et al., 2008",8,eric,ED497830,"Family and Contextual Socioeconomic Effects across Seasons: When Do They Matter for the Achievement Growth of Young Children? WCER Working Paper No. 2007-5, August 2007",2007,"Benson, James G.; Borman, Geoffrey D.",https://eric.ed.gov/?id=ED497830,https://files.eric.ed.gov/fulltext/ED497830.pdf,5,,0,,,
106,106-bosetal-2012,fryer-a,fryer,"Bos et al., 2012",1,crossref,10.1601/ex.22952,"Exemplar Abstract for Roseovarius halocynthiae Kim et al. 2012, Aliiroseovarius halocynthiae (Kim et al. 2012) Park et al. 2015 emend. Hördt et al. 2020 and Pseudoroseovarius halocynthiae (Kim et al. 2012) Sun et al. 2015 emend. Hördt et al. 2020 pro synon. Aliiroseovarius halocynthiae (Kim et al. 2012) Park et al. 2015 emend. Hördt et al. 2020.",2012,Parker; Garrity,https://doi.org/10.1601/ex.22952,,2,,0,ambiguous,,
106,106-bosetal-2012,fryer-a,fryer,"Bos et al., 2012",2,crossref,10.1016/b978-2-294-70624-0.00004-0,Radiations et produits de diagnostic,2012,Thompson-Bos; Fourcade; Hillaire-Buys,https://doi.org/10.1016/b978-2-294-70624-0.00004-0,,2,,0,,,
106,106-bosetal-2012,fryer-a,fryer,"Bos et al., 2012",3,crossref,10.1601/ex.22800,"Exemplar Abstract for Burkholderia schumannianae (sic) Lemaire et al. 2012, Burkholderia schumanniana corrig. Lemaire et al. 2012, Paraburkholderia schumanniana corrig. (Lemaire et al. 2012) Sawana et al. 2014 and Paraburkholderia schumannianae (sic) (Lemaire et al. 2012) Sawana et al. 2014.",2012,Parker; Garrity,https://doi.org/10.1601/ex.22800,,2,,0,,,
106,106-bosetal-2012,fryer-a,fryer,"Bos et al., 2012",4,crossref,10.1601/ex.23343,"Exemplar Abstract for Trinickia symbiotica (Sheu et al. 2012) Estrada-de los Santos et al. 2018, Burkholderia symbiotica Sheu et al. 2012 and Paraburkholderia symbiotica (Sheu et al. 2012) Sawana et al. 2015.",2012,Parker; Garrity,https://doi.org/10.1601/ex.23343,,2,,0,,,
106,106-bosetal-2012,fryer-a,fryer,"Bos et al., 2012",5,openalex,10.1093/nar/gkr991,Ensembl 2012,2011,Flicek; Amode; Barrell; Beal; Brent; Carvalho‐Silva; Clapham; Coates; Fairley; Fitzgerald; Gil; Gordon; Hendrix; Hourlier; Johnson; Kähäri; Keefe; Keenan; Kinsella; Komorowska; Koscielny; Kulesha; Larsson; Longden; McLaren; Muffato; Overduin; Pignatelli; Pritchard; Riat; Ritchie; Ruffier; Schuster; Sobral; Tang; Taylor; Trevanion; Vandrovcová; White; Wilson; Wilder; Aken; Birney; Cunningham; Dunham; Durbin; Fernández; Harrow; Herrero; Hubbard; Parker; Proctor; Spudich; Vogel; Yates; Zadissa; Searle,https://doi.org/10.1093/nar/gkr991,https://academic.oup.com/nar/article-pdf/40/D1/D84/9483948/gkr991.pdf,2,,0,,,
106,106-bosetal-2012,fryer-a,fryer,"Bos et al., 2012",6,openalex,10.2527/jas.2012-5827,"Accuracy of prediction of genomic breeding values for residual feed intake and carcass and meat quality traits in Bos taurus, Bos indicus, and composite beef cattle1",2013,Bolormaa; Pryce; Kemper; Savin; Hayes; Barendse; Zhang; Reich; Mason; Bunch; Harrison; Reverter; Herd; Tier; Graser; Goddard,https://doi.org/10.2527/jas.2012-5827,https://academic.oup.com/jas/article-pdf/91/7/3088/23980643/3088.pdf,2,,0,,,
106,106-bosetal-2012,fryer-a,fryer,"Bos et al., 2012",7,openalex,10.1016/j.physletb.2012.08.020,Observation of a new particle in the search for the Standard Model Higgs boson with the ATLAS detector at the LHC,2012,Aad; Abajyan; Abbott; Abdallah; Khalek; Abdelalim; Abdinov; Aben; Abi; Abolins; AbouZeid; Abramowicz; Abreu; Acharya; Adamczyk; Adams; Addy; Adelman; Adomeit; Adragna; Adye; Aefsky; Aguilar–Saavedra; Agustoni; Aharrouche; Ahlen; Ahles; Ahmad; Ahsan; Aielli; Akdoğan; Åkesson; Akimoto; Akimov; Alam; Alam; Albert; Albrand; Aleksa; Aleksandrov; Alessandria; Alexa; Alexander; Alexandre; Alexopoulos; Alhroob; Aliev; Alimonti; Alison; Allbrooke; Allport; Allwood-Spiers; Almond; Aloisio; Alon; Alonso; Alonso; Altheimer; González; Alviggi; Amako; Amelung; Ammosov; Santos; Amorim; Amram; Anastopoulos; Ancu; Andari; Andeen; Anders; Anders; Anderson; Andreazza; Andrei; Andrieux; Anduaga; Angelidakis; Anger; Angerami; Anghinolfi; Anisenkov; Anjos; Annovi; Antonaki; Antonelli; Антонов; Antoš; Anulli; Aoki; Aoun; Bella; Apolle; Arabidze; Aracena; Arai; Arce; Arfaoui; Arguin; Arık,https://doi.org/10.1016/j.physletb.2012.08.020,https://doi.org/10.1016/j.physletb.2012.08.020,2,,0,,,
106,106-bosetal-2012,fryer-a,fryer,"Bos et al., 2012",8,openalex,10.1186/1471-2180-12-237,"Comparison of methanogen diversity of yak (Bos grunniens) and cattle (Bos taurus) from the Qinghai-Tibetan plateau, China",2012,Huang; Tan; Long; Liang; Wright,https://doi.org/10.1186/1471-2180-12-237,https://bmcmicrobiol.biomedcentral.com/counter/pdf/10.1186/1471-2180-12-237,2,,0,,,
116,116-brandt-2013,fryer-a,fryer,"Brandt et al., 2013",1,eric,EJ1036718,"Everyday Pedagogical Practices in Mathematical Play Situations in German ""Kindergarten""",2013,"Brandt, Birgit",https://eric.ed.gov/?id=EJ1036718,,6,,0,low-margin,,
116,116-brandt-2013,fryer-a,fryer,"Brandt et al., 2013",2,crossref,10.3102/0162373716638446,Impact Results of the eMINTS Professional Development Validation Study,2016,Meyers; Molefe; Brandt; Zhu; Dhillon,https://doi.org/10.3102/0162373716638446,,5,,0,,,
116,116-brandt-2013,fryer-a,fryer,"Brandt et al., 2013",3,eric,EJ1012245,Classroom Activities for Introducing Equivalence Relations,2013,"Brandt, Jim",https://eric.ed.gov/?id=EJ1012245,,5,,0,,,
116,116-brandt-2013,fryer-a,fryer,"Brandt et al., 2013",4,eric,EJ1035251,A Tool Kit for Building Life Skills Using Experiential Education and Games,2013,"Brandt, Brian",https://eric.ed.gov/?id=EJ1035251,,5,,0,,,
116,116-brandt-2013,fryer-a,fryer,"Brandt et al., 2013",5,eric,EJ971001,Connecting Related Rates and Differential Equations,2012,"Brandt, Keith",https://eric.ed.gov/?id=EJ971001,,5,,0,,,
116,116-brandt-2013,fryer-a,fryer,"Brandt et al., 2013",6,eric,EJ985279,Leading Change: Transitioning to the Common Core,2012,"Brandt, Brian",https://eric.ed.gov/?id=EJ985279,,5,,0,,,
116,116-brandt-2013,fryer-a,fryer,"Brandt et al., 2013",7,eric,ED556017,"The Role of Humor and Its Influence on the Self-Perceived and Others-Perceived Conflict Management Styles of Line Officers in Institutions of Higher Learning Serving Deaf, Hard-of-Hearing, and Hearing Students",2013,"Brandt, Susan Elaine",https://eric.ed.gov/?id=ED556017,,5,,0,,,
116,116-brandt-2013,fryer-a,fryer,"Brandt et al., 2013",8,eric,ED549865,Utilizing an Early Childhood Science Curriculum: Factors Influencing Implementation and How Variations Affect Students' Skills and Attitudes,2012,"Shamas-Brandt, Ellen",https://eric.ed.gov/?id=ED549865,,5,,0,,,
137,137-campbell-2011,fryer-a,fryer,"Campbell and Malkus, 2011",1,crossref,10.1086/657654,The Impact of Elementary Mathematics Coaches on Student Achievement,2011,Campbell; Malkus,https://doi.org/10.1086/657654,,7,,1,api-crossref,,
137,137-campbell-2011,fryer-a,fryer,"Campbell and Malkus, 2011",2,crossref,10.5951/teacchilmath.20.3.0198,Elementary Mathematics Specialists: Influencing Student Achievement,2013,Campbell; Malkus,https://doi.org/10.5951/teacchilmath.20.3.0198,,5,,0,,,
137,137-campbell-2011,fryer-a,fryer,"Campbell and Malkus, 2011",3,crossref,10.1007/s11858-013-0559-6,The mathematical knowledge and beliefs of elementary mathematics specialist-coaches,2013,Campbell; Malkus,https://doi.org/10.1007/s11858-013-0559-6,,5,,0,,,
137,137-campbell-2011,fryer-a,fryer,"Campbell and Malkus, 2011",4,eric,EJ1005851,"""Pathways to Prosperity"": Technology Leadership and Innovation for the New Economy at School District 129",2012,"Campbell, Bruce",https://eric.ed.gov/?id=EJ1005851,,5,,0,,,
137,137-campbell-2011,fryer-a,fryer,"Campbell and Malkus, 2011",5,eric,EJ1005853,Innovative Leadership: Insights from a Learning Technologist,2012,"Campbell, Bruce",https://eric.ed.gov/?id=EJ1005853,,5,,0,,,
137,137-campbell-2011,fryer-a,fryer,"Campbell and Malkus, 2011",6,eric,EJ1000761,Playing Scientist,2012,"Campbell, Ashley",https://eric.ed.gov/?id=EJ1000761,,5,,0,,,
137,137-campbell-2011,fryer-a,fryer,"Campbell and Malkus, 2011",7,eric,ED530706,Discipline without Anger: A New Style of Classroom Management,2012,"Campbell, Doug",https://eric.ed.gov/?id=ED530706,,5,,0,,,
137,137-campbell-2011,fryer-a,fryer,"Campbell and Malkus, 2011",8,eric,ED532631,The Portfolio Mindset: Innovation Starts from the Ground Up. Portfolio School Districts Project,2012,"Campbell, Christine",https://eric.ed.gov/?id=ED532631,https://files.eric.ed.gov/fulltext/ED532631.pdf,5,,0,,,
144,144-cantrell-2008,fryer-a,fryer,"Cantrell et al., 2008",1,crossref,10.3386/w14608,National Board Certification and Teacher Effectiveness: Evidence from a Random Assignment Experiment,2008,Cantrell; Fullerton; Kane; Staiger,https://doi.org/10.3386/w14608,,8,eric:ED503841,1,api-crossref,,
144,144-cantrell-2008,fryer-a,fryer,"Cantrell et al., 2008",2,eric,EJ805994,High and Low Implementers of Content Literacy Instruction: Portraits of Teacher Efficacy,2008,"Cantrell, Susan Chambers; Callaway, Patricia",https://eric.ed.gov/?id=EJ805994,,6,,0,,,
144,144-cantrell-2008,fryer-a,fryer,"Cantrell et al., 2008",3,eric,EJ856045,Relationships among Learner Characteristics and Adolescents' Perceptions about Reading Strategy Use,2009,"Cantrell, Susan Chambers; Carter, Janis C.",https://eric.ed.gov/?id=EJ856045,,6,,0,,,
144,144-cantrell-2008,fryer-a,fryer,"Cantrell et al., 2008",4,eric,EJ822150,Middle- and High-School Content Area Teachers' Perceptions about Literacy Teaching and Learning,2009,"Cantrell, Susan Chambers; Burns, Leslie David; Callaway, Patricia",https://eric.ed.gov/?id=EJ822150,,6,,0,,,
144,144-cantrell-2008,fryer-a,fryer,"Cantrell et al., 2008",5,eric,EJ773215,Modeling the Effect of Polychromatic Light in Quantitative Absorbance Spectroscopy,2007,"Smith, Rachel; Cantrell, Kevin",https://eric.ed.gov/?id=EJ773215,,5,,0,,,
144,144-cantrell-2008,fryer-a,fryer,"Cantrell et al., 2008",6,eric,EJ858182,Technology Task Autonomy and Gender Effects on Student Performance in Rural Middle School Science Classrooms,2009,"Cantrell, Pamela; Sudweeks, Richard",https://eric.ed.gov/?id=EJ858182,,5,,0,,,
144,144-cantrell-2008,fryer-a,fryer,"Cantrell et al., 2008",7,eric,ED529357,"2007 Mississippi Curriculum Framework: Secondary Agriscience. (Program CIP: 01.0000 - Agriculture, General)",2007,"Cantrell, Steve; Conway, Scott; Jack, Linda; Stuckey, Dan",https://eric.ed.gov/?id=ED529357,https://files.eric.ed.gov/fulltext/ED529357.pdf,5,,0,,,
144,144-cantrell-2008,fryer-a,fryer,"Cantrell et al., 2008",8,eric,EJ827399,A Safe and Efficient Technique for the Production of HCl/DCl Gas,2008,"Mayer, Steven G.; Bard, Raymond R.; Cantrell, Kevin",https://eric.ed.gov/?id=EJ827399,,5,,0,,,
150,150-carlson-2011,fryer-a,fryer,"Carlson et al., 2011",1,crossref,10.3102/0162373711412765,A Multistate District-Level Cluster Randomized Trial of the Impact of Data-Driven Reform on Reading and Mathematics Achievement,2011,Carlson; Borman; Robinson,https://doi.org/10.3102/0162373711412765,,10,,1,fryer-reflist+crossref,,"Carlson, Deven, Geoffrey Borman, Michelle Robinson. 2011. “A Multistate District-Level Cluster Randomized Trial of the Impact of Data-Driven Reform on Reading and Mathematics Achievement.” Educational Evaluation and Policy Analysis, 33(3): 378-398."
168,168-clark-2013,fryer-a,fryer,"Clark et al., 2013",1,crossref,10.1002/pam.21958,Supplying Disadvantaged Schools with Effective Teachers: Experimental Evidence on Secondary Math Teachers from Teach For America,2016,Chiang; Clark; McConnell,https://doi.org/10.1002/pam.21958,,8,,1,fryer-reflist+crossref,,"Clark, Melissa, Hanley Chiang, Tim Silva, Sheena McConnell, Kathy Sonnenfeld, and Anastasia Erbe. 2013. “The Effectiveness of Secondary Math Teachers from Teach for America and the Teaching Fel- lows Programs.” Washington, D.C.: National Center for Educational Evaluation and Regional Assis- tance."
184,184-cole-1992,fryer-a,fryer,"Cole, 1992",1,crossref,10.1016/0140-6736(92)92471-q,Euthanasia,1992,COLE,https://doi.org/10.1016/0140-6736(92)92471-q,,5,,0,ambiguous,,
184,184-cole-1992,fryer-a,fryer,"Cole, 1992",2,crossref,10.1080/00344899238438993,French regional elections 1992,1992,Cole,https://doi.org/10.1080/00344899238438993,,5,,0,,,
184,184-cole-1992,fryer-a,fryer,"Cole, 1992",3,eric,ED362160,Learner-Generated Questions and Comments: Tools for Improving Instruction.,1993,"Cole, Peggy",https://eric.ed.gov/?id=ED362160,https://files.eric.ed.gov/fulltext/ED362160.pdf,5,,0,,,
184,184-cole-1992,fryer-a,fryer,"Cole, 1992",4,eric,ED349892,Doctoral Students in Education and Factors Related to the Literature Review Process.,1992,"Cole, Karen",https://eric.ed.gov/?id=ED349892,https://files.eric.ed.gov/fulltext/ED349892.pdf,5,,0,,,
184,184-cole-1992,fryer-a,fryer,"Cole, 1992",5,eric,ED360078,Nurturing a Teacher Advisory Program.,1992,"Cole, Claire",https://eric.ed.gov/?id=ED360078,https://files.eric.ed.gov/fulltext/ED360078.pdf,5,,0,,,
184,184-cole-1992,fryer-a,fryer,"Cole, 1992",6,eric,ED360627,Vygotsky and Writing: Reflections from a Distant Discipline.,1993,"Cole, Michael",https://eric.ed.gov/?id=ED360627,https://files.eric.ed.gov/fulltext/ED360627.pdf,5,,0,,,
184,184-cole-1992,fryer-a,fryer,"Cole, 1992",7,eric,ED358867,Characteristics of Periodical Use in the Small College Library.,1993,"Puvogel, Cole",https://eric.ed.gov/?id=ED358867,https://files.eric.ed.gov/fulltext/ED358867.pdf,5,,0,,,
184,184-cole-1992,fryer-a,fryer,"Cole, 1992",8,eric,ED350657,Constructing the Path to Tomorrow: Strategic Planning and Implementation in the David Douglas School District.,1992,"Cole, Richard",https://eric.ed.gov/?id=ED350657,https://files.eric.ed.gov/fulltext/ED350657.pdf,5,,0,,,
193,193-constantine-2009,fryer-a,fryer,"Constantine et al, 2009",1,fryer,,"Constantine, Jill, Daniel Player, Tim Silva, Kristin Hallgren, Mary Grider, and John Deke. 2009. “An Evaluation of Teachers Trained Through Different Routes to Certification.” Washington, D.C.: Na- tional Center for Education Evaluation and Regional Assistance.",2009,constantine,,,6,,1,fryer-reflist,,"Constantine, Jill, Daniel Player, Tim Silva, Kristin Hallgren, Mary Grider, and John Deke. 2009. “An Evaluation of Teachers Trained Through Different Routes to Certification.” Washington, D.C.: Na- tional Center for Education Evaluation and Regional Assistance."
195,195-cook-1999,fryer-a,fryer,"Cook et al, 1999",1,crossref,10.2307/1163550,"Comer's School Development Program in Prince George's County, Maryland: A Theory-Based Evaluation",1999,Cook; Habib; Phillips; Settersten; Shagle; Degirmencioglu,https://doi.org/10.2307/1163550,,10,crossref:10.3102/00028312036003543,1,api-crossref,,
195,195-cook-1999,fryer-a,fryer,"Cook et al, 1999",2,crossref,10.2337/diacare.22.5.661,What do internal medicine residents need to enhance their diabetes care?,1999,Bernard; Anderson; Cook; Phillips,https://doi.org/10.2337/diacare.22.5.661,,6,,0,,,
195,195-cook-1999,fryer-a,fryer,"Cook et al, 1999",3,crossref,10.1093/genetics/152.2.629,"Genetic Analysis of the Bone Morphogenetic Protein-Related Gene, gbb, Identifies Multiple Requirements During Drosophila Development",1999,Wharton; Cook; Torres-Schumann; de Castro; Borod; Phillips,https://doi.org/10.1093/genetics/152.2.629,,6,,0,,,
195,195-cook-1999,fryer-a,fryer,"Cook et al, 1999",4,eric,EJ610324,Voice Practice: Social and Mathematical Talk in Imaginative Play.,2000,"Cook, Deirdre",https://eric.ed.gov/?id=EJ610324,,6,,0,,,
195,195-cook-1999,fryer-a,fryer,"Cook et al, 1999",5,eric,ED439765,Community College Baccalaureate Degrees: A Delivery Model for the Future? Policy Paper.,2000,"Cook, Amy",https://eric.ed.gov/?id=ED439765,https://files.eric.ed.gov/fulltext/ED439765.pdf,5,,0,,,
195,195-cook-1999,fryer-a,fryer,"Cook et al, 1999",6,eric,ED435705,A Review of Intraclass Correlation.,2000,"Cook, Colleen",https://eric.ed.gov/?id=ED435705,https://files.eric.ed.gov/fulltext/ED435705.pdf,5,,0,,,
195,195-cook-1999,fryer-a,fryer,"Cook et al, 1999",7,eric,EJ558343,The Uses of Reality: A Reply to Ronald Carter.,1998,"Cook, Guy",https://eric.ed.gov/?id=EJ558343,,5,,0,,,
195,195-cook-1999,fryer-a,fryer,"Cook et al, 1999",8,eric,EJ582702,"Using Hypotheticals for a Science, Technology and Society Curriculum Emphasis.",1998,"Cook, Alan",https://eric.ed.gov/?id=EJ582702,,5,,0,,,
202,202-courtney-2008,fryer-a,fryer,"Courtney et al., 2008",1,crossref,10.1037/e659832010-001,"Evaluation of the Early Start to Emancipation Preparation -Tutoring Program Los Angeles County, California: Final Report",2008,Courtney; Zinn; Zielewski; Bess; Malm; Stagner; Pergamit,https://doi.org/10.1037/e659832010-001,,12,,1,fryer-reflist+crossref,,"Courtney, Mark, Andrew Zinn, Erica Zielewski, Roseana Bess, and Karin Malm. 2008. “Evaluation of the Early Start to Emancipation Preparation—Tutoring Program Los Angeles County, California: Final Report.” Washington, D.C.: The Urban Institute."
203,203-cowen-2008,fryer-a,fryer,"Cowen, 2008",1,crossref,10.1057/978-1-349-95121-5_2549-1,Social Discount Rate,2008,Cowen,https://doi.org/10.1057/978-1-349-95121-5_2549-1,,5,,0,ambiguous,,
203,203-cowen-2008,fryer-a,fryer,"Cowen, 2008",2,crossref,10.37236/814,Totally Greedy Coin Sets and Greedy Obstructions,2008,Cowen; Cowen; Steinberg,https://doi.org/10.37236/814,,5,,0,,,
203,203-cowen-2008,fryer-a,fryer,"Cowen, 2008",3,crossref,10.3138/9781442688629,Military Workfare,2008,Cowen,https://doi.org/10.3138/9781442688629,,5,,0,,,
203,203-cowen-2008,fryer-a,fryer,"Cowen, 2008",4,eric,EJ775568,Tulane University: From Recovery to Renewal,2007,"Cowen, Scott",https://eric.ed.gov/?id=EJ775568,,5,,0,,,
203,203-cowen-2008,fryer-a,fryer,"Cowen, 2008",5,eric,EJ865479,"The Transfer, Translation and Transformation of Educational Processes: And Their Shape-Shifting?",2009,"Cowen, Robert",https://eric.ed.gov/?id=EJ865479,,5,,0,,,
203,203-cowen-2008,fryer-a,fryer,"Cowen, 2008",6,eric,EJ865056,Teacher Unions and Teacher Compensation: New Evidence for the Impact of Bargaining,2009,"Cowen, Joshua M.",https://eric.ed.gov/?id=EJ865056,,5,,0,,,
203,203-cowen-2008,fryer-a,fryer,"Cowen, 2008",7,eric,EJ883904,Coping with a Man-Made Crisis: Lessons from Katrina,2009,"Cowen, Scott S.",https://eric.ed.gov/?id=EJ883904,,5,,0,,,
203,203-cowen-2008,fryer-a,fryer,"Cowen, 2008",8,eric,EJ840566,Measuring the Motivation to Charter: An Examination of School Sponsors in Texas,2008,"Cowen, Joshua M.; Fleming, David J.; Gofen, Anat",https://eric.ed.gov/?id=EJ840566,,5,,0,,,
212,212-cullen-2006,fryer-a,fryer,"Cullen et al., 2006",1,crossref,10.1111/j.1468-0262.2006.00702.x,The Effect of School Choice on Participants: Evidence from Randomized Lotteries,2006,Cullen; Jacob; Levitt,https://doi.org/10.1111/j.1468-0262.2006.00702.x,,9,,1,fryer-reflist+crossref,,"Cullen, Julie Berry, Brian Jacob, and Steven Levitt. 2006. “The Effect of School Choice on Partici- pants: Evidence from Randomized Lotteries.” Econometrica, 74(5): 1191-1230."
237,237-dobbie-2011,fryer-a,fryer,"Dobbie and Fryer, 2011",1,crossref,10.1257/app.3.3.158,Are High-Quality Schools Enough to Increase Achievement Among the Poor? Evidence from the Harlem Children's Zone,2011,Dobbie; Fryer,https://doi.org/10.1257/app.3.3.158,,8,,1,fryer-reflist+crossref,,"Dobbie, Will, and Roland Fryer. 2011. “Are High-Quality Schools Enough to Increase Achievement Among the Poor? Evidence from the Harlem Children’s Zone.” American Economic Journal: Applied Economics, 3(3): 158-187."
273,273-fairlie-2013,fryer-a,fryer,"Fairlie and Robinson, 2013",1,crossref,10.1257/app.5.3.211,Experimental Evidence on the Effects of Home Computers on Academic Achievement among Schoolchildren,2013,Fairlie; Robinson,https://doi.org/10.1257/app.5.3.211,,8,,1,fryer-reflist+crossref,,"Fairlie, Robert, and Jonathan Robinson. 2013. “Experimental Evidence on the Effects of Home Com- puters on Academic Achievement among Schoolchildren.” American Economic Journal: Applied Eco- nomics, 5(3): 211-240."
297,297-fryer-2015,fryer-a,fryer,"Fryer et al., 2015",1,crossref,10.3386/w21477,Parental Incentives and Early Childhood Achievement: A Field Experiment in Chicago Heights,2015,Fryer; Levitt; List,https://doi.org/10.3386/w21477,,7,,1,api-crossref,,
297,297-fryer-2015,fryer-a,fryer,"Fryer et al., 2015",2,crossref,10.3386/w27913,Introducing CogX: A New Preschool Education Program Combining Parent and Child Interventions,2020,Fryer; Levitt; List; Samek,https://doi.org/10.3386/w27913,,5,crossref:10.2139/ssrn.3714022,0,,,
297,297-fryer-2015,fryer-a,fryer,"Fryer et al., 2015",3,crossref,10.3386/w18237,Enhancing the Efficacy of Teacher Incentives through Loss Aversion: A Field Experiment,2012,Fryer; Levitt; List; Sadoff,https://doi.org/10.3386/w18237,,5,,0,,,
297,297-fryer-2015,fryer-a,fryer,"Fryer et al., 2015",4,eric,EJ1088013,"""State of the Art"" or Dismal Science? The Economic Debate in South Africa since 1994",2016,"Fryer, David",https://eric.ed.gov/?id=EJ1088013,,5,,0,,,
297,297-fryer-2015,fryer-a,fryer,"Fryer et al., 2015",5,eric,EJ1045383,Between Students' Instrumental Goals and How They Learn: Goal Content Is the Gap to Mind,2014,"Fryer, Luke K.; Ginns, Paul; Walker, Richard",https://eric.ed.gov/?id=EJ1045383,,5,,0,,,
297,297-fryer-2015,fryer-a,fryer,"Fryer et al., 2015",6,eric,EJ1061304,"Promotion of Waterpipe Tobacco Use, Its Variants and Accessories in Young Adult Newspapers: A Content Analysis of Message Portrayal",2015,"Sterling, Kymberle L.; Fryer, Craig S.; Majeed, Ban; Duong, Melissa M.",https://eric.ed.gov/?id=EJ1061304,,5,,0,,,
297,297-fryer-2015,fryer-a,fryer,"Fryer et al., 2015",7,eric,EJ1088703,"Instrumental Reasons for Studying in Compulsory English Courses: I Didn't Come to University to Study English, so Why Should I?",2014,"Fryer, Luke K.; Ozono, Shuichi; Carter, Peter; Nakao, Kaori; Anderson, Charles J.",https://eric.ed.gov/?id=EJ1088703,,5,,0,,,
297,297-fryer-2015,fryer-a,fryer,"Fryer et al., 2015",8,eric,EJ1053986,Evaluation of the Learning to Teach for Social Justice-Beliefs Scale in an Australian Context,2015,"Ginns, Paul; Loughland, Anthony; Tierney, Robert J.; Fryer, Luke; Amazan, Rose; McCormick, Alexandra",https://eric.ed.gov/?id=EJ1053986,,5,,0,,,
298,298-fryer-2011,fryer-a,fryer,"Fryer, 2011",1,eric,EJ966708,Languages for Specific Purposes Business Curriculum Creation and Implementation in the United States,2012,"Fryer, T. Bruce",https://eric.ed.gov/?id=EJ966708,,6,,0,low-margin,,
298,298-fryer-2011,fryer-a,fryer,"Fryer, 2011",2,crossref,10.1016/b978-0-12-375038-9.00059-5,Cross-Cultural Differences in Creativity,2011,Fryer; Fryer-Bolingbroke,https://doi.org/10.1016/b978-0-12-375038-9.00059-5,,5,,0,,,
298,298-fryer-2011,fryer-a,fryer,"Fryer, 2011",3,eric,EJ1088483,Some Key Issues in Creativity Research and Evaluation as Seen from a Psychological Perspective,2012,"Fryer, Marilyn",https://eric.ed.gov/?id=EJ1088483,,5,,0,,,
298,298-fryer-2011,fryer-a,fryer,"Fryer, 2011",4,eric,EJ903973,"Creativity, Scientific Practice, and Knowledge Production",2010,"Fryer, Marilyn",https://eric.ed.gov/?id=EJ903973,,5,,0,,,
298,298-fryer-2011,fryer-a,fryer,"Fryer, 2011",5,eric,EJ904216,From Reproduction to Creativity and the Aesthetic: Towards an Ontological Approach to the Assessment of Devised Performance,2010,"Fryer, Nic",https://eric.ed.gov/?id=EJ904216,,5,,0,,,
298,298-fryer-2011,fryer-a,fryer,"Fryer, 2011",6,eric,EJ943819,"New Strategy, Same Old Problems",2011,"Fryer, Bob",https://eric.ed.gov/?id=EJ943819,,5,,0,,,
298,298-fryer-2011,fryer-a,fryer,"Fryer, 2011",7,eric,ED528606,"Aligning Student, Parent, and Teacher Incentives: Evidence from Houston Public Schools. NBER Working Paper No. 17752",2012,"Fryer, Roland, Jr.",https://eric.ed.gov/?id=ED528606,,5,,0,,,
298,298-fryer-2011,fryer-a,fryer,"Fryer, 2011",8,eric,ED517012,Teacher Incentives and Student Achievement: Evidence from New York City Public Schools. NBER Working Paper No. 16850,2011,"Fryer, Roland G.",https://eric.ed.gov/?id=ED517012,,5,,0,,,
300,300-fryer-2013,fryer-a,fryer,"Fryer, 2013b",1,eric,EJ966708,Languages for Specific Purposes Business Curriculum Creation and Implementation in the United States,2012,"Fryer, T. Bruce",https://eric.ed.gov/?id=EJ966708,,6,,0,low-margin,,
300,300-fryer-2013,fryer-a,fryer,"Fryer, 2013b",2,crossref,10.1016/s0262-4079(13)60745-9,Ariane inspiration,2013,Fryer,https://doi.org/10.1016/s0262-4079(13)60745-9,,5,,0,,,
300,300-fryer-2013,fryer-a,fryer,"Fryer, 2013b",3,crossref,10.2139/ssrn.2230519,Design Patent: U.S. Dramatic Changes Due to AIA,2013,Fryer,https://doi.org/10.2139/ssrn.2230519,,5,,0,,,
300,300-fryer-2013,fryer-a,fryer,"Fryer, 2013b",4,crossref,10.3386/w19113,Information and Student Achievement: Evidence from a Cellular Phone Experiment,2013,Fryer,https://doi.org/10.3386/w19113,,5,,0,,,
300,300-fryer-2013,fryer-a,fryer,"Fryer, 2013b",5,eric,EJ1088483,Some Key Issues in Creativity Research and Evaluation as Seen from a Psychological Perspective,2012,"Fryer, Marilyn",https://eric.ed.gov/?id=EJ1088483,,5,,0,,,
300,300-fryer-2013,fryer-a,fryer,"Fryer, 2013b",6,eric,ED528606,"Aligning Student, Parent, and Teacher Incentives: Evidence from Houston Public Schools. NBER Working Paper No. 17752",2012,"Fryer, Roland, Jr.",https://eric.ed.gov/?id=ED528606,,5,,0,,,
300,300-fryer-2013,fryer-a,fryer,"Fryer, 2013b",7,eric,ED553381,Reflective Thinkers: An Examination of the Development of the Student Teachers' Journal Reflections during the Student Teaching Experience,2013,"Fryer, Christine L.",https://eric.ed.gov/?id=ED553381,,5,,0,,,
300,300-fryer-2013,fryer-a,fryer,"Fryer, 2013b",8,eric,ED536814,A Coherent Approach to High School Improvement: A District and School Self-Assessment Tool,2012,"Fryer, Lindsay; Johnson, Amy",https://eric.ed.gov/?id=ED536814,https://files.eric.ed.gov/fulltext/ED536814.pdf,5,,0,,,
301,301-fryer-2014,fryer-a,fryer,"Fryer, 2014a",1,crossref,10.1007/978-1-4614-5583-7_322,Unemployment,2014,Fryer,https://doi.org/10.1007/978-1-4614-5583-7_322,,5,,0,ambiguous,,
301,301-fryer-2014,fryer-a,fryer,"Fryer, 2014a",2,crossref,10.2737/feis-species-review-botspp,"Botrychium spp.
                    , moonworts",2014,Fryer,https://doi.org/10.2737/feis-species-review-botspp,,5,,0,,,
301,301-fryer-2014,fryer-a,fryer,"Fryer, 2014a",3,crossref,10.2737/feis-species-review-alnrho,"Alnus rhombifolia
                    , white alder",2014,Fryer,https://doi.org/10.2737/feis-species-review-alnrho,,5,,0,,,
301,301-fryer-2014,fryer-a,fryer,"Fryer, 2014a",4,crossref,10.2737/feis-species-review-picmar,"Picea mariana
                    , black spruce",2014,Fryer,https://doi.org/10.2737/feis-species-review-picmar,,5,,0,,,
301,301-fryer-2014,fryer-a,fryer,"Fryer, 2014a",5,crossref,10.1007/978-1-4614-5583-7_555,"Publishing, Overview",2014,Fryer; Duckett,https://doi.org/10.1007/978-1-4614-5583-7_555,,5,,0,,,
301,301-fryer-2014,fryer-a,fryer,"Fryer, 2014a",6,eric,ED553381,Reflective Thinkers: An Examination of the Development of the Student Teachers' Journal Reflections during the Student Teaching Experience,2013,"Fryer, Christine L.",https://eric.ed.gov/?id=ED553381,,5,,0,,,
301,301-fryer-2014,fryer-a,fryer,"Fryer, 2014a",7,eric,EJ1017581,Could Audio-Described Films Benefit from Audio Introductions? An Audience Response Study,2013,"Romero-Fresco, Pablo; Fryer, Louise",https://eric.ed.gov/?id=EJ1017581,https://files.eric.ed.gov/fulltext/EJ1017581.pdf,5,,0,,,
301,301-fryer-2014,fryer-a,fryer,"Fryer, 2014a",8,eric,EJ1045383,Between Students' Instrumental Goals and How They Learn: Goal Content Is the Gap to Mind,2014,"Fryer, Luke K.; Ginns, Paul; Walker, Richard",https://eric.ed.gov/?id=EJ1045383,,5,,0,,,
357,357-glassman-1989,fryer-a,fryer,"Glassman, 1989",1,eric,ED294926,"A Study of Cooperative Learning in Mathematics, Writing and Reading as Implemented in Third, Fourth and Fifth Grade Classes: A Focus upon Achievement, Attitudes and Self-Esteem for Males, Females, Blacks, Hispanics and Anglos.",1988,"Glassman, Phyllis",https://eric.ed.gov/?id=ED294926,https://files.eric.ed.gov/fulltext/ED294926.pdf,6,,0,low-margin,,
357,357-glassman-1989,fryer-a,fryer,"Glassman, 1989",2,crossref,10.21236/ada211540,AFRAPT (Air Force Research in Aero Propulsion Technology) Trainee Program,1989,Glassman,https://doi.org/10.21236/ada211540,,5,,0,,,
357,357-glassman-1989,fryer-a,fryer,"Glassman, 1989",3,crossref,10.1358/dof.1989.014.06.95996,A-64662,1989,Luther; Glassman,https://doi.org/10.1358/dof.1989.014.06.95996,,5,,0,,,
357,357-glassman-1989,fryer-a,fryer,"Glassman, 1989",4,crossref,10.1016/s0082-0784(89)80036-0,Soot formation in combustion processes,1989,Glassman,https://doi.org/10.1016/s0082-0784(89)80036-0,,5,,0,,,
357,357-glassman-1989,fryer-a,fryer,"Glassman, 1989",5,crossref,10.2307/2072017,Dilemmas and Contradictions in Social Theory.,1989,Glassman; Watson,https://doi.org/10.2307/2072017,,5,,0,,,
357,357-glassman-1989,fryer-a,fryer,"Glassman, 1989",6,crossref,10.1177/026327689006004011,Book Reviews,1989,Glassman,https://doi.org/10.1177/026327689006004011,,5,,0,,,
357,357-glassman-1989,fryer-a,fryer,"Glassman, 1989",7,eric,EJ387415,Sino-American Academic Exchanges.,1989,"Glassman, Peter",https://eric.ed.gov/?id=EJ387415,,5,,0,,,
357,357-glassman-1989,fryer-a,fryer,"Glassman, 1989",8,eric,EJ383029,Advanced Credit Program: An Alternative to the AP Course for Missouri Students.,1988,"Glassman, Joel",https://eric.ed.gov/?id=EJ383029,,5,,0,,,
359,359-glazerman-2006,fryer-a,fryer,"Glazerman et al., 2006",1,crossref,10.1002/pam.20157,Alternative routes to teaching: The impacts of Teach for America on student achievement and other outcomes,2005,Glazerman; Mayer; Decker,https://doi.org/10.1002/pam.20157,,9,,1,fryer-reflist+crossref,,"Glazerman, Steven, Daniel Mayer, and Paul Decker. 2006. “Alternative Routes to Teaching: The Im- pacts of Teach for America on Student Achievement and Other Outcomes.” Journal of Policy Analysis and Management, 25(1): 75-96."
360,360-glazerman-2009,fryer-a,fryer,"Glazerman et al., 2009",1,fryer,,"Glazerman, Steven, Allixon McKie, and Nancy Carey. 2009. “An Evaluation of the Teacher Ad- vancement Program (TAP) in Chicago: Year One Impact Report.” Princeton, NJ: Mathematica Policy Research.",2009,glazerman,,,6,,1,fryer-reflist,,"Glazerman, Steven, Allixon McKie, and Nancy Carey. 2009. “An Evaluation of the Teacher Ad- vancement Program (TAP) in Chicago: Year One Impact Report.” Princeton, NJ: Mathematica Policy Research."
361,361-glazerman-2013,fryer-a,fryer,"Glazerman et al., 2013",1,crossref,10.1162/edfp_a_00174,Staffing a Low-Performing School: Behavioral Responses to Selective Teacher Transfer Incentives,2015,Protik; Glazerman; Bruch; Teh,https://doi.org/10.1162/edfp_a_00174,,8,,1,fryer-reflist+crossref,,"Glazerman, Steven, Ali Protik, Bing-ru The, Julie Bruch, Jeffrey Max. 2013. “Transfer Incentives for High-Performing Teachers: Final Results from a Multisite Randomized Experiment.” Washington, D.C.: National Center for Education Evaluation and Regional Assistance. 88"
365,365-gleason-2010,fryer-b,fryer,"Gleason et al., 2010",1,fryer,,"Gleason, Phillip, Melissa Clark, Christina Tuttle, and Emily Dwoyer. 2010. “The Evaluation of Char- ter School Impacts.” Washington, D.C.: National Center for Education Evaluation and Regional As- sistance.",2010,gleason,,,6,,1,fryer-reflist,,"Gleason, Phillip, Melissa Clark, Christina Tuttle, and Emily Dwoyer. 2010. “The Evaluation of Char- ter School Impacts.” Washington, D.C.: National Center for Education Evaluation and Regional As- sistance."
381,381-greenwood-1989,fryer-b,fryer,"Greenwood et al., 1989",1,crossref,10.1037//0022-0663.81.3.371,Longitudinal effects of classwide peer tutoring.,1989,Greenwood; Delquadri; Hall,https://doi.org/10.1037//0022-0663.81.3.371,,7,crossref:10.1037/0022-0663.81.3.371,0,low-margin,,
381,381-greenwood-1989,fryer-b,fryer,"Greenwood et al., 1989",2,eric,EJ387876,Activities: Problem Solving with Fractions.,1989,"Greenwood, Jay",https://eric.ed.gov/?id=EJ387876,,6,,0,,,
381,381-greenwood-1989,fryer-b,fryer,"Greenwood et al., 1989",3,eric,ED347716,Which Sign Language System Should Be Used with Young Deaf Children?,1990,"Greenwood-Logsdon, Marsha",https://eric.ed.gov/?id=ED347716,,6,,0,,,
381,381-greenwood-1989,fryer-b,fryer,"Greenwood et al., 1989",4,eric,EJ394965,"Summarize, Compare, Contrast and Critique: Encouraging Active Reading through the Use of Cinema.",1989,"Greenwood, Scott C.",https://eric.ed.gov/?id=EJ394965,,6,,0,,,
381,381-greenwood-1989,fryer-b,fryer,"Greenwood et al., 1989",5,eric,EJ371785,Innovations in the Classroom: Learning Contracts in Middle School Developmental Reading Classes.,1988,"Greenwood, Scott C.",https://eric.ed.gov/?id=EJ371785,,6,,0,,,
381,381-greenwood-1989,fryer-b,fryer,"Greenwood et al., 1989",6,crossref,10.1177/001440298605200606,Classwide Peer Tutoring,1986,Delquadri; Greenwood; Whorton; Carta; Hall,https://doi.org/10.1177/001440298605200606,,5,,0,,,
381,381-greenwood-1989,fryer-b,fryer,"Greenwood et al., 1989",7,crossref,10.1007/978-94-009-4406-0_41,Performance-Based Assessment of Depriving Environments: Comparison of Context/Response Interactions Within Inner-City and Suburban School Settings,1986,Greenwood; Delquadri; Stanley; Terry; Hall,https://doi.org/10.1007/978-94-009-4406-0_41,,5,,0,,,
381,381-greenwood-1989,fryer-b,fryer,"Greenwood et al., 1989",8,eric,ED339163,Applying Technology in the Work Environment.,1990,"Greenwood, Reed, Ed.",https://eric.ed.gov/?id=ED339163,https://files.eric.ed.gov/fulltext/ED339163.pdf,5,,0,,,
417,417-hoxby-2009,fryer-b,fryer,"Hoxby and Murarka, 2009",1,crossref,10.3386/w14852,Charter Schools in New York City: Who Enrolls and How They Affect Their Students' Achievement,2009,Hoxby; Murarka,https://doi.org/10.3386/w14852,,8,,1,fryer-reflist+crossref,,"Hoxby, Caroline, and Sonali Murarka. 2009. “Charter Schools in New York City: Who Enrolls and How They Affect Their Students’ Achievement.” NBER Working Paper no. 14852."
431,431-isenberg-2009,fryer-b,fryer,"Isenberg et al., 2009",1,eric,ED511788,Impacts of Comprehensive Teacher Induction: Results from the Second Year of a Randomized Controlled Study. NCEE 2009-4072,2009,"Isenberg, Eric; Glazerman, Steven; Bleeker, Martha; Johnson, Amy; Lugo-Gil, Julieta; Grider, Mary; Dolfin, Sarah; Britton, Edward",https://eric.ed.gov/?id=ED511788,https://files.eric.ed.gov/fulltext/ED511788.pdf,10,eric:ED503061 eric:ED565837,1,api-eric,,
431,431-isenberg-2009,fryer-b,fryer,"Isenberg et al., 2009",2,crossref,10.1177/016146811211401410,The State of Teacher Induction in Urban America,2012,Bleeker; Dolfin; Johnson; Glazerman; Isenberg; Grider,https://doi.org/10.1177/016146811211401410,,7,,0,,,
431,431-isenberg-2009,fryer-b,fryer,"Isenberg et al., 2009",3,eric,ED517781,"A Comparative Study of Developmental Outcomes in Web-Based and Classroom-Based German Language Education at the Post-Secondary Level: Vocabulary, Grammar, Language Processing, and Oral Proficiency Development",2010,"Isenberg, Noelle Ariane",https://eric.ed.gov/?id=ED517781,,6,,0,,,
431,431-isenberg-2009,fryer-b,fryer,"Isenberg et al., 2009",4,eric,EJ1154879,Merging Education and Business Models to Create and Sustain Transformational Change,2010,"Isenberg, Susan",https://eric.ed.gov/?id=EJ1154879,,5,,0,,,
431,431-isenberg-2009,fryer-b,fryer,"Isenberg et al., 2009",5,eric,EJ782807,Shakespeare's Improbable Journey to Inner Mongolia,2008,"Isenberg, Richard",https://eric.ed.gov/?id=EJ782807,,5,,0,,,
431,431-isenberg-2009,fryer-b,fryer,"Isenberg et al., 2009",6,eric,ED521118,Measuring School and Teacher Value Added for IMPACT and TEAM in DC Public Schools. Final Report,2010,"Isenberg, Eric; Hock, Heinrich",https://eric.ed.gov/?id=ED521118,https://files.eric.ed.gov/fulltext/ED521118.pdf,5,,0,,,
431,431-isenberg-2009,fryer-b,fryer,"Isenberg et al., 2009",7,eric,ED501688,Measuring School Effectiveness in Memphis. MPR Reference No. 6325-530,2008,"Booker, Kevin; Isenberg, Eric",https://eric.ed.gov/?id=ED501688,https://files.eric.ed.gov/fulltext/ED501688.pdf,5,,0,,,
431,431-isenberg-2009,fryer-b,fryer,"Isenberg et al., 2009",8,eric,ED507467,Measuring School and Teacher Effectiveness in EPIC Charter School Consortium--Year 2. Final Report,2009,"Potamites, Liz; Booker, Kevin; Chaplin, Duncan; Isenberg, Eric",https://eric.ed.gov/?id=ED507467,https://files.eric.ed.gov/fulltext/ED507467.pdf,5,,0,,,
441,441-james-burdumy-2005,fryer-b,fryer,"James-Burdumy et al., 2005",1,fryer,,"Kim, James. 2005. “Project READS (Reading Enhances Achievement During Summer): Results from a Randomized Field Trial of a Voluntary Summer Reading Intervention.” Paper presented at Princeton University, Education Research Section, Princeton, NJ.",2005,james‐burdumy,,,6,,1,fryer-reflist,,"Kim, James. 2005. “Project READS (Reading Enhances Achievement During Summer): Results from a Randomized Field Trial of a Voluntary Summer Reading Intervention.” Paper presented at Princeton University, Education Research Section, Princeton, NJ."
473,473-kemple-2000,fryer-b,fryer,"Kemple and Snipes, 2000",1,eric,ED441075,Career Academies: Impacts on Students' Engagement and Performance in High School.,2000,"Kemple, James J.; Snipes, Jason C.",https://eric.ed.gov/?id=ED441075,https://files.eric.ed.gov/fulltext/ED441075.pdf,6,,0,ambiguous,,
473,473-kemple-2000,fryer-b,fryer,"Kemple and Snipes, 2000",2,eric,ED457237,A Regression-Based Strategy for Defining Subgroups in a Social Experiment. MDRC Working Papers on Research Methodology.,2001,"Kemple, James J.; Snipes, Jason C.",https://eric.ed.gov/?id=ED457237,https://files.eric.ed.gov/fulltext/ED457237.pdf,6,,0,,,
473,473-kemple-2000,fryer-b,fryer,"Kemple and Snipes, 2000",3,eric,ED431111,Career Academies: Building Career Awareness and Work-Based Learning Activities through Employer Partnerships.,1999,James J. Kemple; Susan M. Poglinco; Jason C. Snipes,https://eric.ed.gov/?id=ED431111,https://files.eric.ed.gov/fulltext/ED431111.pdf,6,,0,,,
473,473-kemple-2000,fryer-b,fryer,"Kemple and Snipes, 2000",4,crossref,10.1080/00094056.2000.10521162,Reinforcement in Developmentally Appropriate Early Childhood Classrooms,2000,Duncan; Kemple; Smith,https://doi.org/10.1080/00094056.2000.10521162,,5,eric:EJ606954,0,,,
473,473-kemple-2000,fryer-b,fryer,"Kemple and Snipes, 2000",5,eric,ED463412,Career Academies: Impacts on Students' Initial Transitions to Post-Secondary Education and Employment.,2001,James J. Kemple,https://eric.ed.gov/?id=ED463412,https://files.eric.ed.gov/fulltext/ED463412.pdf,5,,0,,,
473,473-kemple-2000,fryer-b,fryer,"Kemple and Snipes, 2000",6,eric,EJ626979,A Vermont Perspective. From Factoids to Fairy Dust: Cultivating the Enlightened Imagination in an Age of High Stakes Accountability.,2000,"Kemple, Martin T.",https://eric.ed.gov/?id=EJ626979,,5,,0,,,
473,473-kemple-2000,fryer-b,fryer,"Kemple and Snipes, 2000",7,eric,ED466673,Living Traditions--A Teacher's Guide: Teaching Local History Using State and National Learning Standards.,2001,"Skelding, Mark; Kemple, Martin; Kiefer, Joseph",https://eric.ed.gov/?id=ED466673,,5,,0,,,
473,473-kemple-2000,fryer-b,fryer,"Kemple and Snipes, 2000",8,eric,EJ613561,Nurturing Creativity in Early Childhood Education: Families Are Part of It.,2000,"Kemple, Kristen M.; Nissenberg, Shari A.",https://eric.ed.gov/?id=EJ613561,,5,,0,,,
487,487-kim-2006,fryer-b,fryer,"Kim, 2006",1,crossref,10.1109/isemc.2006.1706389,Design and analysis of improved multi-module memory bus using wilkinson power divider,2006,Jingook Kim; Eakhwan Song; Jaemin Kim; Kim; Myunghee Sung; Jonghoon Kim; Byungse So,https://doi.org/10.1109/isemc.2006.1706389,,5,,0,ambiguous,,
487,487-kim-2006,fryer-b,fryer,"Kim, 2006",2,crossref,10.1145/1179622.1179750,A unified framework for 3D non-photorealistic rendering,2006,Kim; Kim; Kim; Koo,https://doi.org/10.1145/1179622.1179750,,5,,0,,,
487,487-kim-2006,fryer-b,fryer,"Kim, 2006",3,crossref,10.1055/s-2006-941929,Synthesis of (-)-Lepadiformine,2006,Kim; Lee; Lee; Kim; Ko; Kim,https://doi.org/10.1055/s-2006-941929,,5,,0,,,
487,487-kim-2006,fryer-b,fryer,"Kim, 2006",4,crossref,10.1061/40889(201)15,A Study on Actual Wind Load Distributions Derived by Advanced Conditional Sampling Method,2006,Kim; Kim; Kim,https://doi.org/10.1061/40889(201)15,,5,,0,,,
487,487-kim-2006,fryer-b,fryer,"Kim, 2006",5,crossref,10.1057/9780230626706,Newly Industrialising Economies and International Competitiveness,2006,Kim; Kim,https://doi.org/10.1057/9780230626706,,5,,0,,,
487,487-kim-2006,fryer-b,fryer,"Kim, 2006",6,eric,EJ806837,Profiles of School Administrators in South Korea: A Comparative Perspective,2005,"Kim, Songmi; Kim, Eugene P.",https://eric.ed.gov/?id=EJ806837,,5,,0,,,
487,487-kim-2006,fryer-b,fryer,"Kim, 2006",7,eric,EJ1136434,Using a Comprehensive Leadership Framework as a Scholarship and Teaching Tool,2006,"Boyce, Kim",https://eric.ed.gov/?id=EJ1136434,,5,,0,,,
487,487-kim-2006,fryer-b,fryer,"Kim, 2006",8,eric,EJ1073450,A Degree of Independence: Teachers' Approaches to Instrumental Tuition in a University College,2005,"Burwell, Kim",https://eric.ed.gov/?id=EJ1073450,,5,,0,,,
488,488-kim-2007,fryer-b,fryer,"Kim, 2007",1,eric,EJ793625,The Effect of Interlocutor Proficiency on the Collaborative Dialogue between Korean as a Second Language Learners,2008,"Kim, YouJin; McDonough, Kim",https://eric.ed.gov/?id=EJ793625,,6,,0,low-margin,,
488,488-kim-2007,fryer-b,fryer,"Kim, 2007",2,crossref,10.1055/s-2007-968388,"Synthesis of (-)-Cladiella-6,11-dien-3-ol",2007,Kim; Kim; Lee; Kim; Kim,https://doi.org/10.1055/s-2007-968388,,5,,0,,,
488,488-kim-2007,fryer-b,fryer,"Kim, 2007",3,crossref,10.1109/iccit.2007.4420413,Dynamic Business Process Management Based on Process Change Patterns,2007,Kim; Kim; Kim,https://doi.org/10.1109/iccit.2007.4420413,,5,crossref:10.1109/iccit.2007.91,0,,,
488,488-kim-2007,fryer-b,fryer,"Kim, 2007",4,crossref,10.1109/iccit.2007.4420570,Semantic Business Registry Information Model,2007,Roh; Kim; Kim; Kim; Son,https://doi.org/10.1109/iccit.2007.4420570,,5,,0,,,
488,488-kim-2007,fryer-b,fryer,"Kim, 2007",5,crossref,10.1055/s-2007-968606,Synthesis of (+)-3-(Z)-Laureatin,2007,Kim; Kim; Lee; Lee; Kim,https://doi.org/10.1055/s-2007-968606,,5,,0,,,
488,488-kim-2007,fryer-b,fryer,"Kim, 2007",6,eric,EJ791912,The Effects of the Coordination Support on Shared Mental Models and Coordinated Action,2008,"Kim, Hyunsong; Kim, Dongsik",https://eric.ed.gov/?id=EJ791912,,5,,0,,,
488,488-kim-2007,fryer-b,fryer,"Kim, 2007",7,eric,EJ831152,Learners' Production of Passives during Syntactic Priming Activities,2008,"Kim, Youjin; McDonough, Kim",https://eric.ed.gov/?id=EJ831152,,5,,0,,,
488,488-kim-2007,fryer-b,fryer,"Kim, 2007",8,eric,ED643536,The Effects of Children's Perceptions of Attachment Security and Emotion Regulation on School Disengagement among Elementary School Truants,2008,Heeyoung Kim,https://eric.ed.gov/?id=ED643536,,5,,0,,,
574,574-mayer-2002,fryer-b,fryer,"Mayer et al., 2002",1,fryer,,"Mayer, Daniel, Paul Peterson, David Myers, Christina Clark Tuttle, William Howell. 2002. “School Choice in New York City After Three Years: An Evaluation of the School Choice Scholarships Pro- gram. Final Report.” Princeton, NJ: Mathematica Policy Research. 93",2002,mayer,,,6,,1,fryer-reflist,,"Mayer, Daniel, Paul Peterson, David Myers, Christina Clark Tuttle, William Howell. 2002. “School Choice in New York City After Three Years: An Evaluation of the School Choice Scholarships Pro- gram. Final Report.” Princeton, NJ: Mathematica Policy Research. 93"
576,576-maynard-1979,fryer-b,fryer,"Maynard & Murname, 1979",1,crossref,10.2307/145317,The Effects of a Negative Income Tax on School Performance: Results of an Experiment,1979,Maynard; Murnane,https://doi.org/10.2307/145317,,7,,1,fryer-reflist+crossref,,"Maynard, Rebecca, and Richard Murnane. 1979. “The Effects of a Negative Income Tax on School Performance: Results of an Experiment.” The Journal of Human Resources, 14(4): 463-476."
605,605-miller-2007,fryer-b,fryer,"Miller and Jaciw, 2007",1,eric,EJ1097385,"Constructing a Writer's Voice: Ethos, Tim Cahill, and the Jonestown Massacre",2007,"Miller, Rich",https://eric.ed.gov/?id=EJ1097385,https://files.eric.ed.gov/fulltext/EJ1097385.pdf,5,,0,ambiguous,,
605,605-miller-2007,fryer-b,fryer,"Miller and Jaciw, 2007",2,eric,EJ1081052,"Writing on the Soul: Technology, Writing, and the Legacy of Plato",2008,"Miller, Paul",https://eric.ed.gov/?id=EJ1081052,https://files.eric.ed.gov/fulltext/EJ1081052.pdf,5,,0,,,
605,605-miller-2007,fryer-b,fryer,"Miller and Jaciw, 2007",3,eric,EJ1005823,Neighbors Engaging in Dialogue: A University-Community Partnership,2008,"Miller, Pete",https://eric.ed.gov/?id=EJ1005823,https://files.eric.ed.gov/fulltext/EJ1005823.pdf,5,,0,,,
605,605-miller-2007,fryer-b,fryer,"Miller and Jaciw, 2007",4,eric,ED498652,Six Approaches to Post-16 Citizenship: 3. Citizenship through Group Tutorial and Enrichment Programmes,2007,"Miller, Andrew",https://eric.ed.gov/?id=ED498652,https://files.eric.ed.gov/fulltext/ED498652.pdf,5,,0,,,
605,605-miller-2007,fryer-b,fryer,"Miller and Jaciw, 2007",5,eric,ED504229,"Increasing Access to Preschool: Recommendations for Reducing Barriers to Providing Full-day, Full-year Programs. Policy Brief",2008,"Miller, Kate",https://eric.ed.gov/?id=ED504229,https://files.eric.ed.gov/fulltext/ED504229.pdf,5,,0,,,
605,605-miller-2007,fryer-b,fryer,"Miller and Jaciw, 2007",6,eric,ED501191,A Mixed Methods Study of Shared Leadership in a K-12 School District Enhanced by a Case Study of the Former Superintendent's Role,2008,"Miller, Ronald",https://eric.ed.gov/?id=ED501191,https://files.eric.ed.gov/fulltext/ED501191.pdf,5,,0,,,
605,605-miller-2007,fryer-b,fryer,"Miller and Jaciw, 2007",7,eric,ED501887,Assessment in Cycles of Improvement: Faculty Designs for Essential Learning Outcomes,2007,"Miller, Ross",https://eric.ed.gov/?id=ED501887,,5,,0,,,
605,605-miller-2007,fryer-b,fryer,"Miller and Jaciw, 2007",8,eric,EJ743338,How Collaboration and Research Can Affect School Counseling Practices: The Minnesota Story,2006,"Miller, Dean",https://eric.ed.gov/?id=EJ743338,,5,,0,,,
633,633-dumont-2012,fryer-b,fryer,"Newman et al., 2012",1,crossref,10.1037/t21366-000,Educational Outcome Measures,2012,Dumont; Trautwein; Lüdtke; Neumann; Niggli; Schnyder,https://doi.org/10.1037/t21366-000,,10,,0,ambiguous,,
633,633-dumont-2012,fryer-b,fryer,"Newman et al., 2012",2,crossref,10.1037/t21365-000,Parental Homework Involvement Measure,2012,Dumont; Trautwein; Lüdtke; Neumann; Niggli; Schnyder,https://doi.org/10.1037/t21365-000,,10,,0,,,
633,633-dumont-2012,fryer-b,fryer,"Newman et al., 2012",3,crossref,10.1016/j.cedpsych.2011.09.004,Does parental homework involvement mediate the relationship between family background and educational outcomes?,2012,Dumont; Trautwein; Lüdtke; Neumann; Niggli; Schnyder,https://doi.org/10.1016/j.cedpsych.2011.09.004,,10,eric:EJ953688,0,,,
633,633-dumont-2012,fryer-b,fryer,"Newman et al., 2012",4,crossref,10.2378/peu2012.art08d,Familiärer Hintergrund und die Qualität elterlicher Hausaufgabenhilfe,2012,Dumont; Trautwein; Lüdtke,https://doi.org/10.2378/peu2012.art08d,,7,,0,,,
633,633-dumont-2012,fryer-b,fryer,"Newman et al., 2012",5,eric,EJ1018905,Tracking Effects Depend on Tracking Type: An International Comparison of Students' Mathematics Self-Concept,2013,"Chmielewski, Anna K.; Dumont, Hanna; Trautwein, Ulrich",https://eric.ed.gov/?id=EJ1018905,,6,,0,,,
633,633-dumont-2012,fryer-b,fryer,"Newman et al., 2012",6,eric,EJ1010343,"What about the Child's Tie to the Father? A New Insight into Fathering, Father-Child Attachment, Children's Socio-Emotional Development and the Activation Relationship Theory",2013,"Dumont, Caroline; Paquette, Daniel",https://eric.ed.gov/?id=EJ1010343,,5,,0,,,
633,633-dumont-2012,fryer-b,fryer,"Newman et al., 2012",7,eric,EJ1011206,Is Father-Child Rough-and-Tumble Play Associated with Attachment or Activation Relationships?,2013,"Paquette, Daniel; Dumont, Caroline",https://eric.ed.gov/?id=EJ1011206,,5,,0,,,
633,633-dumont-2012,fryer-b,fryer,"Newman et al., 2012",8,eric,EJ1059071,Curriculum Alignment: Establishing Coherence,2013,"Gagné, Philippe; Dumont, Laurence; Brunet, Sabine; Boucher, Geneviève",https://eric.ed.gov/?id=EJ1059071,https://files.eric.ed.gov/fulltext/EJ1059071.pdf,5,,0,,,
642,642-nunnery-2006,fryer-b,fryer,"Nunnery et al., 2006",1,crossref,10.1207/s15327671espr1101_1,A Randomized Experimental Evaluation of the Impact of Accelerated Reader/Reading Renaissance Implementation on Reading Achievement in Grades 3 to 6,2006,Nunnery; Ross; McDonald,https://doi.org/10.1207/s15327671espr1101_1,,8,eric:EJ733705,1,api-crossref,,
642,642-nunnery-2006,fryer-b,fryer,"Nunnery et al., 2006",2,crossref,10.1207/s15327671espr0904_3,Using School Reform Models to Improve Reading Achievement: A Longitudinal Study of Direct Instruction and Success For All in an Urban District,2004,Ross; Nunnery; Goldfeder; McDonald; Rachor; Hornbeck; Fleischman,https://doi.org/10.1207/s15327671espr0904_3,,6,,0,,,
642,642-nunnery-2006,fryer-b,fryer,"Nunnery et al., 2006",3,eric,ED484275,The Effect of School Renaissance on Student Achievement in Two Mississippi School Districts,2005,"Ross, Steven M.; Nunnery, John A.",https://eric.ed.gov/?id=ED484275,https://files.eric.ed.gov/fulltext/ED484275.pdf,6,eric:ED500028,0,,,
642,642-nunnery-2006,fryer-b,fryer,"Nunnery et al., 2006",4,eric,EJ945974,Program Evaluations in Peer Helping: Essential Steps,2007,"Starkey, Donna; Nunnery, Roseanne; Spereris, Carl J.",https://eric.ed.gov/?id=EJ945974,,5,,0,,,
642,642-nunnery-2006,fryer-b,fryer,"Nunnery et al., 2006",5,eric,EJ747976,Principal Quality: A Virginia Study Connecting Interstate School Leaders Licensure  Consortium Standards with Student Achievement,2005,"Kaplan, Leslie S.; Owings, William A.; Nunnery, John",https://eric.ed.gov/?id=EJ747976,,5,,0,,,
642,642-nunnery-2006,fryer-b,fryer,"Nunnery et al., 2006",6,eric,EJ846514,"Principal Quality, ISLLC Standards, and Student Achievement: A Virginia Study",2005,"Owings, William A.; Kaplan, Leslie S.; Nunnery, John",https://eric.ed.gov/?id=EJ846514,,5,,0,,,
642,642-nunnery-2006,fryer-b,fryer,"Nunnery et al., 2006",7,eric,EJ748001,Teacher Quality and Troops to Teachers: A National Study with Implications for Principals,2006,"Owings, William A.; Kaplan, Leslie S.; Nunnery, John; Marzano, Robert; Myran, Stephen; Blackburn, David",https://eric.ed.gov/?id=EJ748001,,5,,0,,,
642,642-nunnery-2006,fryer-b,fryer,"Nunnery et al., 2006",8,crossref,10.1007/978-1-137-05733-4_3,Musical Leadership in the Nunnery,2006,Yardley,https://doi.org/10.1007/978-1-137-05733-4_3,,2,,0,,,
643,643-nussbaum-2010,fryer-b,fryer,"Nussbaum, 2010",1,crossref,10.1353/dss.2010.0006,Martha Nussbaum,2010,Nussbaum,https://doi.org/10.1353/dss.2010.0006,,5,,0,ambiguous,,
643,643-nussbaum-2010,fryer-b,fryer,"Nussbaum, 2010",2,crossref,10.1002/14651858.cd008296,Paliperidone palmitate for schizophrenia,2010,Nussbaum; Stroup,https://doi.org/10.1002/14651858.cd008296,,5,,0,,,
643,643-nussbaum-2010,fryer-b,fryer,"Nussbaum, 2010",3,crossref,10.26512/plunb.345.c2716,Capacidades e justiça social,2010,Nussbaum,https://doi.org/10.26512/plunb.345.c2716,,5,,0,,,
643,643-nussbaum-2010,fryer-b,fryer,"Nussbaum, 2010",4,crossref,10.1037/e530522011-008,Brain Health and Neural Energies,2010,Nussbaum,https://doi.org/10.1037/e530522011-008,,5,,0,,,
643,643-nussbaum-2010,fryer-b,fryer,"Nussbaum, 2010",5,eric,ED517276,"The Effects of ""Brain Gym"" as a General Education Intervention: Improving Academic Performance and Behaviors",2010,"Nussbaum, Sherri S.",https://eric.ed.gov/?id=ED517276,,5,,0,,,
643,643-nussbaum-2010,fryer-b,fryer,"Nussbaum, 2010",6,eric,EJ861161,"Education for Profit, Education for Freedom",2009,"Nussbaum, Martha C.",https://eric.ed.gov/?id=EJ861161,https://files.eric.ed.gov/fulltext/EJ861161.pdf,5,,0,,,
643,643-nussbaum-2010,fryer-b,fryer,"Nussbaum, 2010",7,eric,EJ922606,"Argumentation, Dialogue Theory, and Probability Modeling: Alternative Frameworks for Argumentation Research in Education",2011,"Nussbaum, E. Michael",https://eric.ed.gov/?id=EJ922606,,5,,0,,,
643,643-nussbaum-2010,fryer-b,fryer,"Nussbaum, 2010",8,eric,EJ853309,Teaching Competencies for Technology Integration in the Classroom,2009,"Guzman, A.; Nussbaum, M.",https://eric.ed.gov/?id=EJ853309,,5,,0,,,
717,717-randel-2011,fryer-b,fryer,"Randel et al., 2011",1,crossref,10.1080/00220671.2014.992581,Impacts of professional development in classroom assessment on teacher and student outcomes,2016,Randel; Apthorp; Beesley; Clark; Wang,https://doi.org/10.1080/00220671.2014.992581,,9,,1,fryer-reflist+crossref,,"Randel, Bruce, Andrea Beesley, Helen Apthorp, Tedra Clark, Xin Wang, Louis Cicchinelli, and Jean Williams. 2011. “Classroom Assessment for Student Learning: Impact on Elementary School Math- ematics in the Central Region.” Washington, D.C.: National Center for Educational Evaluation and Regional Assistance."
728,728-reis-2008,fryer-b,fryer,"Reis et al., 2008",1,eric,EJ827732,Committing Treason to Oneself: Neglecting the Effectiveness of Translated Activities in Science and Environmental Education,2009,"Reis, Giuliano",https://eric.ed.gov/?id=EJ827732,,5,,0,ambiguous,,
728,728-reis-2008,fryer-b,fryer,"Reis et al., 2008",2,eric,EJ807468,Families as Niches during Communism in East Germany: Consequences for Parent-Child Relationships during Times of Change,2008,"Reis, Olaf",https://eric.ed.gov/?id=EJ807468,,5,,0,,,
728,728-reis-2008,fryer-b,fryer,"Reis et al., 2008",3,eric,EJ760622,Bad Luck or Bad Decisions: College Students' Perceptions of the Reasons for and Consequences of Their Alcohol Overdose,2007,"Reis, Janet",https://eric.ed.gov/?id=EJ760622,,5,,0,,,
728,728-reis-2008,fryer-b,fryer,"Reis et al., 2008",4,eric,EJ861393,Gross's Anatomy: Textual Politics in Science/Biology Education Research,2009,"Reis, Giuliano",https://eric.ed.gov/?id=EJ861393,,5,,0,,,
728,728-reis-2008,fryer-b,fryer,"Reis et al., 2008",5,eric,EJ857659,Making Sense of the Senseless: The Murder of Lawrence King,2009,"Reis, Beth",https://eric.ed.gov/?id=EJ857659,,5,eric:EJ866707,0,,,
728,728-reis-2008,fryer-b,fryer,"Reis et al., 2008",6,eric,EJ757418,No Child Left Bored,2007,"Reis, Sally M.",https://eric.ed.gov/?id=EJ757418,,5,,0,,,
728,728-reis-2008,fryer-b,fryer,"Reis et al., 2008",7,eric,EJ756904,Teachers' Conceptions of Teacher-Research and Self-Perceptions as Enquiring Practitioners--A Longitudinal Case Study,2007,"Reis-Jorge, Jose",https://eric.ed.gov/?id=EJ756904,,5,,0,,,
728,728-reis-2008,fryer-b,fryer,"Reis et al., 2008",8,eric,EJ768525,Reflecting on Scientists' Activity Based on Science Fiction Stories Written by Secondary Students,2007,"Reis, Pedro; Galvao, Cecilia",https://eric.ed.gov/?id=EJ768525,,5,,0,,,
740,740-riccio-2010,fryer-b,fryer,"Riccio et al., 2010",1,crossref,10.1002/9781118269954,Neuropsychological Assessment and Intervention for Childhood and Adolescent Disorders,2010,Riccio; Sullivan; Cohen,https://doi.org/10.1002/9781118269954,,7,,0,ambiguous,,
740,740-riccio-2010,fryer-b,fryer,"Riccio et al., 2010",2,crossref,10.1080/09084281003708852,Language Functioning and Deficits Following Pediatric Traumatic Brain Injury,2010,Sullivan; Riccio,https://doi.org/10.1080/09084281003708852,,7,,0,,,
740,740-riccio-2010,fryer-b,fryer,"Riccio et al., 2010",3,eric,EJ948256,Content-Driven Literacy: One Approach to Urban Secondary Teacher Education,2011,"Marri, Anand R.; Perin, Dolores; Crocco, Margaret S.; Riccio, Jessica F.; Rivet, Ann; Chase, Beth J.",https://eric.ed.gov/?id=EJ948256,,6,,0,,,
740,740-riccio-2010,fryer-b,fryer,"Riccio et al., 2010",4,eric,ED523751,Talent Management in Higher Education: Identifying and Developing Emerging Leaders within the Administration at Private Colleges and Universities,2010,"Riccio, Steven J.",https://eric.ed.gov/?id=ED523751,,5,,0,,,
740,740-riccio-2010,fryer-b,fryer,"Riccio et al., 2010",5,eric,ED514703,Sustained Earnings Gains for Residents in a Public Housing Jobs Program: Seven-Year Findings from the Jobs-Plus Demonstration. Policy Brief,2010,"Riccio, James A.",https://eric.ed.gov/?id=ED514703,https://files.eric.ed.gov/fulltext/ED514703.pdf,5,,0,,,
740,740-riccio-2010,fryer-b,fryer,"Riccio et al., 2010",6,eric,ED517881,Toward Reducing Poverty across Generations: Early Findings from New York City's Conditional Cash Transfer Program,2011,"Miller, Cynthia; Riccio, James",https://eric.ed.gov/?id=ED517881,https://files.eric.ed.gov/fulltext/ED517881.pdf,5,,0,,,
740,740-riccio-2010,fryer-b,fryer,"Riccio et al., 2010",7,eric,EJ952198,Adolescents' Vulnerability to Peer Victimization: Interpersonal and Intrapersonal Predictors,2011,"D'Esposito, Susan E.; Blake, Jamilia; Riccio, Cynthia A.",https://eric.ed.gov/?id=EJ952198,,5,,0,,,
740,740-riccio-2010,fryer-b,fryer,"Riccio et al., 2010",8,eric,EJ1137131,Educational Solutions for Children with Cerebral Palsy,2010,"Driver, Lynn; Omichinski, Donna Riccio; Miller, Nicole; Sandella, Danielle; Warschausky, Seth",https://eric.ed.gov/?id=EJ1137131,https://files.eric.ed.gov/fulltext/EJ1137131.pdf,5,,0,,,
750,750-rockoff-2012,fryer-b,fryer,"Rockoff et al., 2012",1,crossref,10.1257/aer.102.7.3184,Information and Employee Evaluation: Evidence from a Randomized Intervention in Public Schools,2012,Rockoff; Staiger; Kane; Taylor,https://doi.org/10.1257/aer.102.7.3184,,10,,1,fryer-reflist+crossref,,"Rockoff, Jonah, Douglas Staiger, Thomas Kane, and Eric Taylor. 2012. “Information and Employee Evaluation: Evidence from a Randomized Intervention in Public Schools.” American Economic Re- view, 102(7): 3184-3213."
760,760-rouse-1998,fryer-b,fryer,"Rouse, 1998",1,crossref,10.1162/003355398555685,Private School Vouchers and Student Achievement: An Evaluation of the Milwaukee Parental Choice Program,1998,Rouse,https://doi.org/10.1162/003355398555685,,7,,1,fryer-reflist+crossref,,"Rouse, Cecilia Elena. 1998. “Private School Vouchers and Student Achievement: An Evaluation of the Milwaukee Parental Choice Program.” The Quarterly Journal of Economics, 113(2): 553-602."
775,775-sallis-1999,fryer-b,fryer,"Sallis et al., 1999",1,crossref,10.1080/02701367.1999.10608030,Effects of Health-Related Physical Education on Academic Achievement: Project SPARK,1999,Sallis; McKenzie; Kolody; Lewis; Marshall; Rosengard,https://doi.org/10.1080/02701367.1999.10608030,,10,,1,api-crossref,,
775,775-sallis-1999,fryer-b,fryer,"Sallis et al., 1999",2,crossref,10.1123/pes.11.2.158,"Children’s Physical Activity Choices: A Developmental Analysis of Gender, Intensity Levels, and Time",1999,Hovell; Sallis; Kolody; McKenzie,https://doi.org/10.1123/pes.11.2.158,,7,,0,,,
775,775-sallis-1999,fryer-b,fryer,"Sallis et al., 1999",3,crossref,10.4278/0890-1171-12.6.363,"Children's Television Viewing, Body Fat, and Physical Fitness",1998,Armstrong; Sallis; Alcaraz; Kolody; McKenzie; Hovell,https://doi.org/10.4278/0890-1171-12.6.363,,7,eric:EJ571141,0,,,
775,775-sallis-1999,fryer-b,fryer,"Sallis et al., 1999",4,eric,ED420656,Habitual Physical Activity of Classroom Teachers: Does It Relate to Their Conduct of Physical Education Classes?,1998,"LaMaster, Kathryn; McKenzie, Thom; Marshall, Simon; Sallis, James",https://eric.ed.gov/?id=ED420656,https://files.eric.ed.gov/fulltext/ED420656.pdf,7,,0,,,
775,775-sallis-1999,fryer-b,fryer,"Sallis et al., 1999",5,eric,EJ596263,Ethnic and Gender Differences in Request for and Use of Low/Non-Fat Foods in Bag Lunches.,1999,"Jones, LaShanda R.; Sallis, James F.; Conway, Terry L.; Marshall, Simon J.; Pelletier, Robin L.",https://eric.ed.gov/?id=EJ596263,,6,,0,,,
775,775-sallis-1999,fryer-b,fryer,"Sallis et al., 1999",6,crossref,10.1080/07303084.1996.10604833,Assessing District Administrators' Perceptions of Elementary School Physical Education,1996,Sallis; Mckenzie; Kolody; Curtis,https://doi.org/10.1080/07303084.1996.10604833,,5,,0,,,
775,775-sallis-1999,fryer-b,fryer,"Sallis et al., 1999",7,crossref,10.1080/10556699.1995.10603153,Comparison of Fourth Grade Students' Out-of-School Physical Activity Levels and Choices by Gender: Project SPARK,1995,Faucette; Sallis; McKenzie; Alcaraz; Kolody; Nugent,https://doi.org/10.1080/10556699.1995.10603153,,5,,0,,,
776,776-sanbonmatsu-2006,fryer-b,fryer,"Sanbonmatsu et al., 2006",1,crossref,10.3386/w11909,Neighborhoods and Academic Achievement: Results from the Moving to Opportunity Experiment,2006,Sanbonmatsu; Kling; Duncan; Brooks-Gunn,https://doi.org/10.3386/w11909,,8,eric:ED490834 eric:EJ750948,0,ambiguous,,
776,776-sanbonmatsu-2006,fryer-b,fryer,"Sanbonmatsu et al., 2006",2,crossref,10.3368/jhr.xli.4.649,Neighborhoods and Academic Achievement,2006,Sanbonmatsu; Kling; Duncan; Brooks-Gunn,https://doi.org/10.3368/jhr.xli.4.649,,8,,0,,,
776,776-sanbonmatsu-2006,fryer-b,fryer,"Sanbonmatsu et al., 2006",3,crossref,10.3386/w18772,Long-Term Neighborhood Effects on Low-Income Families: Evidence from Moving to Opportunity,2013,Ludwig; Duncan; Gennetian; Katz; Kessler; Kling; Sanbonmatsu,https://doi.org/10.3386/w18772,,5,,0,,,
776,776-sanbonmatsu-2006,fryer-b,fryer,"Sanbonmatsu et al., 2006",4,crossref,10.3886/icpsr34860.v2,"Moving to Opportunity: Final Impacts Evaluation Science Article Data, 2008-2010",2013,Ludwig; Duncan; Gennetian; Katz; Kessler; Kling; Sanbonmatsu,https://doi.org/10.3886/icpsr34860.v2,,5,crossref:10.3886/icpsr34860,0,,,
826,826-slavin-1985,fryer-b,fryer,"Slavin and Karweit, 1985",1,crossref,10.2307/1162968,"Effects of Whole Class, Ability Grouped, and Individualized Instruction on Mathematics Achievement",1985,Slavin; Karweit,https://doi.org/10.2307/1162968,,7,crossref:10.3102/00028312022003351,0,ambiguous,,
826,826-slavin-1985,fryer-b,fryer,"Slavin and Karweit, 1985",2,crossref,10.1037/e406622004-001,"Mathematics achievement effects of three levels of individualization: Whole class, ability grouped, and individualized instruction.",1984,Slavin; Karweit,https://doi.org/10.1037/e406622004-001,,7,,0,,,
826,826-slavin-1985,fryer-b,fryer,"Slavin and Karweit, 1985",3,crossref,10.1037/e454282004-001,Student teams and mastery learning: A factorial experiment in urban math nine classes.,1982,Slavin; Karweit,https://doi.org/10.1037/e454282004-001,,5,,0,,,
826,826-slavin-1985,fryer-b,fryer,"Slavin and Karweit, 1985",4,eric,EJ323862,The Appel's Arts and Music Center Offers Something Extra.,1985,"Slavin, Joan",https://eric.ed.gov/?id=EJ323862,,5,,0,,,
826,826-slavin-1985,fryer-b,fryer,"Slavin and Karweit, 1985",5,eric,ED348174,Ability Grouping and Student Achievement in Elementary Schools: A Best-Evidence Synthesis. Report No. 1.,1986,"Slavin, Robert E.",https://eric.ed.gov/?id=ED348174,https://files.eric.ed.gov/fulltext/ED348174.pdf,5,,0,,,
826,826-slavin-1985,fryer-b,fryer,"Slavin and Karweit, 1985",6,eric,ED276214,Procedural Treatment of Individual Student Record Form [Form 13] Data. Working Paper No. 5.,1986,"Smith, Kay Slavin",https://eric.ed.gov/?id=ED276214,https://files.eric.ed.gov/fulltext/ED276214.pdf,5,,0,,,
826,826-slavin-1985,fryer-b,fryer,"Slavin and Karweit, 1985",7,eric,ED250236,Caribbeana: A Guide to Reference Sources.,1984,"Slavin, Suzy, Comp.",https://eric.ed.gov/?id=ED250236,,5,,0,,,
826,826-slavin-1985,fryer-b,fryer,"Slavin and Karweit, 1985",8,eric,EJ346014,The Napa Evaluation of Madeline Hunter's ITIP: Lessons Learned.,1986,"Slavin, Robert E.",https://eric.ed.gov/?id=EJ346014,,5,,0,,,
854,854-springer-2010,fryer-b,fryer,"Springer et al., 2010",1,crossref,10.1162/edfp_a_00061,POINT/CounterPOINT: The View from the Trenches of Education Policy Research,2012,Ballou; Springer; McCaffrey; Lockwood; Stecher; Hamilton; Pepper,https://doi.org/10.1162/edfp_a_00061,,9,,1,fryer-reflist+crossref,,"Springer, Matthew, Dale Ballou, Laura Hamilton, Vi-Nhuan Le, J.R. Lockwood, Daniel F. McCaffrey, Matthew Pepper, and Brian M. Stecher. 2010. “Teacher Pay for Performance.” Nashville, TN: NCPI."
855,855-springer-2012,fryer-b,fryer,"Springer et al., 2012",1,crossref,10.3102/0162373712439094,Team Pay for Performance,2012,Springer; Pane; Le; McCaffrey; Burns; Hamilton; Stecher,https://doi.org/10.3102/0162373712439094,,12,,1,fryer-reflist+crossref,,"Springer, Matthew, John Pane, Vi-Nhuan Le, Daniel F. McCaffrey, Susan Burns, Laura Hamilton, and Brian M. Stecher. 2012. “Team Pay for Performance.” Educational Evaluation and Policy Analysis, 34(4): 367-390. 98"
923,923-tuttle-2013,fryer-b,fryer,"Tuttle et al., 2013",1,crossref,10.1162/edfp_a_00119,Do KIPP Schools Boost Student Achievement?,2014,Gleason; Tuttle; Gill; Nichols-Barrer; Teh,https://doi.org/10.1162/edfp_a_00119,,10,,1,fryer-reflist+crossref,,"Tuttle, Christina, Brian Gill, Phillip Gleason, Virginia Knechtel, Ira Nichols-Barrer, and Alexandra Resch. 2013. “KIPP Middle Schools: Impacts on Achievement and Other Outcomes. Final Report.” Princeton, NJ: Mathematica Policy Research."
985,985-mitchem-2001,fryer-b,fryer,"West et al., 2001",1,eric,EJ635097,CWPASM: A Classwide Peer-Assisted Self-Management Program for General Education Classrooms.,2001,"Mitchem, Katherine J.; Young, K. Richard; West, Richard P.; Benyo, Julieann",https://eric.ed.gov/?id=EJ635097,,8,,0,low-margin,,
985,985-mitchem-2001,fryer-b,fryer,"West et al., 2001",2,crossref,10.1177/105345120003500410,"Changing Student, Parent, and Faculty Perceptions",2000,Mitchem; Young; West,https://doi.org/10.1177/105345120003500410,,7,,0,,,
985,985-mitchem-2001,fryer-b,fryer,"West et al., 2001",3,crossref,10.1177/074193250102200202,Adapting Self-Management Programs for Classwide Use,2001,Mitchem; Young,https://doi.org/10.1177/074193250102200202,,6,,0,,,
985,985-mitchem-2001,fryer-b,fryer,"West et al., 2001",4,eric,ED439868,A Classwide Peer-Assisted Self-Management Program All Teachers Can Use: Adaptations and Implications for Rural Educators.,2000,"Mitchem, Katherine; Benyo, Julieann",https://eric.ed.gov/?id=ED439868,https://files.eric.ed.gov/fulltext/ED439868.pdf,6,,0,,,
985,985-mitchem-2001,fryer-b,fryer,"West et al., 2001",5,eric,EJ623231,"Adapting Self-Management Programs for Classwide Use: Acceptability, Feasibility, and Effectiveness.",2001,"Mitchem, Katherine J.; Young, K. Richard",https://eric.ed.gov/?id=EJ623231,,6,,0,,,
985,985-mitchem-2001,fryer-b,fryer,"West et al., 2001",6,eric,ED453034,Implementing and Evaluating Effective Professional Development in Functional Behavioral Assessment in Rural Schools.,2001,"Mitchem, Katherine; Richards, Ann; Wells, Deborah",https://eric.ed.gov/?id=ED453034,https://files.eric.ed.gov/fulltext/ED453034.pdf,5,,0,,,
985,985-mitchem-2001,fryer-b,fryer,"West et al., 2001",7,eric,ED470144,Trek 21: Building Teachers' Capacity To Develop IT-Integrated Units with Student Engagement.,2001,"White, Karissa; Kolar, Barry; Mitchem, Tim; Wells, John",https://eric.ed.gov/?id=ED470144,https://files.eric.ed.gov/fulltext/ED470144.pdf,5,,0,,,
985,985-mitchem-2001,fryer-b,fryer,"West et al., 2001",8,crossref,10.1201/9780203908082.ch3,Meat Color,2001,Young; West,https://doi.org/10.1201/9780203908082.ch3,,4,,0,,,
997,997-wijekumar-2012,fryer-b,fryer,"Wijekumar et al., 2012",1,crossref,10.1037/e624272013-001,Assessment of Comprehension and Writing in Intelligent Tutoring Systems,2013,Wijekumar; Meyer; Pirnay-Dummer; Lei,https://doi.org/10.1037/e624272013-001,,8,,0,ambiguous,,
997,997-wijekumar-2012,fryer-b,fryer,"Wijekumar et al., 2012",2,crossref,10.1007/s11423-012-9263-4,Large-scale randomized controlled trial with 4th graders using intelligent tutoring of the structure strategy to improve nonfiction reading comprehension,2012,Wijekumar; Meyer; Lei,https://doi.org/10.1007/s11423-012-9263-4,,8,eric:EJ986753,0,,,
997,997-wijekumar-2012,fryer-b,fryer,"Wijekumar et al., 2012",3,crossref,10.1016/j.compedu.2013.05.021,High-fidelity implementation of web-based intelligent tutoring system improves fourth and fifth graders content area reading comprehension,2013,Wijekumar; Meyer; Lei,https://doi.org/10.1016/j.compedu.2013.05.021,,8,,0,,,
997,997-wijekumar-2012,fryer-b,fryer,"Wijekumar et al., 2012",4,eric,EJ914858,Individualizing a Web-Based Structure Strategy Intervention for Fifth Graders' Comprehension of Nonfiction,2011,"Meyer, Bonnie J. F.; Wijekumar, Kausalai K.; Lin, Yu-Chu",https://eric.ed.gov/?id=EJ914858,,7,,0,,,
997,997-wijekumar-2012,fryer-b,fryer,"Wijekumar et al., 2012",5,crossref,10.1037/edu0000168,Web-based text structure strategy instruction improves seventh graders’ content area reading comprehension.,2017,Wijekumar; Meyer; Lei,https://doi.org/10.1037/edu0000168,,6,,0,,,
997,997-wijekumar-2012,fryer-b,fryer,"Wijekumar et al., 2012",6,crossref,10.1007/978-3-319-30295-9_7,Improving Content Area Reading Comprehension with 4–6th Grade Spanish ELLs Using Web-Based Structure Strategy Instruction,2016,Wijekumar; Meyer; Lei,https://doi.org/10.1007/978-3-319-30295-9_7,,6,,0,,,
1010,1010-wolf-2010,fryer-b,fryer,"Wolf et al., 2010",1,crossref,10.1002/pam.21691,"School Vouchers and Student Outcomes: Experimental Evidence from
                    W
                    ashington,
                    DC",2013,Wolf; Kisida; Gutmann; Puma; Eissa; Rizzo,https://doi.org/10.1002/pam.21691,,10,,1,fryer-reflist+crossref,,"Wolf, Patrick, Babette Gutmann, Michael Puma, Brian Kisida, Lou Rizzo, Nada Elissa, and Matthew Carr. 2010. “Evaluation of the DC Opportunity Scholarship Program.” Washington, D.C.: National Center for Education Evaluation and Regional Assistance."
89,89-black-2009,other,ies90,"Black, Somers, Doolittle, Unterman, and Grossman, 2009",1,eric,EJ1154981,Mechanics Simulations in Second Life,2010,"Black, Kelly",https://eric.ed.gov/?id=EJ1154981,,5,,0,ambiguous,,
89,89-black-2009,other,ies90,"Black, Somers, Doolittle, Unterman, and Grossman, 2009",2,eric,ED519862,Closing the Achievement Gap: Impact of Inclusion upon Achievement Rates of Students with Special Needs,2010,"Black, Kathleen",https://eric.ed.gov/?id=ED519862,,5,,0,,,
89,89-black-2009,other,ies90,"Black, Somers, Doolittle, Unterman, and Grossman, 2009",3,eric,EJ795346,Best Magazines of 2007,2008,"Black, Steve",https://eric.ed.gov/?id=EJ795346,,5,eric:EJ930074,0,,,
89,89-black-2009,other,ies90,"Black, Somers, Doolittle, Unterman, and Grossman, 2009",4,eric,EJ902574,Digital Transition Portfolios for Secondary Students with Disabilities,2010,"Black, Jenn",https://eric.ed.gov/?id=EJ902574,,5,,0,,,
89,89-black-2009,other,ies90,"Black, Somers, Doolittle, Unterman, and Grossman, 2009",5,eric,EJ867351,Necessity Is the Mother of Invention: Changing Power Dynamics between Teachers and Students in Wired Art Classrooms,2009,"Black, Joanna",https://eric.ed.gov/?id=EJ867351,https://files.eric.ed.gov/fulltext/EJ867351.pdf,5,,0,,,
89,89-black-2009,other,ies90,"Black, Somers, Doolittle, Unterman, and Grossman, 2009",6,eric,EJ867883,Formative Assessment Issues across the Curriculum: The Theory and the Practice,2009,"Black, Paul",https://eric.ed.gov/?id=EJ867883,,5,,0,,,
89,89-black-2009,other,ies90,"Black, Somers, Doolittle, Unterman, and Grossman, 2009",7,eric,EJ842144,Best of 2008: Magazines,2009,"Black, Steve",https://eric.ed.gov/?id=EJ842144,,5,,0,,,
89,89-black-2009,other,ies90,"Black, Somers, Doolittle, Unterman, and Grossman, 2009",8,eric,EJ887508,Promise or Practice? Student Participation in Low Socioeconomic Communities,2010,"Black, Rosalyn",https://eric.ed.gov/?id=EJ887508,,5,,0,,,
108,108-bos-2012,other,ies90,"Bos, Sanchez, Tseng, Rayyes, Ortiz, and Sinicrope, 2012",1,eric,EJ1009795,Strategies to Prepare Middle School and High School Students for College and Career Readiness,2013,"Radcliffe, Rich A.; Bos, Beth",https://eric.ed.gov/?id=EJ1009795,,6,,0,low-margin,,
108,108-bos-2012,other,ies90,"Bos, Sanchez, Tseng, Rayyes, Ortiz, and Sinicrope, 2012",2,crossref,10.26481/spe.20120607gb,Nobelprijs voor Onderwijs,2012,Bos,https://doi.org/10.26481/spe.20120607gb,,5,,0,,,
108,108-bos-2012,other,ies90,"Bos, Sanchez, Tseng, Rayyes, Ortiz, and Sinicrope, 2012",3,crossref,10.1596/13578,Poverty and Health Monitoring Report,2012,Suzuki; Sharan; Bos,https://doi.org/10.1596/13578,,5,,0,,,
108,108-bos-2012,other,ies90,"Bos, Sanchez, Tseng, Rayyes, Ortiz, and Sinicrope, 2012",4,eric,EJ939036,Teachers Preparation Using TPACK when Fidelity of Treatment Is Defined,2011,"Bos, Beth",https://eric.ed.gov/?id=EJ939036,,5,,0,,,
108,108-bos-2012,other,ies90,"Bos, Sanchez, Tseng, Rayyes, Ortiz, and Sinicrope, 2012",5,eric,EJ944163,Mentoring Approaches to Create a College-Going Culture for At-Risk Secondary Level Students,2011,"Radcliffe, Richard; Bos, Beth",https://eric.ed.gov/?id=EJ944163,,5,,0,,,
108,108-bos-2012,other,ies90,"Bos, Sanchez, Tseng, Rayyes, Ortiz, and Sinicrope, 2012",6,eric,EJ940505,Neurodevelopmental Outcome in Preterm Infants,2011,"Bos, Arend F.; Roze, Elise",https://eric.ed.gov/?id=EJ940505,,5,,0,,,
108,108-bos-2012,other,ies90,"Bos, Sanchez, Tseng, Rayyes, Ortiz, and Sinicrope, 2012",7,eric,EJ982798,Performance of Children on the Community Balance and Mobility Scale,2012,"Wright, Marilyn J.; Bos, Cecily",https://eric.ed.gov/?id=EJ982798,,5,,0,,,
108,108-bos-2012,other,ies90,"Bos, Sanchez, Tseng, Rayyes, Ortiz, and Sinicrope, 2012",8,eric,EJ1182163,A Correction Model for Differences in the Sample Compositions: The Degree of Comparability as a Function of Age and Schooling,2013,"Strietholt, Rolf; Rosén, Monica; Bos, Wilfried",https://eric.ed.gov/?id=EJ1182163,,5,,0,,,
139,139-campuzano-2009,other,bee;eef,"Campuzano et al., 2009",1,eric,ED504657,Effectiveness of Reading and Mathematics Software Products: Findings From Two Student Cohorts. NCEE 2009-4041,2009,"Campuzano, Larissa; Dynarski, Mark; Agodini, Roberto; Rall, Kristina",https://eric.ed.gov/?id=ED504657,https://files.eric.ed.gov/fulltext/ED504657.pdf,9,,0,low-margin,,
139,139-campuzano-2009,other,bee;eef,"Campuzano et al., 2009",2,crossref,10.1080/19415531003616839,An experimental assessment of the effects of reading software products on reading test scores,2010,Dynarski; Agodini; Campuzano,https://doi.org/10.1080/19415531003616839,,8,,0,,,
139,139-campuzano-2009,other,bee;eef,"Campuzano et al., 2009",3,crossref,10.1016/b978-008044910-4.00102-4,Informal Sector,2009,Aguilar; Campuzano,https://doi.org/10.1016/b978-008044910-4.00102-4,,5,,0,,,
139,139-campuzano-2009,other,bee;eef,"Campuzano et al., 2009",4,crossref,10.3386/w15387,"Into College, Out of Poverty? Policies to Increase the Postsecondary Attainment of the Poor",2009,Deming; Dynarski,https://doi.org/10.3386/w15387,,3,,0,,,
139,139-campuzano-2009,other,bee;eef,"Campuzano et al., 2009",5,crossref,10.3386/w15549,Accountability and Flexibility in Public Schools: Evidence from Boston's Charters and Pilots,2009,Abdulkadiroglu; Angrist; Dynarski; Kane; Pathak,https://doi.org/10.3386/w15549,,3,,0,,,
139,139-campuzano-2009,other,bee;eef,"Campuzano et al., 2009",6,crossref,10.1162/003465304323023741,Are Experiments the Only Option? A Look at Dropout Prevention Programs,2004,Agodini; Dynarski,https://doi.org/10.1162/003465304323023741,,2,,0,,,
140,140-campuzano-2009,other,ies90,"Campuzano, Dynarski, Agodini, and Rall, 2009",1,eric,ED504657,Effectiveness of Reading and Mathematics Software Products: Findings From Two Student Cohorts. NCEE 2009-4041,2009,"Campuzano, Larissa; Dynarski, Mark; Agodini, Roberto; Rall, Kristina",https://eric.ed.gov/?id=ED504657,https://files.eric.ed.gov/fulltext/ED504657.pdf,9,,0,low-margin,,
140,140-campuzano-2009,other,ies90,"Campuzano, Dynarski, Agodini, and Rall, 2009",2,crossref,10.1080/19415531003616839,An experimental assessment of the effects of reading software products on reading test scores,2010,Dynarski; Agodini; Campuzano,https://doi.org/10.1080/19415531003616839,,8,,0,,,
140,140-campuzano-2009,other,ies90,"Campuzano, Dynarski, Agodini, and Rall, 2009",3,crossref,10.1016/b978-008044910-4.00102-4,Informal Sector,2009,Aguilar; Campuzano,https://doi.org/10.1016/b978-008044910-4.00102-4,,5,,0,,,
140,140-campuzano-2009,other,ies90,"Campuzano, Dynarski, Agodini, and Rall, 2009",4,crossref,10.3386/w15387,"Into College, Out of Poverty? Policies to Increase the Postsecondary Attainment of the Poor",2009,Deming; Dynarski,https://doi.org/10.3386/w15387,,3,,0,,,
140,140-campuzano-2009,other,ies90,"Campuzano, Dynarski, Agodini, and Rall, 2009",5,crossref,10.3386/w15549,Accountability and Flexibility in Public Schools: Evidence from Boston's Charters and Pilots,2009,Abdulkadiroglu; Angrist; Dynarski; Kane; Pathak,https://doi.org/10.3386/w15549,,3,,0,,,
140,140-campuzano-2009,other,ies90,"Campuzano, Dynarski, Agodini, and Rall, 2009",6,crossref,10.1162/003465304323023741,Are Experiments the Only Option? A Look at Dropout Prevention Programs,2004,Agodini; Dynarski,https://doi.org/10.1162/003465304323023741,,2,,0,,,
197,197-cordray-2012,other,ies90,"Cordray, Pion, Brandt, Molefe, and Toby, 2012",1,eric,ED537982,The Impact of the Measures of Academic Progress (MAP) Program on Student Reading Achievement. Final Report. NCEE 2013-4000,2012,"Cordray, David; Pion, Georgine; Brandt, Chris; Molefe, Ayrin; Toby, Megan",https://eric.ed.gov/?id=ED537982,https://files.eric.ed.gov/fulltext/ED537982.pdf,10,eric:ED564093,1,api-eric,,
197,197-cordray-2012,other,ies90,"Cordray, Pion, Brandt, Molefe, and Toby, 2012",2,eric,EJ1042339,Assessment of Native Languages for Food Safety Training Programs for Meat Industry Employees,2012,"Olsen, Sherrlyn S.; Cordray, Joseph C.; Sapp, Stephen; Sebranek, Joseph G.; Anderson, Barbara; Wenger, Matt",https://eric.ed.gov/?id=EJ1042339,,6,,0,,,
197,197-cordray-2012,other,ies90,"Cordray, Pion, Brandt, Molefe, and Toby, 2012",3,eric,EJ1005742,Evaluating Math Recovery: Assessing the Causal Impact of a Diagnostic Tutoring Program on Student Achievement,2013,"Smith, Thomas M.; Cobb, Paul; Farran, Dale C.; Cordray, David S.; Munter, Charles",https://eric.ed.gov/?id=EJ1005742,,5,,0,,,
197,197-cordray-2012,other,ies90,"Cordray, Pion, Brandt, Molefe, and Toby, 2012",4,crossref,10.1037/11384-006,Treatment Strength and Integrity: Models and Methods.,2006,Cordray; Pion,https://doi.org/10.1037/11384-006,,4,,0,,,
197,197-cordray-2012,other,ies90,"Cordray, Pion, Brandt, Molefe, and Toby, 2012",5,crossref,10.1037//0003-066x.42.8.763,Membership opinions about reorganizing APA.,1987,Howard; Pion; Sechrest; Cordray; et al,https://doi.org/10.1037//0003-066x.42.8.763,,4,,0,,,
197,197-cordray-2012,other,ies90,"Cordray, Pion, Brandt, Molefe, and Toby, 2012",6,crossref,10.1037//0003-066x.43.12.1029,Membership opinions about APA: A recent snapshot.,1988,Pion; Howard; Cordray; Sechrest; et al,https://doi.org/10.1037//0003-066x.43.12.1029,,4,,0,,,
197,197-cordray-2012,other,ies90,"Cordray, Pion, Brandt, Molefe, and Toby, 2012",7,crossref,10.1080/10511482.1991.9521065,What's behind the numbers? Definitional issues in counting the homeless,1991,Cordray; Pion,https://doi.org/10.1080/10511482.1991.9521065,,4,,0,,,
197,197-cordray-2012,other,ies90,"Cordray, Pion, Brandt, Molefe, and Toby, 2012",8,crossref,10.1109/memb.2003.1237491,The value of the vaNTH engineering research center,2003,Cordray; Pion; Harris; Norris,https://doi.org/10.1109/memb.2003.1237491,,4,,0,,,
484,484-kim-2011,other,bee;fryer,"Kim et al., 2011",1,eric,EJ950826,Effect of Screen Size on Multimedia Vocabulary Learning,2012,"Kim, Daesang; Kim, Dong-Joong",https://eric.ed.gov/?id=EJ950826,,6,,0,low-margin,,
484,484-kim-2011,other,bee;fryer,"Kim et al., 2011",2,eric,EJ918018,Using Pretask Modelling to Encourage Collaborative Learning Opportunities,2011,"Kim, YouJin; McDonough, Kim",https://eric.ed.gov/?id=EJ918018,,5,,0,,,
484,484-kim-2011,other,bee;fryer,"Kim et al., 2011",3,eric,EJ884116,The Effects of Mathematical Modeling on Creative Production Ability and Self-Directed Learning Attitude,2010,"Kim, Sun Hee; Kim, Soojin",https://eric.ed.gov/?id=EJ884116,,5,,0,,,
484,484-kim-2011,other,bee;fryer,"Kim et al., 2011",4,eric,EJ901233,Distributed Emotions in the Design of Learning Technologies,2010,"Kim, Beaumie; Kim, Mi Song",https://eric.ed.gov/?id=EJ901233,,5,,0,,,
484,484-kim-2011,other,bee;fryer,"Kim et al., 2011",5,eric,EJ1013454,Are Physical Education-Related State Policies and Schools' Physical Education Requirement Related to Children's Physical Activity and Obesity?,2012,"Kim, Jinsook",https://eric.ed.gov/?id=EJ1013454,,5,,0,,,
484,484-kim-2011,other,bee;fryer,"Kim et al., 2011",6,eric,EJ1164629,"""Commentary"": Object and Spatial Visualization in Geosciences",2010,"Kastens, Kim",https://eric.ed.gov/?id=EJ1164629,https://files.eric.ed.gov/fulltext/EJ1164629.pdf,5,,0,,,
484,484-kim-2011,other,bee;fryer,"Kim et al., 2011",7,eric,EJ1127867,Postsecondary Students with Learning Disabilities: Can We Do More?,2012,"Floyd, Kim",https://eric.ed.gov/?id=EJ1127867,https://files.eric.ed.gov/fulltext/EJ1127867.pdf,5,,0,,,
484,484-kim-2011,other,bee;fryer,"Kim et al., 2011",8,eric,EJ1003717,Let's Cancel the Dog-and-Pony Show,2012,"Marshall, Kim",https://eric.ed.gov/?id=EJ1003717,,5,,0,,,
505,505-konstantopoulos-2013,other,bee;fryer,"Konstantopoulos et al., 2013",1,crossref,10.3102/0162373713498930,The Impact of Indiana’s System of Interim Assessments on Mathematics and Reading Achievement,2013,Konstantopoulos; Miller; van der Ploeg,https://doi.org/10.3102/0162373713498930,,7,eric:EJ1019178,0,low-margin,,
505,505-konstantopoulos-2013,other,bee;fryer,"Konstantopoulos et al., 2013",2,crossref,10.1177/0013164413507724,Measuring Instructional Differentiation in a Large-Scale Experiment,2013,Williams; Swanlund; Miller; Konstantopoulos; Eno; van der Ploeg; Meyers,https://doi.org/10.1177/0013164413507724,,6,,0,,,
505,505-konstantopoulos-2013,other,bee;fryer,"Konstantopoulos et al., 2013",3,eric,EJ1020226,Class Size Effects on Reading Achievement Using PIRLS Data: Evidence from Greece,2014,"Konstantopoulos, Spyros; Traynor, Anne",https://eric.ed.gov/?id=EJ1020226,,6,,0,,,
505,505-konstantopoulos-2013,other,bee;fryer,"Konstantopoulos et al., 2013",4,eric,ED530536,Building Measures of Instructional Differentiation from Teacher Checklists,2012,"Williams, Ryan; Swanlund, Andrew; Miller, Shazia; Konstantopoulos, Spyros; van der Ploeg, Arie",https://eric.ed.gov/?id=ED530536,https://files.eric.ed.gov/fulltext/ED530536.pdf,6,,0,,,
505,505-konstantopoulos-2013,other,bee;fryer,"Konstantopoulos et al., 2013",5,eric,EJ1020224,"Teacher Effects, Value-Added Models, and Accountability",2014,"Konstantopoulos, Spyros",https://eric.ed.gov/?id=EJ1020224,,5,,0,,,
505,505-konstantopoulos-2013,other,bee;fryer,"Konstantopoulos et al., 2013",6,eric,EJ1019076,Optimal Design in Three-Level Block Randomized Designs with Two Levels of Nesting: An ANOVA Framework with Random Effects,2013,"Konstantopoulos, Spyros",https://eric.ed.gov/?id=EJ1019076,,5,,0,,,
505,505-konstantopoulos-2013,other,bee;fryer,"Konstantopoulos et al., 2013",7,eric,EJ969739,The Impact of Covariates on Statistical Power in Cluster Randomized Designs: Which Level Matters More?,2012,"Konstantopoulos, Spyros",https://eric.ed.gov/?id=EJ969739,,5,,0,,,
505,505-konstantopoulos-2013,other,bee;fryer,"Konstantopoulos et al., 2013",8,eric,EJ1033657,Are Teacher Effects Larger in Small Classes?,2014,"Konstantopoulos, Spyros; Sun, Min",https://eric.ed.gov/?id=EJ1033657,,5,,0,,,
564,564-mastrorilli-2014,other,i3,"Mastrorilli et al., 2014",1,crossref,10.21977/d910119266,"Arts Achieve, Impacting Student Success in the Arts: Preliminary Findings After One Year of Implementation",2014,Mastrorilli; Harnett; Zhu,https://doi.org/10.21977/d910119266,https://files.eric.ed.gov/fulltext/EJ1050608.pdf,7,eric:EJ1050608,1,api-crossref,,
564,564-mastrorilli-2014,other,i3,"Mastrorilli et al., 2014",2,crossref,10.1002/9780470015902.a0025268,Water Use Efficiency of Cultivated Crops,2014,Katerji; Mastrorilli,https://doi.org/10.1002/9780470015902.a0025268,,5,,0,,,
564,564-mastrorilli-2014,other,i3,"Mastrorilli et al., 2014",3,crossref,10.1111/cei.12252,Lessons from helminth infections: ES-62 highlights new interventional approaches in rheumatoid arthritis,2014,Pineda; Al-Riyami; Harnett; Harnett,https://doi.org/10.1111/cei.12252,,3,,0,,,
564,564-mastrorilli-2014,other,i3,"Mastrorilli et al., 2014",4,crossref,10.7748/ns2014.02.28.23.33.s41,Quist app,2014,Harnett,https://doi.org/10.7748/ns2014.02.28.23.33.s41,,3,,0,,,
564,564-mastrorilli-2014,other,i3,"Mastrorilli et al., 2014",5,crossref,10.1093/med/9780199664535.001.0001,Oxford Case Histories in Oncology,2014,,https://doi.org/10.1093/med/9780199664535.001.0001,,2,,0,,,
599,599-meyers-2015,other,bee;i3,"Meyers et al., 2015",1,crossref,10.3102/0162373716638446,Impact Results of the eMINTS Professional Development Validation Study,2016,Meyers; Molefe; Brandt; Zhu; Dhillon,https://doi.org/10.3102/0162373716638446,,7,,1,api-crossref,,
599,599-meyers-2015,other,bee;i3,"Meyers et al., 2015",2,eric,EJ1116670,"What's in a Name? Categorising ""Disadvantaged Older Workers""",2016,"Meyers, Rebecca",https://eric.ed.gov/?id=EJ1116670,,5,,0,,,
599,599-meyers-2015,other,bee;i3,"Meyers et al., 2015",3,eric,EJ1102511,Opportunities or Barriers? The Experiences of Disadvantaged Older Jobseekers Participating in Training,2016,"Meyers, Rebecca",https://eric.ed.gov/?id=EJ1102511,,5,,0,,,
599,599-meyers-2015,other,bee;i3,"Meyers et al., 2015",4,eric,EJ1115660,A Course to Promote Informed Selection of an Engineering Major Using a Partially Flipped Classroom Model,2016,"Meyers, Kerry Lynn",https://eric.ed.gov/?id=EJ1115660,,5,,0,,,
599,599-meyers-2015,other,bee;i3,"Meyers et al., 2015",5,eric,EJ1061711,Why Creativity? Articulating and Championing a Museum's Social Mission,2014,"Foley, Cindy Meyers",https://eric.ed.gov/?id=EJ1061711,,5,,0,,,
599,599-meyers-2015,other,bee;i3,"Meyers et al., 2015",6,eric,EJ1026838,"Theory, Technology, and Creative Practice: Using Pixton Comics to Teach Communication Theory",2014,"Meyers, Erin A.",https://eric.ed.gov/?id=EJ1026838,,5,,0,,,
599,599-meyers-2015,other,bee;i3,"Meyers et al., 2015",7,eric,EJ1025083,Faculty and Student Relationships: Context Matters,2014,"Hoffman, Elin Meyers",https://eric.ed.gov/?id=EJ1025083,,5,,0,,,
599,599-meyers-2015,other,bee;i3,"Meyers et al., 2015",8,eric,ED571924,A Phenomenological Investigation of Women's Learning Experiences in Counselor Education,2016,"Meyers, Lindsay Pennell",https://eric.ed.gov/?id=ED571924,,5,,0,,,
622,622-loera-2013,other,i3,"Nakamoto et al., 2013",1,crossref,10.5328/cter38.3.173,Factors that Promote Motivation and Academic Engagement in a Career Technical Education Context,2013,Loera; Nakamoto; Oh; Rueda,https://doi.org/10.5328/cter38.3.173,,8,eric:EJ1033561,0,ambiguous,,
622,622-loera-2013,other,i3,"Nakamoto et al., 2013",2,crossref,10.5328/cter38.3.191,"Collaboration, Communication, and Connection: Collegial Support and Collective Efficacy among Health Science Teachers",2013,Loera; Nakamoto; Rueda; Oh; Beck; Cherry,https://doi.org/10.5328/cter38.3.191,,8,eric:EJ1033549,0,,,
622,622-loera-2013,other,i3,"Nakamoto et al., 2013",3,crossref,10.1080/19388071003731554,The Association Between Parental Involvement in Reading and Schooling and Children's Reading Engagement in Latino Families,2011,Loera; Rueda; Nakamoto,https://doi.org/10.1080/19388071003731554,,6,,0,,,
622,622-loera-2013,other,i3,"Nakamoto et al., 2013",4,crossref,10.1097/01.numa.0000433381.57390.ec,Letters,2013,Loera; Nguyen,https://doi.org/10.1097/01.numa.0000433381.57390.ec,,5,,0,,,
622,622-loera-2013,other,i3,"Nakamoto et al., 2013",5,crossref,10.1177/0042085915602536,Learning and Motivational Characteristics of Urban Latino High School Youth,2015,Loera; Rueda; Oh,https://doi.org/10.1177/0042085915602536,,5,,0,,,
622,622-loera-2013,other,i3,"Nakamoto et al., 2013",6,eric,EJ1055189,What Goes on inside Latin American Math and Science Classrooms: A Video Study of Teaching Practices,2014,"Näslund-Hadley, Emma; Loera Varela, Armando; Hepworth, Katelyn Ann",https://eric.ed.gov/?id=EJ1055189,https://files.eric.ed.gov/fulltext/EJ1055189.pdf,5,,0,,,
623,623-nakamoto-2014,other,i3,"Nakamoto et al., 2014",1,eric,ED560945,"The Beaverton School District Arts for Learning (A4L) Lessons Project, an Investing in Innovation (i3) Development Grant: Student Impact Findings from Years 1, 2, and 3",2015,"Nakamoto, Jonathan; Sobolew-Shubin, Sandy; Orland, Martin",https://eric.ed.gov/?id=ED560945,https://files.eric.ed.gov/fulltext/ED560945.pdf,7,,0,low-margin,,
623,623-nakamoto-2014,other,i3,"Nakamoto et al., 2014",2,eric,EJ1050063,Developmental Trajectories of Preschool Early Literacy Skills: A Comparison of Language-Minority and Monolingual-English Children,2013,"Lonigan, Christopher J.; Farver, JoAnn M.; Nakamoto, Jonathan; Eppe, Stefanie",https://eric.ed.gov/?id=EJ1050063,,6,,0,,,
623,623-nakamoto-2014,other,i3,"Nakamoto et al., 2014",3,eric,ED559645,Evaluation of the MIND Research Institute's Spatial-Temporal Math (ST Math) Program in California,2014,"Wendt, Staci; Rice, John; Nakamoto, Jonathan",https://eric.ed.gov/?id=ED559645,https://files.eric.ed.gov/fulltext/ED559645.pdf,5,,0,,,
623,623-nakamoto-2014,other,i3,"Nakamoto et al., 2014",4,eric,EJ1033561,Factors That Promote Motivation and Academic Engagement in a Career Technical Education Context,2013,"Loera, Gustavo; Nakamoto, Jonathan; Oh, Youn Joo; Rueda, Robert",https://eric.ed.gov/?id=EJ1033561,,5,,0,,,
623,623-nakamoto-2014,other,i3,"Nakamoto et al., 2014",5,eric,EJ1033549,"Collaboration, Communication, and Connection: Collegial Support and Collective Efficacy among Health Science Teachers",2013,"Loera, Gustavo; Nakamoto, Jonathan; Rueda, Robert; Oh, Youn Joo; Beck, Cindy; Cherry, Carla",https://eric.ed.gov/?id=EJ1033549,,5,,0,,,
623,623-nakamoto-2014,other,i3,"Nakamoto et al., 2014",6,crossref,10.1016/0277-9536(89)90267-0,Psychosocial adjustment following a stroke,1989,Thompson; Sobolew-Shubin; Graham; Janigian,https://doi.org/10.1016/0277-9536(89)90267-0,,1,,0,,,
623,623-nakamoto-2014,other,i3,"Nakamoto et al., 2014",7,crossref,10.1111/j.1559-1816.1993.tb01053.x,Perceptions of Overprotection in III Adults1,1993,Thompson; Sobolew‐Shubin,https://doi.org/10.1111/j.1559-1816.1993.tb01053.x,,1,,0,,,
623,623-nakamoto-2014,other,i3,"Nakamoto et al., 2014",8,crossref,10.1111/j.1471-6402.1987.tb00769.x,"Sex-Role Identity, Gender Identity, and Self-Schemata",1987,Hungerford; Sobolew-Shubin,https://doi.org/10.1111/j.1471-6402.1987.tb00769.x,,1,,0,,,
624,624-nakamoto-2015,other,i3,"Nakamoto et al., 2015",1,eric,ED560945,"The Beaverton School District Arts for Learning (A4L) Lessons Project, an Investing in Innovation (i3) Development Grant: Student Impact Findings from Years 1, 2, and 3",2015,"Nakamoto, Jonathan; Sobolew-Shubin, Sandy; Orland, Martin",https://eric.ed.gov/?id=ED560945,https://files.eric.ed.gov/fulltext/ED560945.pdf,7,,1,api-eric,,
624,624-nakamoto-2015,other,i3,"Nakamoto et al., 2015",2,eric,ED559645,Evaluation of the MIND Research Institute's Spatial-Temporal Math (ST Math) Program in California,2014,"Wendt, Staci; Rice, John; Nakamoto, Jonathan",https://eric.ed.gov/?id=ED559645,https://files.eric.ed.gov/fulltext/ED559645.pdf,5,,0,,,
624,624-nakamoto-2015,other,i3,"Nakamoto et al., 2015",3,eric,EJ1132515,"Growth in Career Academy Students' Experience, Knowledge, and Self- Confidence Related to Health Care Careers",2016,"Loera, Gustavo,; Nakamoto, Jonathan; Boal, Ashley L.; Wendt, Staci J.; Beck, Cindy; Cherry, Carla",https://eric.ed.gov/?id=EJ1132515,,5,,0,,,
624,624-nakamoto-2015,other,i3,"Nakamoto et al., 2015",4,crossref,10.1016/0277-9536(89)90267-0,Psychosocial adjustment following a stroke,1989,Thompson; Sobolew-Shubin; Graham; Janigian,https://doi.org/10.1016/0277-9536(89)90267-0,,1,,0,,,
624,624-nakamoto-2015,other,i3,"Nakamoto et al., 2015",5,crossref,10.1111/j.1559-1816.1993.tb01053.x,Perceptions of Overprotection in III Adults1,1993,Thompson; Sobolew‐Shubin,https://doi.org/10.1111/j.1559-1816.1993.tb01053.x,,1,,0,,,
624,624-nakamoto-2015,other,i3,"Nakamoto et al., 2015",6,crossref,10.1111/j.1471-6402.1987.tb00769.x,"Sex-Role Identity, Gender Identity, and Self-Schemata",1987,Hungerford; Sobolew-Shubin,https://doi.org/10.1111/j.1471-6402.1987.tb00769.x,,1,,0,,,
624,624-nakamoto-2015,other,i3,"Nakamoto et al., 2015",7,crossref,10.1207/s15324834basp1403_8,Overprotective Relationships: A Nonsupportive Side of Social Networks,1993,Thompson; Sobolew-Shubin,https://doi.org/10.1207/s15324834basp1403_8,,1,,0,,,
624,624-nakamoto-2015,other,i3,"Nakamoto et al., 2015",8,crossref,10.1111/j.1559-1816.1990.tb00402.x,The Caregivers of Stroke Patients: An Investigation of Factors Associated with Depression,1990,Thompson; Bundek; Sobolew‐Shubin,https://doi.org/10.1111/j.1559-1816.1990.tb00402.x,,1,,0,,,
706,706-quint-2015,other,i3,"Quint et al., 2015",1,crossref,10.2139/ssrn.2477948,The Success for All Model of School Reform: Interim Findings from the Investing in Innovation (i3) Scale-Up,2014,Quint; Balu; DeLaurentis; Rappaport; Smith; Zhu; Alterman; Pramik,https://doi.org/10.2139/ssrn.2477948,https://files.eric.ed.gov/fulltext/ED546642.pdf,9,eric:ED546642,0,ambiguous,,
706,706-quint-2015,other,i3,"Quint et al., 2015",2,eric,ED579089,Scaling up the Success for All: Model of School Reform. Final Report from the Investing in Innovation (i3) Evaluation,2015,"Quint, Janet; Zhu, Pei; Balu, Rekha; Rappaport, Shelley; DeLaurentis, Micah",https://eric.ed.gov/?id=ED579089,https://files.eric.ed.gov/fulltext/ED579089.pdf,9,eric:ED579090,0,,,
706,706-quint-2015,other,i3,"Quint et al., 2015",3,eric,EJ1042242,Optimizing New Language Use by Employing Young Learners' Own Language,2014,"Oga-Baldwin, W. L. Quint; Nakata, Yoshiyuki",https://eric.ed.gov/?id=EJ1042242,,6,,0,,,
706,706-quint-2015,other,i3,"Quint et al., 2015",4,eric,ED562817,Reading Outcomes of Success for All: Early Results from the MDRC Investing in Innovation Evaluation,2014,"Slavin, Robert E.; Madden, Nancy A.; Quint, Janet",https://eric.ed.gov/?id=ED562817,https://files.eric.ed.gov/fulltext/ED562817.pdf,6,,0,,,
706,706-quint-2015,other,i3,"Quint et al., 2015",5,crossref,10.7756/spst.030.007.105-09,Response,2015,Quint,https://doi.org/10.7756/spst.030.007.105-09,,5,,0,,,
706,706-quint-2015,other,i3,"Quint et al., 2015",6,eric,EJ1044098,Baby Talk: Children's Savings Accounts Mark New Frontier in Paying for College,2014,"Poore, Anthony; Quint, Colleen",https://eric.ed.gov/?id=EJ1044098,,5,,0,,,
706,706-quint-2015,other,i3,"Quint et al., 2015",7,eric,EJ1061052,Retirement in the Post-Revocation Context at One Canadian University: Experiences of Phasing and Delaying,2015,"Rapoport, Mia Quint; Finlay, Sara-Jane; Hillan, Edith",https://eric.ed.gov/?id=EJ1061052,https://files.eric.ed.gov/fulltext/EJ1061052.pdf,5,,0,,,
706,706-quint-2015,other,i3,"Quint et al., 2015",8,eric,EJ1180723,Assessing Outcomes of Teacher Education: Quantitative Case Studies from Individual Taiwanese and Japanese Teacher Training Institutions,2015,"Huang, Carrie Jia-Li; Oga-Baldwin, W. L. Quint",https://eric.ed.gov/?id=EJ1180723,,5,,0,,,
719,719-randel-2011,other,ies90,"Randel, beesley, apthorp, clark, wang, cicchinelli, and williams, 2011",1,eric,ED517969,Classroom Assessment for Student Learning: Impact on Elementary School Mathematics in the Central Region. Final Report. NCEE 2011-4005,2011,"Randel, Bruce; Beesley, Andrea D.; Apthorp, Helen; Clark, Tedra F.; Wang, Xin; Cicchinelli, Louis F.; Williams, Jean M.",https://eric.ed.gov/?id=ED517969,https://files.eric.ed.gov/fulltext/ED517969.pdf,11,,1,api-eric,,
719,719-randel-2011,other,ies90,"Randel, beesley, apthorp, clark, wang, cicchinelli, and williams, 2011",2,crossref,10.1080/00220671.2014.992581,Impacts of professional development in classroom assessment on teacher and student outcomes,2016,Randel; Apthorp; Beesley; Clark; Wang,https://doi.org/10.1080/00220671.2014.992581,,7,,0,,,
719,719-randel-2011,other,ies90,"Randel, beesley, apthorp, clark, wang, cicchinelli, and williams, 2011",3,crossref,10.1080/19345747.2012.660240,Effects of a Supplemental Vocabulary Program on Word Knowledge and Passage Comprehension,2012,Apthorp; Randel; Cherasaro; Clark; McKeown; Beck,https://doi.org/10.1080/19345747.2012.660240,,7,eric:EJ961442,0,,,
719,719-randel-2011,other,ies90,"Randel, beesley, apthorp, clark, wang, cicchinelli, and williams, 2011",4,eric,ED517844,Proximal Effects of Robust Vocabulary Instruction in Primary and Intermediate Grades,2011,"Apthorp, Helen; McKeown, Margaret; Igel, Charles; Clemons, Trudy; Randel, Bruce; Clark, Tedra",https://eric.ed.gov/?id=ED517844,https://files.eric.ed.gov/fulltext/ED517844.pdf,7,,0,,,
719,719-randel-2011,other,ies90,"Randel, beesley, apthorp, clark, wang, cicchinelli, and williams, 2011",5,eric,ED545725,Microthemes: Effect and Acceptance as a Supplement to Traditional Math Instruction,2012,"Randel, Bronwyn C.",https://eric.ed.gov/?id=ED545725,,6,,0,,,
719,719-randel-2011,other,ies90,"Randel, beesley, apthorp, clark, wang, cicchinelli, and williams, 2011",6,eric,EJ994650,The Market Made Me Do It,2012,"Randel, Don M.",https://eric.ed.gov/?id=EJ994650,,5,,0,,,
719,719-randel-2011,other,ies90,"Randel, beesley, apthorp, clark, wang, cicchinelli, and williams, 2011",7,crossref,10.1007/978-3-319-42940-3_1,Introduction: Current State of the Science in Rural Education Research,2016,Cicchinelli; Beesley,https://doi.org/10.1007/978-3-319-42940-3_1,,2,,0,,,
719,719-randel-2011,other,ies90,"Randel, beesley, apthorp, clark, wang, cicchinelli, and williams, 2011",8,crossref,10.1093/benz/9780199773787.article.b00148767,"Randel, Friedrich",2011,,https://doi.org/10.1093/benz/9780199773787.article.b00148767,,2,,0,,,
751,751-rockoff-2015,other,i3,"Rockoff, 2015",1,crossref,10.3386/w20832,Fighting the Last War: Economists on the Lender of Last Resort,2015,Grossman; Rockoff,https://doi.org/10.3386/w20832,,5,,0,ambiguous,,
751,751-rockoff-2015,other,i3,"Rockoff, 2015",2,crossref,10.3386/w21221,War and Inflation in the United States from the Revolution to the First Iraq War,2015,Rockoff,https://doi.org/10.3386/w21221,,5,,0,,,
751,751-rockoff-2015,other,i3,"Rockoff, 2015",3,eric,EJ1074030,Fifty Ways to Leave a Child Behind: Idiosyncrasies and Discrepancies in States' Implementation of NCLB,2015,"Davidson, Elizabeth; Reback, Randall; Rockoff, Jonah; Schwartz, Heather L.",https://eric.ed.gov/?id=EJ1074030,,5,,0,,,
751,751-rockoff-2015,other,i3,"Rockoff, 2015",4,eric,EJ1053834,Teacher Effects and Teacher-Related Policies,2014,"Jackson, C. Kirabo; Rockoff, Jonah E.; Staiger, Douglas O.",https://eric.ed.gov/?id=EJ1053834,,5,,0,,,
751,751-rockoff-2015,other,i3,"Rockoff, 2015",5,eric,ED580232,The Causes and Consequences of Test Score Manipulation: Evidence from the New York Regents Examinations. CEPA Working Paper No. 16-08,2016,"Dee, Thomas S.; Dobbie, Will; Jacob, Brian A.; Rockoff, Jonah",https://eric.ed.gov/?id=ED580232,https://files.eric.ed.gov/fulltext/ED580232.pdf,5,,0,,,
751,751-rockoff-2015,other,i3,"Rockoff, 2015",6,crossref,10.5771/9783845258430,Ethics of Science in the Research for Sustainable Development,2015,,https://doi.org/10.5771/9783845258430,,2,,0,,,
751,751-rockoff-2015,other,i3,"Rockoff, 2015",7,crossref,10.5771/9783845258430-379,Index,2015,,https://doi.org/10.5771/9783845258430-379,,2,,0,,,
751,751-rockoff-2015,other,i3,"Rockoff, 2015",8,crossref,10.5771/9783845258430-1,Titelei/Inhaltsverzeichnis,2015,,https://doi.org/10.5771/9783845258430-1,,2,,0,,,
922,922-turner-1985,other,bee;fryer,"Turner, 1985",1,crossref,10.1515/9781400854646,The New World,1985,Turner,https://doi.org/10.1515/9781400854646,,5,,0,ambiguous,,
922,922-turner-1985,other,bee;fryer,"Turner, 1985",2,crossref,10.1007/978-1-349-07984-1,The Drugs Handbook 1985–86,1985,Turner; Volans,https://doi.org/10.1007/978-1-349-07984-1,,5,,0,,,
922,922-turner-1985,other,bee;fryer,"Turner, 1985",3,crossref,10.2307/43628880,,1985,TURNER,https://doi.org/10.2307/43628880,,5,,0,,,
922,922-turner-1985,other,bee;fryer,"Turner, 1985",4,eric,ED281064,Literacy Work with Bilingual Students. A Resource for Tutors.,1985,"Turner, Monica",https://eric.ed.gov/?id=ED281064,,5,,0,,,
922,922-turner-1985,other,bee;fryer,"Turner, 1985",5,eric,ED282965,The Behavior and Style of Black Students.,1986,"Turner, Alfreda",https://eric.ed.gov/?id=ED282965,,5,,0,,,
922,922-turner-1985,other,bee;fryer,"Turner, 1985",6,eric,ED277112,Nascent Schemes for Teacher Appraisal: Developments in Britain.,1986,"Turner, Glenn",https://eric.ed.gov/?id=ED277112,,5,,0,,,
922,922-turner-1985,other,bee;fryer,"Turner, 1985",7,eric,ED271524,Demographic Shifts and Their Implications for Education: The Hispanic Population in California. Policy Paper 84-6.,1984,"Turner, Caroline",https://eric.ed.gov/?id=ED271524,,5,,0,,,
922,922-turner-1985,other,bee;fryer,"Turner, 1985",8,eric,ED262405,Spelling in the Total Language Program. P.E.N. (Primary English Notes) 46.,1984,"Turner, Judy",https://eric.ed.gov/?id=ED262405,,5,,0,,,
924,924-tuttle-2015,other,i3,"Tuttle et al., 2015",1,eric,ED567594,Do Charter School Networks Deflate as They Expand? Trends in the Impacts of KIPP Schools during a Period of Rapid Growth in the KIPP Network,2016,"Nichols-Barrer, Ira; Gleason, Phil; Tuttle, Christina; Coen, Thomas; Knechtel, Virginia",https://eric.ed.gov/?id=ED567594,https://files.eric.ed.gov/fulltext/ED567594.pdf,8,,0,low-margin,,
924,924-tuttle-2015,other,i3,"Tuttle et al., 2015",2,eric,EJ1089924,"Student Selection, Attrition, and Replacement in KIPP Middle Schools",2016,"Nichols-Barrer, Ira; Gleason, Philip; Gill, Brian; Tuttle, Christina Clark",https://eric.ed.gov/?id=EJ1089924,,7,,0,,,
924,924-tuttle-2015,other,i3,"Tuttle et al., 2015",3,eric,EJ1039347,Does Student Attrition Explain KIPP's Success?,2014,"Nichols-Barrer, Ira; Gill, Brian P.; Gleason, Philip; Tuttle, Christina Clark",https://eric.ed.gov/?id=EJ1039347,,7,,0,,,
924,924-tuttle-2015,other,i3,"Tuttle et al., 2015",4,crossref,10.3102/0162373714558292,Do Charter Schools Improve Student Achievement?,2015,Clark; Gleason; Tuttle; Silverberg,https://doi.org/10.3102/0162373714558292,https://files.eric.ed.gov/fulltext/EJ1084494.pdf,6,eric:EJ1084494,0,,,
924,924-tuttle-2015,other,i3,"Tuttle et al., 2015",5,eric,EJ1105354,The Intersection of Dominican Values and Women's and Gender Studies Pedagogy,2016,"Tuttle, Tara M.",https://eric.ed.gov/?id=EJ1105354,,5,,0,,,
924,924-tuttle-2015,other,i3,"Tuttle et al., 2015",6,eric,EJ1115172,Engineering Motion,2016,"Tuttle, Nicole; Stanley, Wendy; Bieniek, Tracy",https://eric.ed.gov/?id=EJ1115172,,5,,0,,,
924,924-tuttle-2015,other,i3,"Tuttle et al., 2015",7,eric,EJ1080084,Teacher Evaluation in the Arts Disciplines: Three State Perspectives,2015,"Gates, Karol; Hansen, Deb; Tuttle, Lynn",https://eric.ed.gov/?id=EJ1080084,,5,,0,,,
924,924-tuttle-2015,other,i3,"Tuttle et al., 2015",8,eric,EJ1046019,What Is a Foot under Your Feet?,2014,"Tuttle, Nicole; Obringer, Mary; Czajkowski, Kevin; Czerniak, Charlene M.",https://eric.ed.gov/?id=EJ1046019,,5,,0,,,
954,954-vaughn-2013,other,bee;fryer,"Vaughn et al., 2013",1,crossref,10.58680/la201324283,Adaptive Teachers as Innovators: Instructional Adaptations Opening Spaces for Enhanced Literacy Learning,2013,Vaughn; Parsons,https://doi.org/10.58680/la201324283,,7,,1,api-crossref,,
954,954-vaughn-2013,other,bee;fryer,"Vaughn et al., 2013",2,crossref,10.1007/978-94-007-6061-5,Immunocytochemistry of Plant Cells,2013,Vaughn,https://doi.org/10.1007/978-94-007-6061-5,,5,,0,,,
954,954-vaughn-2013,other,bee;fryer,"Vaughn et al., 2013",3,crossref,10.1002/trtr.70034,The Importance of Adaptive Literacy Instruction: Now More Than Ever,2025,Ankrum; Parsons; Parsons; Lohnas; Vaughn; Morewood,https://doi.org/10.1002/trtr.70034,,5,,0,,,
954,954-vaughn-2013,other,bee;fryer,"Vaughn et al., 2013",4,crossref,10.1080/02702711.2020.1726845,Documenting Adaptive Literacy Instruction: The Adaptive Teaching Observation Protocol (ATOP),2020,Ankrum; Morewood; Parsons; Vaughn; Parsons; Hawkins,https://doi.org/10.1080/02702711.2020.1726845,,5,,0,,,
954,954-vaughn-2013,other,bee;fryer,"Vaughn et al., 2013",5,eric,EJ1032212,Aligning Visions: Striking a Balance between Personal Convictions for Teaching and Instructional Goals,2014,"Vaughn, Margaret",https://eric.ed.gov/?id=EJ1032212,,5,,0,,,
954,954-vaughn-2013,other,bee;fryer,"Vaughn et al., 2013",6,eric,EJ1423071,A View from the Field: How NCLB's Good Intentions of Accountability Damage Our Educational Leaders and Our Schools,2014,Vance Vaughn,https://eric.ed.gov/?id=EJ1423071,https://files.eric.ed.gov/fulltext/EJ1423071.pdf,5,,0,,,
954,954-vaughn-2013,other,bee;fryer,"Vaughn et al., 2013",7,eric,EJ1001142,Examining Teacher Agency: Why Did Les Leave the Building?,2013,"Vaughn, Margaret",https://eric.ed.gov/?id=EJ1001142,,5,,0,,,
954,954-vaughn-2013,other,bee;fryer,"Vaughn et al., 2013",8,eric,EJ980031,The Changing Face of Professional Development,2012,"Branom, Vaughn",https://eric.ed.gov/?id=EJ980031,,5,,0,,,
986,986-west-2016,other,bee;i3,"West et al., 2016",1,eric,EJ1115127,Counter Conjectures: Using Manipulatives to Scaffold the Development of Number Sense and Algebra,2016,"West, John",https://eric.ed.gov/?id=EJ1115127,,6,,0,ambiguous,,
986,986-west-2016,other,bee;i3,"West et al., 2016",2,eric,EJ1155386,Incidental Vocabulary Acquisition as Student Performance Determinant in Undergraduate Research Modules,2017,"West, Joyce",https://eric.ed.gov/?id=EJ1155386,https://files.eric.ed.gov/fulltext/EJ1155386.pdf,6,,0,,,
986,986-west-2016,other,bee;i3,"West et al., 2016",3,crossref,10.4324/9781315572802,War Memory and Commemoration,2016,West,https://doi.org/10.4324/9781315572802,,5,,0,,,
986,986-west-2016,other,bee;i3,"West et al., 2016",4,eric,EJ1137779,"Resisting the Enormous Condescension of Posterity: Richard Henry Tawney, Raymond Williams and the Long Struggle for a Democratic Education",2017,"West, Linden",https://eric.ed.gov/?id=EJ1137779,,5,,0,,,
986,986-west-2016,other,bee;i3,"West et al., 2016",5,eric,EJ1163119,Confronting Negative Narratives: The Challenges of Teaching Professional Social Media Use,2017,"West, Sara",https://eric.ed.gov/?id=EJ1163119,,5,,0,,,
986,986-west-2016,other,bee;i3,"West et al., 2016",6,eric,EJ1194974,From Aesthetics to Praxialism: Tracing the Evolution of David Elliott's Writings on Jazz Education from 1983 to 1995,2015,"West, Chad",https://eric.ed.gov/?id=EJ1194974,,5,,0,,,
986,986-west-2016,other,bee;i3,"West et al., 2016",7,eric,EJ1194164,National Longitudinal Studies of Kindergarten Children: Historical Context and Ongoing Contributions,2017,"West, Jerry",https://eric.ed.gov/?id=EJ1194164,https://files.eric.ed.gov/fulltext/EJ1194164.pdf,5,,0,,,
986,986-west-2016,other,bee;i3,"West et al., 2016",8,eric,EJ1160146,"Education Policy and Governance in England under the Coalition Government (2010-15): Academies, the Pupil Premium, and Free Early Education",2015,"West, Anne",https://eric.ed.gov/?id=EJ1160146,https://files.eric.ed.gov/fulltext/EJ1160146.pdf,5,,0,,,
1030,1030-ysseldyke-2007,other,bee;fryer,"Ysseldyke and Bolt, 2007",1,crossref,10.1080/02796015.2007.12087933,Effect of Technology-Enhanced Continuous Progress Monitoring on Math Achievement,2007,Ysseldyke; Bolt,https://doi.org/10.1080/02796015.2007.12087933,,7,eric:EJ788347,0,ambiguous,,
1030,1030-ysseldyke-2007,other,bee;fryer,"Ysseldyke and Bolt, 2007",2,crossref,10.1207/s15324818ame1904_6,Comparing DIF Across Math and Reading/Language Arts Tests for Students Receiving a Read-Aloud Accommodation,2006,Bolt; Ysseldyke,https://doi.org/10.1207/s15324818ame1904_6,,7,eric:EJ746441,0,,,
1030,1030-ysseldyke-2007,other,bee;fryer,"Ysseldyke and Bolt, 2007",3,crossref,10.1177/0734282907307703,Accommodating Students With Disabilities in Large-Scale Testing,2007,Bolt; Ysseldyke,https://doi.org/10.1177/0734282907307703,,6,,0,,,
1030,1030-ysseldyke-2007,other,bee;fryer,"Ysseldyke and Bolt, 2007",4,eric,EJ783511,Use of a Progress Monitoring System to Enable Teachers to Differentiate Mathematics Instruction,2007,"Ysseldyke, Jim; Tardrew, Steve",https://eric.ed.gov/?id=EJ783511,,6,,0,,,
1030,1030-ysseldyke-2007,other,bee;fryer,"Ysseldyke and Bolt, 2007",5,eric,ED497820,"Effective Instruction for Struggling Readers, K-6",2007,"Taylor, Barbara M., Ed.; Ysseldyke, James, E., Ed.",https://eric.ed.gov/?id=ED497820,,5,,0,,,
1030,1030-ysseldyke-2007,other,bee;fryer,"Ysseldyke and Bolt, 2007",6,eric,EJ817621,Supplemental Educational Services: Implications for Students with Disabilities,2008,"Ysseldyke, Jim; Lehr, Camilla A.; Bulygo, Anne Stodolka",https://eric.ed.gov/?id=EJ817621,,5,,0,,,
1030,1030-ysseldyke-2007,other,bee;fryer,"Ysseldyke and Bolt, 2007",7,eric,EJ772730,Consequences of High-Stakes Assessment for Students with and without Disabilities,2007,"Christenson, Sandra L.; Decker, Dawn M.; Triezenberg, Heidi L.; Ysseldyke, James E.; Reschly, Amy",https://eric.ed.gov/?id=EJ772730,,5,,0,,,
1030,1030-ysseldyke-2007,other,bee;fryer,"Ysseldyke and Bolt, 2007",8,crossref,10.1080/02796015.2010.12087746,"Students, Teachers, and Schools as Sources of Variability, Integrity, and Sustainability in Implementing Progress Monitoring",2010,Bolt; Ysseldyke; Patterson,https://doi.org/10.1080/02796015.2010.12087746,,4,,0,,,
1046,1046-glazerman-2010,other,ies90,"glazerman, isenberg, dolfin, bleeker, johnson, grider, and jacobus, 2010",1,crossref,10.1177/016146811211401410,The State of Teacher Induction in Urban America,2012,Bleeker; Dolfin; Johnson; Glazerman; Isenberg; Grider,https://doi.org/10.1177/016146811211401410,,8,,1,api-crossref,,
1046,1046-glazerman-2010,other,ies90,"glazerman, isenberg, dolfin, bleeker, johnson, grider, and jacobus, 2010",2,crossref,10.1016/j.jmig.2010.08.561,A Simplified Technique for Total Laparoscopic Hysterectomy,2010,Glazerman,https://doi.org/10.1016/j.jmig.2010.08.561,,5,,0,,,
1046,1046-glazerman-2010,other,ies90,"glazerman, isenberg, dolfin, bleeker, johnson, grider, and jacobus, 2010",3,eric,ED517966,Do Low-Income Students Have Equal Access to the Highest-Performing Teachers? NCEE Evaluation Brief. NCEE 2011-4016,2011,"Glazerman, Steven; Max, Jeffrey",https://eric.ed.gov/?id=ED517966,https://files.eric.ed.gov/fulltext/ED517966.pdf,5,eric:ED517967,0,,,
1046,1046-glazerman-2010,other,ies90,"glazerman, isenberg, dolfin, bleeker, johnson, grider, and jacobus, 2010",4,eric,ED510712,An Evaluation of the Teacher Advancement Program (TAP) in Chicago: Year Two Impact Report,2010,"Glazerman, Steven; Seifullah, Allison",https://eric.ed.gov/?id=ED510712,https://files.eric.ed.gov/fulltext/ED510712.pdf,5,eric:ED507502,0,,,
1046,1046-glazerman-2010,other,ies90,"glazerman, isenberg, dolfin, bleeker, johnson, grider, and jacobus, 2010",5,eric,ED507469,Does the Missouri Teacher Career Ladder Program Raise Student Achievement?,2009,"Booker, Kevin; Glazerman, Steven",https://eric.ed.gov/?id=ED507469,https://files.eric.ed.gov/fulltext/ED507469.pdf,5,,0,,,
1046,1046-glazerman-2010,other,ies90,"glazerman, isenberg, dolfin, bleeker, johnson, grider, and jacobus, 2010",6,eric,ED507470,Effects of the Missouri Career Ladder Program on Teacher Mobility,2009,"Booker, Kevin; Glazerman, Steven",https://eric.ed.gov/?id=ED507470,https://files.eric.ed.gov/fulltext/ED507470.pdf,5,,0,,,
1046,1046-glazerman-2010,other,ies90,"glazerman, isenberg, dolfin, bleeker, johnson, grider, and jacobus, 2010",7,eric,ED507471,Teacher Bonuses for Extra Work: A Profile of Missouri's Career Ladder Program,2009,"Silman, Timothy; Glazerman, Steven",https://eric.ed.gov/?id=ED507471,https://files.eric.ed.gov/fulltext/ED507471.pdf,5,,0,,,
1046,1046-glazerman-2010,other,ies90,"glazerman, isenberg, dolfin, bleeker, johnson, grider, and jacobus, 2010",8,eric,ED528389,False Performance Gains: A Critique of Successive Cohort Indicators. Working Paper,2011,"Glazerman, Steven M.; Potamites, Liz",https://eric.ed.gov/?id=ED528389,https://files.eric.ed.gov/fulltext/ED528389.pdf,5,,0,,,
1047,1047-gleason-2010,other,ies90,"gleason, clark, tuttle, and dwoyer, 2010",1,eric,EJ872483,Reliability of the Content Knowledge for Teaching-Mathematics Instrument for Pre-Service Teachers,2010,"Gleason, Jim",https://eric.ed.gov/?id=EJ872483,https://files.eric.ed.gov/fulltext/EJ872483.pdf,6,,0,ambiguous,,
1047,1047-gleason-2010,other,ies90,"gleason, clark, tuttle, and dwoyer, 2010",2,eric,EJ963490,Mind the Gap: Bridging the Divide between Non-Readers and Lifelong Readers with Hi-Lo Books,2011,"Gleason, Carrie",https://eric.ed.gov/?id=EJ963490,,6,,0,,,
1047,1047-gleason-2010,other,ies90,"gleason, clark, tuttle, and dwoyer, 2010",3,crossref,10.3102/0162373714558292,Do Charter Schools Improve Student Achievement?,2015,Clark; Gleason; Tuttle; Silverberg,https://doi.org/10.3102/0162373714558292,,5,,0,,,
1047,1047-gleason-2010,other,ies90,"gleason, clark, tuttle, and dwoyer, 2010",4,crossref,10.1016/j.econedurev.2011.07.002,Using lotteries to evaluate schools of choice: Evidence from a national study of charter schools,2012,Tuttle; Gleason; Clark,https://doi.org/10.1016/j.econedurev.2011.07.002,,5,,0,,,
1047,1047-gleason-2010,other,ies90,"gleason, clark, tuttle, and dwoyer, 2010",5,eric,ED518580,How Teachers Deal with Bullying: Best Practices for Identifying and Dealing with Bullying Behaviors among High School Students,2011,"Gleason, Katherine",https://eric.ed.gov/?id=ED518580,https://files.eric.ed.gov/fulltext/ED518580.pdf,5,,0,,,
1047,1047-gleason-2010,other,ies90,"gleason, clark, tuttle, and dwoyer, 2010",6,eric,EJ914963,Digging Deeper: Professional Learning Can Go beyond the Basics to Reach Underserved Students,2010,"Gleason, Sonia Caus",https://eric.ed.gov/?id=EJ914963,,5,,0,,,
1047,1047-gleason-2010,other,ies90,"gleason, clark, tuttle, and dwoyer, 2010",7,eric,EJ859101,Tools to Reduce Overload in the School Social Worker Role,2009,"Leyba, Erin Gleason",https://eric.ed.gov/?id=EJ859101,,5,,0,,,
1047,1047-gleason-2010,other,ies90,"gleason, clark, tuttle, and dwoyer, 2010",8,eric,EJ893740,The Quality Elements of Youth Development Activities Facilitated by School Social Workers: Results from a Qualitative Study,2010,"Leyba, Erin Gleason",https://eric.ed.gov/?id=EJ893740,,5,,0,,,
1050,1050-hanson-2012,other,ies90,"hanson, dietsch, and zheng, 2012",1,eric,EJ1043973,A Montessori Odyssey,2013,"Hanson, Peter",https://eric.ed.gov/?id=EJ1043973,,5,,0,ambiguous,,
1050,1050-hanson-2012,other,ies90,"hanson, dietsch, and zheng, 2012",2,eric,EJ1134247,Advances in Technology in Continuing Education: Who Should Foot the Bill?,2013,"Hanson, Matthew",https://eric.ed.gov/?id=EJ1134247,https://files.eric.ed.gov/fulltext/EJ1134247.pdf,5,,0,,,
1050,1050-hanson-2012,other,ies90,"hanson, dietsch, and zheng, 2012",3,eric,EJ1230755,"Turnover in Teachers: Stress, Burnout, and Fixing the Problem",2013,"Hanson, Kayla",https://eric.ed.gov/?id=EJ1230755,https://files.eric.ed.gov/fulltext/EJ1230755.pdf,5,,0,,,
1050,1050-hanson-2012,other,ies90,"hanson, dietsch, and zheng, 2012",4,eric,EJ1077213,Exploring Dimensions of Critical Reflection in Activist-Facilitator Practice,2013,"Hanson, Cindy",https://eric.ed.gov/?id=EJ1077213,,5,,0,,,
1050,1050-hanson-2012,other,ies90,"hanson, dietsch, and zheng, 2012",5,eric,EJ1026406,What Happened to the Liberal Arts?,2013,"Hanson, Chad",https://eric.ed.gov/?id=EJ1026406,,5,,0,,,
1050,1050-hanson-2012,other,ies90,"hanson, dietsch, and zheng, 2012",6,eric,EJ1025112,"Educational Developers as Researchers: The Contribution of Insider Research to Enhancing Understanding of Role, Identity and Practice",2013,"Hanson, Janet",https://eric.ed.gov/?id=EJ1025112,,5,,0,,,
1050,1050-hanson-2012,other,ies90,"hanson, dietsch, and zheng, 2012",7,eric,EJ1004359,The Art of Becoming Yourself,2013,"Hanson, Chad",https://eric.ed.gov/?id=EJ1004359,,5,,0,,,
1050,1050-hanson-2012,other,ies90,"hanson, dietsch, and zheng, 2012",8,eric,ED529194,A Systematic Review of Health-Promotion Programs in NCAA Division III Institutions,2011,"Hanson, Matthew",https://eric.ed.gov/?id=ED529194,,5,,0,,,
1071,1071-wilkerson-2012,other,ies90,"wilkerson, shannon, styers, grant, 2012",1,crossref,10.1080/07380569.2014.969159,Computer-Assisted Learning in Elementary Reading: A Randomized Control Trial,2015,Shannon; Styers; Wilkerson; Peery,https://doi.org/10.1080/07380569.2014.969159,,6,,0,ambiguous,,
1071,1071-wilkerson-2012,other,ies90,"wilkerson, shannon, styers, grant, 2012",2,eric,EJ1085380,Motivation to Read: How Does It Change for Struggling Readers with and without Disabilities?,2013,"Melekoglu, Macid A.; Wilkerson, Kimber L.",https://eric.ed.gov/?id=EJ1085380,https://files.eric.ed.gov/fulltext/EJ1085380.pdf,6,eric:ED539840,0,,,
1071,1071-wilkerson-2012,other,ies90,"wilkerson, shannon, styers, grant, 2012",3,eric,EJ1001743,An Appetite for Fractions,2012,"Wilkerson, Trena L.; Bryan, Tommy; Curry, Jane",https://eric.ed.gov/?id=EJ1001743,,6,,0,,,
1071,1071-wilkerson-2012,other,ies90,"wilkerson, shannon, styers, grant, 2012",4,crossref,10.1016/j.wem.2012.06.003,"In Tribute to James A. Wilkerson III, MD",2012,Wilkerson,https://doi.org/10.1016/j.wem.2012.06.003,,5,,0,,,
1071,1071-wilkerson-2012,other,ies90,"wilkerson, shannon, styers, grant, 2012",5,eric,EJ1137154,Extracurricular Activities and 504 Plans,2011,"Wilkerson, George",https://eric.ed.gov/?id=EJ1137154,https://files.eric.ed.gov/fulltext/EJ1137154.pdf,5,,0,,,
1071,1071-wilkerson-2012,other,ies90,"wilkerson, shannon, styers, grant, 2012",6,eric,EJ1009546,The Sound of German: Descriptions of Accent by Native and Non-Native Listeners,2013,"Wilkerson, Miranda E.",https://eric.ed.gov/?id=EJ1009546,,5,,0,,,
1071,1071-wilkerson-2012,other,ies90,"wilkerson, shannon, styers, grant, 2012",7,eric,EJ979108,An Alumni Assessment of MIS Related Job Skill Importance and Skill Gaps,2012,"Wilkerson, Jerod W.",https://eric.ed.gov/?id=EJ979108,,5,,0,,,
1071,1071-wilkerson-2012,other,ies90,"wilkerson, shannon, styers, grant, 2012",8,eric,EJ1211321,Perceptions of the Culture and Communications Standards,2011,"Sandarg, Jana; Wilkerson, Carol",https://eric.ed.gov/?id=EJ1211321,https://files.eric.ed.gov/fulltext/EJ1211321.pdf,5,,0,,,
1073,1073-wolf-2010,other,ies90,"wolf, patrick, gutmann, puma, kisida, rizzo, eissa, carr, 2010",1,crossref,10.1002/pam.21691,"School Vouchers and Student Outcomes: Experimental Evidence from
                    W
                    ashington,
                    DC",2013,Wolf; Kisida; Gutmann; Puma; Eissa; Rizzo,https://doi.org/10.1002/pam.21691,,7,,0,low-margin,,
1073,1073-wolf-2010,other,ies90,"wolf, patrick, gutmann, puma, kisida, rizzo, eissa, carr, 2010",2,crossref,10.1177/1532673x09350981,School Governance and Information: Does Choice Lead to Better-Informed Parents?,2010,Kisida; Wolf,https://doi.org/10.1177/1532673x09350981,,6,,0,,,
1073,1073-wolf-2010,other,ies90,"wolf, patrick, gutmann, puma, kisida, rizzo, eissa, carr, 2010",3,eric,ED516485,Examination of Emotional Intelligence and Transformational Leadership Profiles of Illinois Superintendents,2010,"Wolf, Ty",https://eric.ed.gov/?id=ED516485,,5,,0,,,
1073,1073-wolf-2010,other,ies90,"wolf, patrick, gutmann, puma, kisida, rizzo, eissa, carr, 2010",4,eric,ED512523,"How to Shift Power to Learners: Encouraging FE Dynamism, Replacing Centralised Procurement",2010,"Wolf, Alison",https://eric.ed.gov/?id=ED512523,,5,,0,,,
1073,1073-wolf-2010,other,ies90,"wolf, patrick, gutmann, puma, kisida, rizzo, eissa, carr, 2010",5,eric,EJ897184,Bridging the Distance: The Use of Blogs as Reflective Learning Tools for Placement Students,2010,"Wolf, Katharina",https://eric.ed.gov/?id=EJ897184,,5,,0,,,
1073,1073-wolf-2010,other,ies90,"wolf, patrick, gutmann, puma, kisida, rizzo, eissa, carr, 2010",6,eric,EJ857132,Misunderstanding Education: Why Increasing College Enrollments Can't and Won't Fix the Economy,2009,"Wolf, Alison",https://eric.ed.gov/?id=EJ857132,,5,,0,,,
1073,1073-wolf-2010,other,ies90,"wolf, patrick, gutmann, puma, kisida, rizzo, eissa, carr, 2010",7,eric,EJ909990,Visualizing Math: How Intelligent Tutoring Technology Can Help Math-Challenged Students,2010,"Wolf, Michael",https://eric.ed.gov/?id=EJ909990,,5,,0,,,
1073,1073-wolf-2010,other,ies90,"wolf, patrick, gutmann, puma, kisida, rizzo, eissa, carr, 2010",8,eric,EJ899959,Shifting Power to the Learner,2010,"Wolf, Alison",https://eric.ed.gov/?id=EJ899959,,5,,0,,,
32,32-ault-2017,wwc-a,wwc,"Ault, Phyllis Campbell, Roccograndi, Angela, Burke, Art. (2017). Mentoring Early Career Teachers in Urban Alaska: Impact Findings from the Investing in Innovation (i3) Evaluation of the Alaska Statewide Mentor Project Urban Growth Opportunity. Education Northwest.",1,eric,ED607173,Mentoring Early Career Teachers in Urban Alaska: Impact Findings from the Investing in Innovation (i3) Evaluation of the Alaska Statewide Mentor Project Urban Growth Opportunity,2017,"Ault, Phyllis Campbell; Roccograndi, Angela; Burke, Art",https://eric.ed.gov/?id=ED607173,https://files.eric.ed.gov/fulltext/ED607173.pdf,9,,1,api-eric,,
32,32-ault-2017,wwc-a,wwc,"Ault, Phyllis Campbell, Roccograndi, Angela, Burke, Art. (2017). Mentoring Early Career Teachers in Urban Alaska: Impact Findings from the Investing in Innovation (i3) Evaluation of the Alaska Statewide Mentor Project Urban Growth Opportunity. Education Northwest.",2,eric,ED579522,Insight from the Top: Experiences That Best Prepare Presidents to Lead Institutions of Higher Education in the 21st Century,2017,"Ault, Bobbie Jay",https://eric.ed.gov/?id=ED579522,,5,,0,,,
32,32-ault-2017,wwc-a,wwc,"Ault, Phyllis Campbell, Roccograndi, Angela, Burke, Art. (2017). Mentoring Early Career Teachers in Urban Alaska: Impact Findings from the Investing in Innovation (i3) Evaluation of the Alaska Statewide Mentor Project Urban Growth Opportunity. Education Northwest.",3,eric,EJ1185859,Increasing Active Engagement: Guidelines for Using Student Response Systems,2018,"Ault, Melinda Jones; Horn, Channon K.",https://eric.ed.gov/?id=EJ1185859,,5,,0,,,
32,32-ault-2017,wwc-a,wwc,"Ault, Phyllis Campbell, Roccograndi, Angela, Burke, Art. (2017). Mentoring Early Career Teachers in Urban Alaska: Impact Findings from the Investing in Innovation (i3) Evaluation of the Alaska Statewide Mentor Project Urban Growth Opportunity. Education Northwest.",4,eric,EJ1148851,The Effect of Socioscientific Topics on Discourse within an Online Game Designed to Engage Middle School Students in Scientific Argumentation,2017,"Craig-Hare, Jana; Ault, Marilyn; Rowland, Amber",https://eric.ed.gov/?id=EJ1148851,https://files.eric.ed.gov/fulltext/EJ1148851.pdf,5,,0,,,
32,32-ault-2017,wwc-a,wwc,"Ault, Phyllis Campbell, Roccograndi, Angela, Burke, Art. (2017). Mentoring Early Career Teachers in Urban Alaska: Impact Findings from the Investing in Innovation (i3) Evaluation of the Alaska Statewide Mentor Project Urban Growth Opportunity. Education Northwest.",5,eric,EJ1108616,The Impact of a Racing Feature on Middle School Science Students' Performance in an Educational Game: The Effect of Content-Free Game-Actions,2016,"Ault, Marilyn; Craig-Hare, Jana; Frey, Bruce",https://eric.ed.gov/?id=EJ1108616,,5,,0,,,
32,32-ault-2017,wwc-a,wwc,"Ault, Phyllis Campbell, Roccograndi, Angela, Burke, Art. (2017). Mentoring Early Career Teachers in Urban Alaska: Impact Findings from the Investing in Innovation (i3) Evaluation of the Alaska Statewide Mentor Project Urban Growth Opportunity. Education Northwest.",6,eric,EJ1179761,How to Be an Advocate for Rural Issues: Working with State and National Legislators,2018,"Ault, Melinda Jones; Bausch, Margaret E.; Ackerman, Kera B.",https://eric.ed.gov/?id=EJ1179761,,5,,0,,,
32,32-ault-2017,wwc-a,wwc,"Ault, Phyllis Campbell, Roccograndi, Angela, Burke, Art. (2017). Mentoring Early Career Teachers in Urban Alaska: Impact Findings from the Investing in Innovation (i3) Evaluation of the Alaska Statewide Mentor Project Urban Growth Opportunity. Education Northwest.",7,eric,EJ1150138,Effects of an App Incorporating Systematic Instruction to Teach Spelling to Students with Developmental Delays,2017,"Ault, Melinda Jones; Baggerman, Melanie A.; Horn, Channon K.",https://eric.ed.gov/?id=EJ1150138,,5,,0,,,
32,32-ault-2017,wwc-a,wwc,"Ault, Phyllis Campbell, Roccograndi, Angela, Burke, Art. (2017). Mentoring Early Career Teachers in Urban Alaska: Impact Findings from the Investing in Innovation (i3) Evaluation of the Alaska Statewide Mentor Project Urban Growth Opportunity. Education Northwest.",8,eric,EJ1160142,Guidelines for Becoming a Teacher Leader in Rural Special Education,2017,"Collins, Belva C.; Leahy, Maria Marsella; Ault, Melinda Jones",https://eric.ed.gov/?id=EJ1160142,,5,,0,,,
65,65-beam-2011,wwc-a,wwc,"Beam, Margaret, Faddis, Bonnie J., Hahn, Karen. (2011). Evaluation of ""System 44."" Final Report [2011]. RMC Research Corporation.",1,eric,ED613693,"Evaluation of ""System 44."" Final Report [2011]",2011,"Beam, Margaret; Faddis, Bonnie J.; Hahn, Karen",https://eric.ed.gov/?id=ED613693,https://files.eric.ed.gov/fulltext/ED613693.pdf,9,eric:ED613692,0,low-margin,,
65,65-beam-2011,wwc-a,wwc,"Beam, Margaret, Faddis, Bonnie J., Hahn, Karen. (2011). Evaluation of ""System 44."" Final Report [2011]. RMC Research Corporation.",2,eric,ED600852,Portland Public Schools' Striving Readers Program: Year 5 Evaluation Report,2011,Bonnie J. Faddis; Margaret Beam; Lauren Maxim; Elizabeth Vale Gandhi; Karen Hahn; Rita Hale,https://eric.ed.gov/?id=ED600852,https://files.eric.ed.gov/fulltext/ED600852.pdf,8,,0,,,
65,65-beam-2011,wwc-a,wwc,"Beam, Margaret, Faddis, Bonnie J., Hahn, Karen. (2011). Evaluation of ""System 44."" Final Report [2011]. RMC Research Corporation.",3,eric,ED547349,Leadership Traits and Practices Supporting Position Longevity for Urban School Superintendents: A Case Study,2012,"Beam, Carla",https://eric.ed.gov/?id=ED547349,,5,,0,,,
65,65-beam-2011,wwc-a,wwc,"Beam, Margaret, Faddis, Bonnie J., Hahn, Karen. (2011). Evaluation of ""System 44."" Final Report [2011]. RMC Research Corporation.",4,eric,EJ980574,What Are the Odds?,2012,"Beam, John",https://eric.ed.gov/?id=EJ980574,,5,,0,,,
65,65-beam-2011,wwc-a,wwc,"Beam, Margaret, Faddis, Bonnie J., Hahn, Karen. (2011). Evaluation of ""System 44."" Final Report [2011]. RMC Research Corporation.",5,eric,ED546253,A Program Evaluation of an Alternative School in the Southeast United States,2012,"Beam, Timothy W.",https://eric.ed.gov/?id=ED546253,,5,,0,,,
65,65-beam-2011,wwc-a,wwc,"Beam, Margaret, Faddis, Bonnie J., Hahn, Karen. (2011). Evaluation of ""System 44."" Final Report [2011]. RMC Research Corporation.",6,eric,EJ881037,Is Brain Gym[R] an Effective Educational Intervention?,2010,"Spaulding, Lucinda S.; Mostert, Mark P.; Beam, Andrea P.",https://eric.ed.gov/?id=EJ881037,,5,,0,,,
65,65-beam-2011,wwc-a,wwc,"Beam, Margaret, Faddis, Bonnie J., Hahn, Karen. (2011). Evaluation of ""System 44."" Final Report [2011]. RMC Research Corporation.",7,crossref,10.2172/1013896,"Solar Trough Performance Evaluation: Cooperative Research and Development Final Report, CRADA Number CRD-08-00289",2011,Gray,https://doi.org/10.2172/1013896,,2,,0,,,
65,65-beam-2011,wwc-a,wwc,"Beam, Margaret, Faddis, Bonnie J., Hahn, Karen. (2011). Evaluation of ""System 44."" Final Report [2011]. RMC Research Corporation.",8,crossref,10.2172/1042952,"The Interface between Earth System Models and Impacts on Society Workshop, Spring 2011 (Final Report )",2012,; Hurrell; ,https://doi.org/10.2172/1042952,,2,,0,,,
66,66-beam-2012,wwc-a,wwc,"Beam, Margaret, Faddis, Bonnie. (2012). Evaluation of ""System 44."" Final Report [2012]. RMC Research Corporation.",1,eric,ED613692,"Evaluation of ""System 44."" Final Report [2012]",2012,"Beam, Margaret; Faddis, Bonnie",https://eric.ed.gov/?id=ED613692,https://files.eric.ed.gov/fulltext/ED613692.pdf,8,eric:ED613693,0,low-margin,,
66,66-beam-2012,wwc-a,wwc,"Beam, Margaret, Faddis, Bonnie. (2012). Evaluation of ""System 44."" Final Report [2012]. RMC Research Corporation.",2,eric,ED600852,Portland Public Schools' Striving Readers Program: Year 5 Evaluation Report,2011,Bonnie J. Faddis; Margaret Beam; Lauren Maxim; Elizabeth Vale Gandhi; Karen Hahn; Rita Hale,https://eric.ed.gov/?id=ED600852,https://files.eric.ed.gov/fulltext/ED600852.pdf,7,,0,,,
66,66-beam-2012,wwc-a,wwc,"Beam, Margaret, Faddis, Bonnie. (2012). Evaluation of ""System 44."" Final Report [2012]. RMC Research Corporation.",3,eric,ED547349,Leadership Traits and Practices Supporting Position Longevity for Urban School Superintendents: A Case Study,2012,"Beam, Carla",https://eric.ed.gov/?id=ED547349,,5,,0,,,
66,66-beam-2012,wwc-a,wwc,"Beam, Margaret, Faddis, Bonnie. (2012). Evaluation of ""System 44."" Final Report [2012]. RMC Research Corporation.",4,eric,EJ980574,What Are the Odds?,2012,"Beam, John",https://eric.ed.gov/?id=EJ980574,,5,,0,,,
66,66-beam-2012,wwc-a,wwc,"Beam, Margaret, Faddis, Bonnie. (2012). Evaluation of ""System 44."" Final Report [2012]. RMC Research Corporation.",5,eric,ED546253,A Program Evaluation of an Alternative School in the Southeast United States,2012,"Beam, Timothy W.",https://eric.ed.gov/?id=ED546253,,5,,0,,,
66,66-beam-2012,wwc-a,wwc,"Beam, Margaret, Faddis, Bonnie. (2012). Evaluation of ""System 44."" Final Report [2012]. RMC Research Corporation.",6,crossref,10.2172/1042952,"The Interface between Earth System Models and Impacts on Society Workshop, Spring 2011 (Final Report )",2012,; Hurrell; ,https://doi.org/10.2172/1042952,,2,,0,,,
66,66-beam-2012,wwc-a,wwc,"Beam, Margaret, Faddis, Bonnie. (2012). Evaluation of ""System 44."" Final Report [2012]. RMC Research Corporation.",7,crossref,10.2172/1054289,World Climate Research Programme (WCRP) Open Science Conference (Final Report),2012,; Honchar; ,https://doi.org/10.2172/1054289,,2,,0,,,
66,66-beam-2012,wwc-a,wwc,"Beam, Margaret, Faddis, Bonnie. (2012). Evaluation of ""System 44."" Final Report [2012]. RMC Research Corporation.",8,crossref,10.2172/1054348,Compact Crab Cavity Design (Final Report),2012,; Smithe; ,https://doi.org/10.2172/1054348,,2,,0,,,
83,83-bifulco-2009,wwc-a,wwc,"Bifulco, R., Cobb, C. D., & Bell, C. (2009). Can interdistrict choice boost student achievement? The case of Connecticut’s interdistrict magnet school program. Educational Evaluation and Policy Analysis, 31(4), 323–345.",1,crossref,10.3102/0162373709340917,Can Interdistrict Choice Boost Student Achievement? The Case of Connecticut’s Interdistrict Magnet School Program,2009,Bifulco; Cobb; Bell,https://doi.org/10.3102/0162373709340917,,9,eric:EJ866926,0,ambiguous,,
83,83-bifulco-2009,wwc-a,wwc,"Bifulco, R., Cobb, C. D., & Bell, C. (2009). Can interdistrict choice boost student achievement? The case of Connecticut’s interdistrict magnet school program. Educational Evaluation and Policy Analysis, 31(4), 323–345.",2,eric,ED527481,Evaluation of Connecticut's Interdistrict Magnet Schools,2009,"Cobb, Casey D.; Bifulco, Robert; Bell, Courtney",https://eric.ed.gov/?id=ED527481,,9,,0,,,
83,83-bifulco-2009,wwc-a,wwc,"Bifulco, R., Cobb, C. D., & Bell, C. (2009). Can interdistrict choice boost student achievement? The case of Connecticut’s interdistrict magnet school program. Educational Evaluation and Policy Analysis, 31(4), 323–345.",3,eric,ED530057,"Review of ""Connecticut's Charter School Law and Race to the Top""",2010,"Bifulco, Robert",https://eric.ed.gov/?id=ED530057,https://files.eric.ed.gov/fulltext/ED530057.pdf,5,,0,,,
83,83-bifulco-2009,wwc-a,wwc,"Bifulco, R., Cobb, C. D., & Bell, C. (2009). Can interdistrict choice boost student achievement? The case of Connecticut’s interdistrict magnet school program. Educational Evaluation and Policy Analysis, 31(4), 323–345.",4,eric,EJ892966,The Influence of Performance-Based Accountability on the Distribution of Teacher Salary Increases,2010,"Bifulco, Robert",https://eric.ed.gov/?id=EJ892966,,5,,0,,,
83,83-bifulco-2009,wwc-a,wwc,"Bifulco, R., Cobb, C. D., & Bell, C. (2009). Can interdistrict choice boost student achievement? The case of Connecticut’s interdistrict magnet school program. Educational Evaluation and Policy Analysis, 31(4), 323–345.",5,eric,ED509668,"Public School Choice and Integration: Evidence from Durham, North Carolina. Working Paper 14",2008,"Bifulco, Robert; Ladd, Helen F.; Ross, Stephen",https://eric.ed.gov/?id=ED509668,https://files.eric.ed.gov/fulltext/ED509668.pdf,5,,0,,,
83,83-bifulco-2009,wwc-a,wwc,"Bifulco, R., Cobb, C. D., & Bell, C. (2009). Can interdistrict choice boost student achievement? The case of Connecticut’s interdistrict magnet school program. Educational Evaluation and Policy Analysis, 31(4), 323–345.",6,eric,EJ866391,"The Effects of Public School Choice on Those Left Behind: Evidence from Durham, North Carolina",2009,"Bifulco, Robert; Ladd, Helen F.; Ross, Stephen L.",https://eric.ed.gov/?id=EJ866391,,5,,0,,,
83,83-bifulco-2009,wwc-a,wwc,"Bifulco, R., Cobb, C. D., & Bell, C. (2009). Can interdistrict choice boost student achievement? The case of Connecticut’s interdistrict magnet school program. Educational Evaluation and Policy Analysis, 31(4), 323–345.",7,crossref,10.14507/epaa.v20n28.2012,Intergroup Relations in Integrated Schools: A Glimpse Inside Interdistrict Magnet Schools,2012,Bifulco; Buerger; Cobb,https://doi.org/10.14507/epaa.v20n28.2012,,4,,0,,,
83,83-bifulco-2009,wwc-a,wwc,"Bifulco, R., Cobb, C. D., & Bell, C. (2009). Can interdistrict choice boost student achievement? The case of Connecticut’s interdistrict magnet school program. Educational Evaluation and Policy Analysis, 31(4), 323–345.",8,crossref,10.3102/0162373709333886,Boosting Student Achievement: The Effect of Comprehensive School Reform on Student Achievement,2009,Gross; Booker; Goldhaber,https://doi.org/10.3102/0162373709333886,,2,,0,,,
109,109-bottge-2014,wwc-a,wwc,"Bottge, B. A., Ma, X., Gassaway, L., Toland, M.D., Butler, M., & Cho, S. (2014). Effects of blended instructional models on math performance. Exceptional Children, 80(4), 423-437.",1,crossref,10.1177/0014402914527240,Effects of Blended Instructional Models on Math Performance,2014,Bottge; Ma; Gassaway; Toland; Butler; Cho,https://doi.org/10.1177/0014402914527240,,12,eric:EJ1048512,1,api-crossref,,
109,109-bottge-2014,wwc-a,wwc,"Bottge, B. A., Ma, X., Gassaway, L., Toland, M.D., Butler, M., & Cho, S. (2014). Effects of blended instructional models on math performance. Exceptional Children, 80(4), 423-437.",2,crossref,10.1177/001440291408000207,Detecting and Correcting Fractions Computation Error Patterns,2014,Bottge; Ma; Gassaway; Butler; Toland,https://doi.org/10.1177/001440291408000207,,10,eric:EJ1048490,0,,,
109,109-bottge-2014,wwc-a,wwc,"Bottge, B. A., Ma, X., Gassaway, L., Toland, M.D., Butler, M., & Cho, S. (2014). Effects of blended instructional models on math performance. Exceptional Children, 80(4), 423-437.",3,crossref,10.1177/0014402914551742,Impact of Enhanced Anchored Instruction in Inclusive Math Classrooms,2015,Bottge; Toland; Gassaway; Butler; Choo; Griffen; Ma,https://doi.org/10.1177/0014402914551742,,10,eric:EJ1049291,0,,,
109,109-bottge-2014,wwc-a,wwc,"Bottge, B. A., Ma, X., Gassaway, L., Toland, M.D., Butler, M., & Cho, S. (2014). Effects of blended instructional models on math performance. Exceptional Children, 80(4), 423-437.",4,eric,EJ1014346,Effects of Enhanced Anchored Instruction on Skills Aligned to Common Core Math Standards,2013,"Bottge, Brian A.; Cho, Sun-Joo",https://eric.ed.gov/?id=EJ1014346,,6,,0,,,
109,109-bottge-2014,wwc-a,wwc,"Bottge, B. A., Ma, X., Gassaway, L., Toland, M.D., Butler, M., & Cho, S. (2014). Effects of blended instructional models on math performance. Exceptional Children, 80(4), 423-437.",5,eric,ED578181,Multilevel Multidimensional Item Response Model with a Multilevel Latent Covariate,2015,"Cho, Sun-Joo; Bottge, Brian A.",https://eric.ed.gov/?id=ED578181,https://files.eric.ed.gov/fulltext/ED578181.pdf,5,,0,,,
109,109-bottge-2014,wwc-a,wwc,"Bottge, B. A., Ma, X., Gassaway, L., Toland, M.D., Butler, M., & Cho, S. (2014). Effects of blended instructional models on math performance. Exceptional Children, 80(4), 423-437.",6,eric,ED578191,Detecting Intervention Effects Using a Multilevel Latent Transition Analysis with a Mixture IRT Model,2013,"Cho, Sun-Joo; Cohen, Allan S.; Bottge, Brian",https://eric.ed.gov/?id=ED578191,https://files.eric.ed.gov/fulltext/ED578191.pdf,5,,0,,,
109,109-bottge-2014,wwc-a,wwc,"Bottge, B. A., Ma, X., Gassaway, L., Toland, M.D., Butler, M., & Cho, S. (2014). Effects of blended instructional models on math performance. Exceptional Children, 80(4), 423-437.",7,eric,ED578182,Detecting Intervention Effects in a Cluster-Randomized Design Using Multilevel Structural Equation Modeling for Binary Responses,2015,"Cho, Sun-Joo; Preacher, Kristopher J.; Bottge, Brian A.",https://eric.ed.gov/?id=ED578182,https://files.eric.ed.gov/fulltext/ED578182.pdf,5,,0,,,
109,109-bottge-2014,wwc-a,wwc,"Bottge, B. A., Ma, X., Gassaway, L., Toland, M.D., Butler, M., & Cho, S. (2014). Effects of blended instructional models on math performance. Exceptional Children, 80(4), 423-437.",8,crossref,10.1177/004005990103400102,Building Ramps and Hovercrafts—and Improving Math Skills,2001,Bottge,https://doi.org/10.1177/004005990103400102,,4,,0,,,
113,113-bradshaw-2010,wwc-a,wwc,"Bradshaw, Catherine P.,Mitchell, Mary M.,Leaf, Philip J. (2010). Examining the Effects of Schoolwide Positive Behavioral Interventions and Supports on Student Outcomes: Results from a Randomized Controlled Effectiveness Trial in Elementary Schools. Journal of Positive Behavior Interventions, 12(3), 133-148.",1,crossref,10.1177/1098300709334798,Examining the Effects of Schoolwide Positive Behavioral Interventions and Supports on Student Outcomes,2009,Bradshaw; Mitchell; Leaf,https://doi.org/10.1177/1098300709334798,,9,,1,api-crossref,,
113,113-bradshaw-2010,wwc-a,wwc,"Bradshaw, Catherine P.,Mitchell, Mary M.,Leaf, Philip J. (2010). Examining the Effects of Schoolwide Positive Behavioral Interventions and Supports on Student Outcomes: Results from a Randomized Controlled Effectiveness Trial in Elementary Schools. Journal of Positive Behavior Interventions, 12(3), 133-148.",2,crossref,10.1353/etc.0.0025,Implementation of School-Wide Positive Behavioral Interventions and Supports (PBIS) in Elementary Schools: Observations from a Randomized Trial,2008,Catherine P. Bradshaw; Wendy M. Reinke; Louis D. Brown; Katherine B. Bevans; Philip J. Leaf,https://doi.org/10.1353/etc.0.0025,,6,,0,,,
113,113-bradshaw-2010,wwc-a,wwc,"Bradshaw, Catherine P.,Mitchell, Mary M.,Leaf, Philip J. (2010). Examining the Effects of Schoolwide Positive Behavioral Interventions and Supports on Student Outcomes: Results from a Randomized Controlled Effectiveness Trial in Elementary Schools. Journal of Positive Behavior Interventions, 12(3), 133-148.",3,crossref,10.1037/a0037630,Examining variation in the impact of school-wide positive behavioral interventions and supports: Findings from a randomized controlled effectiveness trial.,2015,Bradshaw; Waasdorp; Leaf,https://doi.org/10.1037/a0037630,,6,,0,,,
113,113-bradshaw-2010,wwc-a,wwc,"Bradshaw, Catherine P.,Mitchell, Mary M.,Leaf, Philip J. (2010). Examining the Effects of Schoolwide Positive Behavioral Interventions and Supports on Student Outcomes: Results from a Randomized Controlled Effectiveness Trial in Elementary Schools. Journal of Positive Behavior Interventions, 12(3), 133-148.",4,crossref,10.1007/s11121-008-0114-9,Altering School Climate through School-Wide Positive Behavioral Interventions and Supports: Findings from a Group-Randomized Effectiveness Trial,2008,Bradshaw; Koth; Thornton; Leaf,https://doi.org/10.1007/s11121-008-0114-9,,6,,0,,,
113,113-bradshaw-2010,wwc-a,wwc,"Bradshaw, Catherine P.,Mitchell, Mary M.,Leaf, Philip J. (2010). Examining the Effects of Schoolwide Positive Behavioral Interventions and Supports on Student Outcomes: Results from a Randomized Controlled Effectiveness Trial in Elementary Schools. Journal of Positive Behavior Interventions, 12(3), 133-148.",5,eric,EJ864444,"The Power of ""e"": Extending the ""E"" in ACE",2009,"Bradshaw, Delia",https://eric.ed.gov/?id=EJ864444,https://files.eric.ed.gov/fulltext/EJ864444.pdf,5,,0,,,
113,113-bradshaw-2010,wwc-a,wwc,"Bradshaw, Catherine P.,Mitchell, Mary M.,Leaf, Philip J. (2010). Examining the Effects of Schoolwide Positive Behavioral Interventions and Supports on Student Outcomes: Results from a Randomized Controlled Effectiveness Trial in Elementary Schools. Journal of Positive Behavior Interventions, 12(3), 133-148.",6,eric,EJ843436,Teachers' Attitudes and Concerns towards Integrating Students with Special Needs in Regular Classrooms: A United Arab Emirates Perspective,2009,"Bradshaw, Keith",https://eric.ed.gov/?id=EJ843436,,5,,0,,,
113,113-bradshaw-2010,wwc-a,wwc,"Bradshaw, Catherine P.,Mitchell, Mary M.,Leaf, Philip J. (2010). Examining the Effects of Schoolwide Positive Behavioral Interventions and Supports on Student Outcomes: Results from a Randomized Controlled Effectiveness Trial in Elementary Schools. Journal of Positive Behavior Interventions, 12(3), 133-148.",7,eric,ED522090,An Analysis of Directors' Views on Educational Technology Professional Development in 21st Century Community Learning Center Programs,2010,"Bradshaw, L. Daniele",https://eric.ed.gov/?id=ED522090,,5,,0,,,
113,113-bradshaw-2010,wwc-a,wwc,"Bradshaw, Catherine P.,Mitchell, Mary M.,Leaf, Philip J. (2010). Examining the Effects of Schoolwide Positive Behavioral Interventions and Supports on Student Outcomes: Results from a Randomized Controlled Effectiveness Trial in Elementary Schools. Journal of Positive Behavior Interventions, 12(3), 133-148.",8,eric,EJ868727,School Boards: Emerging Governance Challenges,2010,"Bradshaw, Patricia; Osborne, Rachel",https://eric.ed.gov/?id=EJ868727,,5,,0,,,
117,117-brandt-2013,wwc-a,wwc,"Brandt, C., Meyers, C., & Molefe, A. (2013). The impact of eMINTS professional development on teacher instruction and student achievement: Year 1 report. Washington, DC: American Institutes for Research.",1,eric,EJ1036718,"Everyday Pedagogical Practices in Mathematical Play Situations in German ""Kindergarten""",2013,"Brandt, Birgit",https://eric.ed.gov/?id=EJ1036718,,6,,0,low-margin,,
117,117-brandt-2013,wwc-a,wwc,"Brandt, C., Meyers, C., & Molefe, A. (2013). The impact of eMINTS professional development on teacher instruction and student achievement: Year 1 report. Washington, DC: American Institutes for Research.",2,crossref,10.3102/0162373716638446,Impact Results of the eMINTS Professional Development Validation Study,2016,Meyers; Molefe; Brandt; Zhu; Dhillon,https://doi.org/10.3102/0162373716638446,,5,,0,,,
117,117-brandt-2013,wwc-a,wwc,"Brandt, C., Meyers, C., & Molefe, A. (2013). The impact of eMINTS professional development on teacher instruction and student achievement: Year 1 report. Washington, DC: American Institutes for Research.",3,eric,EJ1012245,Classroom Activities for Introducing Equivalence Relations,2013,"Brandt, Jim",https://eric.ed.gov/?id=EJ1012245,,5,,0,,,
117,117-brandt-2013,wwc-a,wwc,"Brandt, C., Meyers, C., & Molefe, A. (2013). The impact of eMINTS professional development on teacher instruction and student achievement: Year 1 report. Washington, DC: American Institutes for Research.",4,eric,EJ1035251,A Tool Kit for Building Life Skills Using Experiential Education and Games,2013,"Brandt, Brian",https://eric.ed.gov/?id=EJ1035251,,5,,0,,,
117,117-brandt-2013,wwc-a,wwc,"Brandt, C., Meyers, C., & Molefe, A. (2013). The impact of eMINTS professional development on teacher instruction and student achievement: Year 1 report. Washington, DC: American Institutes for Research.",5,eric,EJ971001,Connecting Related Rates and Differential Equations,2012,"Brandt, Keith",https://eric.ed.gov/?id=EJ971001,,5,,0,,,
117,117-brandt-2013,wwc-a,wwc,"Brandt, C., Meyers, C., & Molefe, A. (2013). The impact of eMINTS professional development on teacher instruction and student achievement: Year 1 report. Washington, DC: American Institutes for Research.",6,eric,EJ985279,Leading Change: Transitioning to the Common Core,2012,"Brandt, Brian",https://eric.ed.gov/?id=EJ985279,,5,,0,,,
117,117-brandt-2013,wwc-a,wwc,"Brandt, C., Meyers, C., & Molefe, A. (2013). The impact of eMINTS professional development on teacher instruction and student achievement: Year 1 report. Washington, DC: American Institutes for Research.",7,eric,ED556017,"The Role of Humor and Its Influence on the Self-Perceived and Others-Perceived Conflict Management Styles of Line Officers in Institutions of Higher Learning Serving Deaf, Hard-of-Hearing, and Hearing Students",2013,"Brandt, Susan Elaine",https://eric.ed.gov/?id=ED556017,,5,,0,,,
117,117-brandt-2013,wwc-a,wwc,"Brandt, C., Meyers, C., & Molefe, A. (2013). The impact of eMINTS professional development on teacher instruction and student achievement: Year 1 report. Washington, DC: American Institutes for Research.",8,eric,ED549865,Utilizing an Early Childhood Science Curriculum: Factors Influencing Implementation and How Variations Affect Students' Skills and Attitudes,2012,"Shamas-Brandt, Ellen",https://eric.ed.gov/?id=ED549865,,5,,0,,,
170,170-clark-2013,wwc-a,wwc,"Clark, M. A., Chiang, H. S., Silva, T., McConnell, S., Sonnenfeld, K., Erbe, A., & Puma, M. (2013). The effectiveness of secondary math teachers from Teach For America and the Teaching Fellows programs (NCEE 2013-4015). Washington, DC: National Center for Education Evaluation and Regional Assistance, Institute of Education Sciences, U.S. Department of Education.",1,crossref,10.1002/pam.21958,Supplying Disadvantaged Schools with Effective Teachers: Experimental Evidence on Secondary Math Teachers from Teach For America,2016,Chiang; Clark; McConnell,https://doi.org/10.1002/pam.21958,,6,,0,low-margin,,
170,170-clark-2013,wwc-a,wwc,"Clark, M. A., Chiang, H. S., Silva, T., McConnell, S., Sonnenfeld, K., Erbe, A., & Puma, M. (2013). The effectiveness of secondary math teachers from Teach For America and the Teaching Fellows programs (NCEE 2013-4015). Washington, DC: National Center for Education Evaluation and Regional Assistance, Institute of Education Sciences, U.S. Department of Education.",2,crossref,10.18546/ret.31.1.03,Literacy teaching – from government policy to classroom practice,2013,Clark,https://doi.org/10.18546/ret.31.1.03,,5,,0,,,
170,170-clark-2013,wwc-a,wwc,"Clark, M. A., Chiang, H. S., Silva, T., McConnell, S., Sonnenfeld, K., Erbe, A., & Puma, M. (2013). The effectiveness of secondary math teachers from Teach For America and the Teaching Fellows programs (NCEE 2013-4015). Washington, DC: National Center for Education Evaluation and Regional Assistance, Institute of Education Sciences, U.S. Department of Education.",3,eric,EJ1014491,Social Equity Theory and Racial-Ethnic Achievement Gaps,2013,"McKown, Clark",https://eric.ed.gov/?id=EJ1014491,,5,,0,,,
170,170-clark-2013,wwc-a,wwc,"Clark, M. A., Chiang, H. S., Silva, T., McConnell, S., Sonnenfeld, K., Erbe, A., & Puma, M. (2013). The effectiveness of secondary math teachers from Teach For America and the Teaching Fellows programs (NCEE 2013-4015). Washington, DC: National Center for Education Evaluation and Regional Assistance, Institute of Education Sciences, U.S. Department of Education.",4,eric,EJ1017138,"A Sense of Place: Variation, Linguistic Hegemony and the Teaching of Literacy in English",2013,"Clark, Urszula",https://eric.ed.gov/?id=EJ1017138,https://files.eric.ed.gov/fulltext/EJ1017138.pdf,5,,0,,,
170,170-clark-2013,wwc-a,wwc,"Clark, M. A., Chiang, H. S., Silva, T., McConnell, S., Sonnenfeld, K., Erbe, A., & Puma, M. (2013). The effectiveness of secondary math teachers from Teach For America and the Teaching Fellows programs (NCEE 2013-4015). Washington, DC: National Center for Education Evaluation and Regional Assistance, Institute of Education Sciences, U.S. Department of Education.",5,eric,EJ1020021,"Equitable Learning Outcomes: Supporting Economically and Culturally Disadvantaged Students in ""Formative Learning Environments""",2014,"Clark, Ian",https://eric.ed.gov/?id=EJ1020021,,5,,0,,,
170,170-clark-2013,wwc-a,wwc,"Clark, M. A., Chiang, H. S., Silva, T., McConnell, S., Sonnenfeld, K., Erbe, A., & Puma, M. (2013). The effectiveness of secondary math teachers from Teach For America and the Teaching Fellows programs (NCEE 2013-4015). Washington, DC: National Center for Education Evaluation and Regional Assistance, Institute of Education Sciences, U.S. Department of Education.",6,eric,EJ1022364,"""What's Your BiQ?""",2013,"Clark, Theresa",https://eric.ed.gov/?id=EJ1022364,,5,,0,,,
170,170-clark-2013,wwc-a,wwc,"Clark, M. A., Chiang, H. S., Silva, T., McConnell, S., Sonnenfeld, K., Erbe, A., & Puma, M. (2013). The effectiveness of secondary math teachers from Teach For America and the Teaching Fellows programs (NCEE 2013-4015). Washington, DC: National Center for Education Evaluation and Regional Assistance, Institute of Education Sciences, U.S. Department of Education.",7,eric,EJ1011500,De-Mystifying Inventive Thinking: A Survey with Pedagogic Implications,2013,"Clark, Andre",https://eric.ed.gov/?id=EJ1011500,,5,,0,,,
170,170-clark-2013,wwc-a,wwc,"Clark, M. A., Chiang, H. S., Silva, T., McConnell, S., Sonnenfeld, K., Erbe, A., & Puma, M. (2013). The effectiveness of secondary math teachers from Teach For America and the Teaching Fellows programs (NCEE 2013-4015). Washington, DC: National Center for Education Evaluation and Regional Assistance, Institute of Education Sciences, U.S. Department of Education.",8,eric,EJ1043725,Should We Let the Pigeon Stay up Late?,2014,"Clark, Brandi",https://eric.ed.gov/?id=EJ1043725,,5,,0,,,
171,171-clark-2015,wwc-a,wwc,"Clark, M. A., Isenberg, E., Liu, A. Y., Makowsky, L., & Zukiewicz, M. (2015). Impacts of the Teach for America Investing in Innovation scale-up. Princeton, NJ: Mathematica Policy Research. Retrieved from http://www.mathematica-mpr.com",1,crossref,10.1257/rct.184-2.0,Evaluation of the Teach For America Investing in Innovation Scale-Up,2013,Clark; Isenberg,https://doi.org/10.1257/rct.184-2.0,,6,crossref:10.1257/rct.184-1.0,0,ambiguous,,
171,171-clark-2015,wwc-a,wwc,"Clark, M. A., Isenberg, E., Liu, A. Y., Makowsky, L., & Zukiewicz, M. (2015). Impacts of the Teach for America Investing in Innovation scale-up. Princeton, NJ: Mathematica Policy Research. Retrieved from http://www.mathematica-mpr.com",2,eric,EJ1423142,Anyone for Tennis?--A Case-Study on Gender Bias in a Japanese Junior High School English Language Textbook,2015,Ian Clark,https://eric.ed.gov/?id=EJ1423142,https://files.eric.ed.gov/fulltext/EJ1423142.pdf,6,,0,,,
171,171-clark-2015,wwc-a,wwc,"Clark, M. A., Isenberg, E., Liu, A. Y., Makowsky, L., & Zukiewicz, M. (2015). Impacts of the Teach for America Investing in Innovation scale-up. Princeton, NJ: Mathematica Policy Research. Retrieved from http://www.mathematica-mpr.com",3,eric,EJ1230528,Making Literacy Relevant to Adolescent Learners,2016,"Clark, Lisa",https://eric.ed.gov/?id=EJ1230528,https://files.eric.ed.gov/fulltext/EJ1230528.pdf,6,,0,,,
171,171-clark-2015,wwc-a,wwc,"Clark, M. A., Isenberg, E., Liu, A. Y., Makowsky, L., & Zukiewicz, M. (2015). Impacts of the Teach for America Investing in Innovation scale-up. Princeton, NJ: Mathematica Policy Research. Retrieved from http://www.mathematica-mpr.com",4,eric,EJ1020021,"Equitable Learning Outcomes: Supporting Economically and Culturally Disadvantaged Students in ""Formative Learning Environments""",2014,"Clark, Ian",https://eric.ed.gov/?id=EJ1020021,,5,,0,,,
171,171-clark-2015,wwc-a,wwc,"Clark, M. A., Isenberg, E., Liu, A. Y., Makowsky, L., & Zukiewicz, M. (2015). Impacts of the Teach for America Investing in Innovation scale-up. Princeton, NJ: Mathematica Policy Research. Retrieved from http://www.mathematica-mpr.com",5,eric,EJ1043725,Should We Let the Pigeon Stay up Late?,2014,"Clark, Brandi",https://eric.ed.gov/?id=EJ1043725,,5,,0,,,
171,171-clark-2015,wwc-a,wwc,"Clark, M. A., Isenberg, E., Liu, A. Y., Makowsky, L., & Zukiewicz, M. (2015). Impacts of the Teach for America Investing in Innovation scale-up. Princeton, NJ: Mathematica Policy Research. Retrieved from http://www.mathematica-mpr.com",6,eric,EJ1035726,Avoiding the Blank Stare: Teacher Training with the Gradual Release of Responsibility in Mind,2014,"Clark, Sandra",https://eric.ed.gov/?id=EJ1035726,https://files.eric.ed.gov/fulltext/EJ1035726.pdf,5,,0,,,
171,171-clark-2015,wwc-a,wwc,"Clark, M. A., Isenberg, E., Liu, A. Y., Makowsky, L., & Zukiewicz, M. (2015). Impacts of the Teach for America Investing in Innovation scale-up. Princeton, NJ: Mathematica Policy Research. Retrieved from http://www.mathematica-mpr.com",7,eric,EJ1149461,Considering Intersectionality in Multiculturalism,2015,"Clark, Madeline",https://eric.ed.gov/?id=EJ1149461,,5,,0,,,
171,171-clark-2015,wwc-a,wwc,"Clark, M. A., Isenberg, E., Liu, A. Y., Makowsky, L., & Zukiewicz, M. (2015). Impacts of the Teach for America Investing in Innovation scale-up. Princeton, NJ: Mathematica Policy Research. Retrieved from http://www.mathematica-mpr.com",8,eric,EJ1198299,A Qualitative Analytic Case Study of Subliminal Gender Bias in Japanese ELTs,2016,"Clark, Ian",https://eric.ed.gov/?id=EJ1198299,,5,,0,,,
219,219-decesare-2017,wwc-a,wwc,"DeCesare, D., McClelland, A., & Randel, B. (2017). Impacts of the Retired Mentors for New Teachers program (REL 2017-225). Washington, DC: U.S. Department of Education, Institute of Education Sciences, National Center for Education Evaluation and Regional Assistance, Regional Educational Laboratory Central. Retrieved from http://ies.ed.gov/ncee/ edlabs.",1,eric,ED573097,Impacts of the Retired Mentors for New Teachers Program. REL 2017-225,2017,"DeCesare, Dale; McClelland, Abby; Randel, Bruce",https://eric.ed.gov/?id=ED573097,https://files.eric.ed.gov/fulltext/ED573097.pdf,9,,1,api-eric,,
219,219-decesare-2017,wwc-a,wwc,"DeCesare, D., McClelland, A., & Randel, B. (2017). Impacts of the Retired Mentors for New Teachers program (REL 2017-225). Washington, DC: U.S. Department of Education, Institute of Education Sciences, National Center for Education Evaluation and Regional Assistance, Regional Educational Laboratory Central. Retrieved from http://ies.ed.gov/ncee/ edlabs.",2,eric,ED565612,How Do School Districts Mentor New Teachers? REL 2016-125,2016,"DeCesare, Dale; Workman, Simon; McClelland, Abby",https://eric.ed.gov/?id=ED565612,https://files.eric.ed.gov/fulltext/ED565612.pdf,6,,0,,,
219,219-decesare-2017,wwc-a,wwc,"DeCesare, D., McClelland, A., & Randel, B. (2017). Impacts of the Retired Mentors for New Teachers program (REL 2017-225). Washington, DC: U.S. Department of Education, Institute of Education Sciences, National Center for Education Evaluation and Regional Assistance, Regional Educational Laboratory Central. Retrieved from http://ies.ed.gov/ncee/ edlabs.",3,eric,EJ1113126,A Capabilities Based Critique of Gutmann's Democratic Interpretation of Equal Educational Opportunity,2016,"DeCesare, Tony",https://eric.ed.gov/?id=EJ1113126,https://files.eric.ed.gov/fulltext/EJ1113126.pdf,5,,0,,,
219,219-decesare-2017,wwc-a,wwc,"DeCesare, D., McClelland, A., & Randel, B. (2017). Impacts of the Retired Mentors for New Teachers program (REL 2017-225). Washington, DC: U.S. Department of Education, Institute of Education Sciences, National Center for Education Evaluation and Regional Assistance, Regional Educational Laboratory Central. Retrieved from http://ies.ed.gov/ncee/ edlabs.",4,eric,EJ1158023,"Re-Thinking the Conceptual and Normative Implications of the ""Capability to Be Educated"": Children and the Pursuit of Educational Equality",2017,"DeCesare, Tony",https://eric.ed.gov/?id=EJ1158023,https://files.eric.ed.gov/fulltext/EJ1158023.pdf,5,,0,,,
219,219-decesare-2017,wwc-a,wwc,"DeCesare, D., McClelland, A., & Randel, B. (2017). Impacts of the Retired Mentors for New Teachers program (REL 2017-225). Washington, DC: U.S. Department of Education, Institute of Education Sciences, National Center for Education Evaluation and Regional Assistance, Regional Educational Laboratory Central. Retrieved from http://ies.ed.gov/ncee/ edlabs.",5,crossref,10.4135/9781483328898.n1,New Special Education Teachers,2005,,https://doi.org/10.4135/9781483328898.n1,,2,,0,,,
219,219-decesare-2017,wwc-a,wwc,"DeCesare, D., McClelland, A., & Randel, B. (2017). Impacts of the Retired Mentors for New Teachers program (REL 2017-225). Washington, DC: U.S. Department of Education, Institute of Education Sciences, National Center for Education Evaluation and Regional Assistance, Regional Educational Laboratory Central. Retrieved from http://ies.ed.gov/ncee/ edlabs.",6,crossref,10.1037/e301582003-001,"Child Care and Early Education Program Participation of Infants, Toddlers, and Preschoolers",1996,,https://doi.org/10.1037/e301582003-001,,0,,0,,,
219,219-decesare-2017,wwc-a,wwc,"DeCesare, D., McClelland, A., & Randel, B. (2017). Impacts of the Retired Mentors for New Teachers program (REL 2017-225). Washington, DC: U.S. Department of Education, Institute of Education Sciences, National Center for Education Evaluation and Regional Assistance, Regional Educational Laboratory Central. Retrieved from http://ies.ed.gov/ncee/ edlabs.",7,crossref,10.4135/9781483328898.n2,Supports for Special Education Teachers,2005,,https://doi.org/10.4135/9781483328898.n2,,0,,0,,,
219,219-decesare-2017,wwc-a,wwc,"DeCesare, D., McClelland, A., & Randel, B. (2017). Impacts of the Retired Mentors for New Teachers program (REL 2017-225). Washington, DC: U.S. Department of Education, Institute of Education Sciences, National Center for Education Evaluation and Regional Assistance, Regional Educational Laboratory Central. Retrieved from http://ies.ed.gov/ncee/ edlabs.",8,crossref,10.3886/icpsr06877.v1,"National Household Education Survey, 1993",1997,,https://doi.org/10.3886/icpsr06877.v1,,0,crossref:10.3886/icpsr02149,0,,,
238,238-dolfin-2019,wwc-a,wwc,"Dolfin, Sarah,Richman, Scott,Choi, Jane,Streke, Andrei,DeSaw, Cheryl,Demers, Alicia,Poznyak, Dmitriy. (2019). Evaluation of the Teacher Potential Project. Washington D.C: Mathematica.",1,eric,ED604655,Evaluation of the Teacher Potential Project,2019,"Dolfin, Sarah; Richman, Scott; Choi, Jane; Streke, Andrei; DeSaw, Cheryl; Demers, Alicia; Poznyak, Dmitriy",https://eric.ed.gov/?id=ED604655,https://files.eric.ed.gov/fulltext/ED604655.pdf,12,,1,api-eric,,
238,238-dolfin-2019,wwc-a,wwc,"Dolfin, Sarah,Richman, Scott,Choi, Jane,Streke, Andrei,DeSaw, Cheryl,Demers, Alicia,Poznyak, Dmitriy. (2019). Evaluation of the Teacher Potential Project. Washington D.C: Mathematica.",2,eric,ED594037,Sustaining Effective Teacher Practice: The Impact of the EL Education Language Arts Curriculum and Professional Development on Teachers' Instruction. In Focus,2018,"Choi, Jane; Richman, Scott; Dolfin, Sarah",https://eric.ed.gov/?id=ED594037,https://files.eric.ed.gov/fulltext/ED594037.pdf,8,,0,,,
238,238-dolfin-2019,wwc-a,wwc,"Dolfin, Sarah,Richman, Scott,Choi, Jane,Streke, Andrei,DeSaw, Cheryl,Demers, Alicia,Poznyak, Dmitriy. (2019). Evaluation of the Teacher Potential Project. Washington D.C: Mathematica.",3,crossref,10.1007/978-3-030-23467-6_6,An Evaluation of the “Teach a Teacher” Project,2019,Morris,https://doi.org/10.1007/978-3-030-23467-6_6,,4,,0,,,
238,238-dolfin-2019,wwc-a,wwc,"Dolfin, Sarah,Richman, Scott,Choi, Jane,Streke, Andrei,DeSaw, Cheryl,Demers, Alicia,Poznyak, Dmitriy. (2019). Evaluation of the Teacher Potential Project. Washington D.C: Mathematica.",4,crossref,10.1016/j.tate.2019.05.005,How does learner-centered education affect teacher self-efficacy? The case of project-based learning in Korea,2019,Choi; Lee; Kim,https://doi.org/10.1016/j.tate.2019.05.005,,3,,0,,,
238,238-dolfin-2019,wwc-a,wwc,"Dolfin, Sarah,Richman, Scott,Choi, Jane,Streke, Andrei,DeSaw, Cheryl,Demers, Alicia,Poznyak, Dmitriy. (2019). Evaluation of the Teacher Potential Project. Washington D.C: Mathematica.",5,crossref,10.18653/v1/s19-2163,Fermi at SemEval-2019 Task 4: The sarah-jane-smith Hyperpartisan News Detector,2019,Chakravartula; Indurthi; Syed,https://doi.org/10.18653/v1/s19-2163,,2,,0,,,
238,238-dolfin-2019,wwc-a,wwc,"Dolfin, Sarah,Richman, Scott,Choi, Jane,Streke, Andrei,DeSaw, Cheryl,Demers, Alicia,Poznyak, Dmitriy. (2019). Evaluation of the Teacher Potential Project. Washington D.C: Mathematica.",6,crossref,10.1259/bjro.20180018,Effectiveness of a small breast screening programme: 25 year evaluation (25 year breast screening evaluation),2019,Nisbet; Borthwick-Clarke; Scott; Goulding; Jane,https://doi.org/10.1259/bjro.20180018,,2,,0,,,
238,238-dolfin-2019,wwc-a,wwc,"Dolfin, Sarah,Richman, Scott,Choi, Jane,Streke, Andrei,DeSaw, Cheryl,Demers, Alicia,Poznyak, Dmitriy. (2019). Evaluation of the Teacher Potential Project. Washington D.C: Mathematica.",7,crossref,10.1093/geroni/igac059.707,A MIXED METHODS EVALUATION OF PROJECT TRIP: KEY FINDINGS AND EXPANSION,2022,Schwartz; Richman; Scott; Liu; White; Doherty,https://doi.org/10.1093/geroni/igac059.707,,1,,0,,,
250,250-duncan-2018,wwc-a,wwc,"Duncan, T., Moeller, B., Schoeneberger, J., & Hitchcock, J. (2018). Assessing the impact of the Math for All professional development program on elementary school teachers and their students. Retrieved from https://bit.ly/2sqzUer.",1,crossref,10.3102/2286457,An Evaluation of The Math for All Professional Learning Program: A report on teacher Outcomes,2026,Moeller; Hitchcock; Schoeneberger; Duncan,https://doi.org/10.3102/2286457,,7,,0,low-margin,,
250,250-duncan-2018,wwc-a,wwc,"Duncan, T., Moeller, B., Schoeneberger, J., & Hitchcock, J. (2018). Assessing the impact of the Math for All professional development program on elementary school teachers and their students. Retrieved from https://bit.ly/2sqzUer.",2,eric,EJ1233469,School-Based Mathematics Teacher Professional Learning: A Theoretical Position on the Lesson Study Approach,2019,"Mhakure, Duncan",https://eric.ed.gov/?id=EJ1233469,https://files.eric.ed.gov/fulltext/EJ1233469.pdf,6,,0,,,
250,250-duncan-2018,wwc-a,wwc,"Duncan, T., Moeller, B., Schoeneberger, J., & Hitchcock, J. (2018). Assessing the impact of the Math for All professional development program on elementary school teachers and their students. Retrieved from https://bit.ly/2sqzUer.",3,crossref,10.1080/19477503.2022.2146361,The Role of Local Facilitators in Scaling up a Well-Specified Teacher Professional Learning Program,2022,Moeller; Rothschild; Duncan; Schoeneberger,https://doi.org/10.1080/19477503.2022.2146361,,5,,0,,,
250,250-duncan-2018,wwc-a,wwc,"Duncan, T., Moeller, B., Schoeneberger, J., & Hitchcock, J. (2018). Assessing the impact of the Math for All professional development program on elementary school teachers and their students. Retrieved from https://bit.ly/2sqzUer.",4,eric,EJ1149538,Writing in/of/and Educational Leadership: Reflections of a Journal Editor,2017,"Waite, Duncan",https://eric.ed.gov/?id=EJ1149538,,5,,0,,,
250,250-duncan-2018,wwc-a,wwc,"Duncan, T., Moeller, B., Schoeneberger, J., & Hitchcock, J. (2018). Assessing the impact of the Math for All professional development program on elementary school teachers and their students. Retrieved from https://bit.ly/2sqzUer.",5,eric,EJ1195024,Lend Me Your Ears: Mass Observing Contemporary Adult Reading Aloud Practices,2018,"Duncan, Sam",https://eric.ed.gov/?id=EJ1195024,,5,,0,,,
250,250-duncan-2018,wwc-a,wwc,"Duncan, T., Moeller, B., Schoeneberger, J., & Hitchcock, J. (2018). Assessing the impact of the Math for All professional development program on elementary school teachers and their students. Retrieved from https://bit.ly/2sqzUer.",6,eric,EJ1187676,Porter's Five Forces and the Coffee Industry,2018,"Duke, Duncan",https://eric.ed.gov/?id=EJ1187676,,5,,0,,,
250,250-duncan-2018,wwc-a,wwc,"Duncan, T., Moeller, B., Schoeneberger, J., & Hitchcock, J. (2018). Assessing the impact of the Math for All professional development program on elementary school teachers and their students. Retrieved from https://bit.ly/2sqzUer.",7,eric,EJ1154877,Touch-Initiated Reaction of Nitrogen Triiodide as a Template for Activation Energy Classroom Discussions,2017,"Short, Duncan",https://eric.ed.gov/?id=EJ1154877,,5,,0,,,
250,250-duncan-2018,wwc-a,wwc,"Duncan, T., Moeller, B., Schoeneberger, J., & Hitchcock, J. (2018). Assessing the impact of the Math for All professional development program on elementary school teachers and their students. Retrieved from https://bit.ly/2sqzUer.",8,eric,EJ1132894,"Writer, Reader, Student, Teacher: A Critical Analysis of Developments in the Discipline of English",2017,"Driver, Duncan",https://eric.ed.gov/?id=EJ1132894,,5,,0,,,
281,281-festas-2015,wwc-a,wwc,"Festas, I., Oliveira, A. L., Rebelo, J. A., Damião, M. H., Harris, K., & Graham, S. (2015). Professional development in self-regulated strategy development: Effects on the writing performance of eighth grade Portuguese students. Contemporary Educational Psychology, 40, 17–27.",1,crossref,10.1016/j.cedpsych.2014.05.004,Professional development in Self-Regulated Strategy Development: Effects on the writing performance of eighth grade Portuguese students,2015,Festas; Oliveira; Rebelo; Damião; Harris; Graham,https://doi.org/10.1016/j.cedpsych.2014.05.004,,11,,1,api-crossref,,
281,281-festas-2015,wwc-a,wwc,"Festas, I., Oliveira, A. L., Rebelo, J. A., Damião, M. H., Harris, K., & Graham, S. (2015). Professional development in self-regulated strategy development: Effects on the writing performance of eighth grade Portuguese students. Contemporary Educational Psychology, 40, 17–27.",2,crossref,10.1016/j.cedpsych.2014.02.003,"Practice-based professional development and Self-Regulated Strategy Development for Tier 2, at-risk writers in second grade",2015,Harris; Graham; Adkins,https://doi.org/10.1016/j.cedpsych.2014.02.003,,3,,0,,,
281,281-festas-2015,wwc-a,wwc,"Festas, I., Oliveira, A. L., Rebelo, J. A., Damião, M. H., Harris, K., & Graham, S. (2015). Professional development in self-regulated strategy development: Effects on the writing performance of eighth grade Portuguese students. Contemporary Educational Psychology, 40, 17–27.",3,crossref,10.1007/978-1-4612-2786-1_3,Self-Regulated Strategy Development: Programmatic Research in Writing,1992,Graham; Harris,https://doi.org/10.1007/978-1-4612-2786-1_3,,3,,0,,,
281,281-festas-2015,wwc-a,wwc,"Festas, I., Oliveira, A. L., Rebelo, J. A., Damião, M. H., Harris, K., & Graham, S. (2015). Professional development in self-regulated strategy development: Effects on the writing performance of eighth grade Portuguese students. Contemporary Educational Psychology, 40, 17–27.",4,crossref,10.1177/0022466907310370,The Effects of Self-Regulated Strategy Development on the Writing Performance of Second-Grade Students With Behavioral and Writing Difficulties,2008,Lane; Harris; Graham; Weisenbach; Brindle; Morphy,https://doi.org/10.1177/0022466907310370,,3,,0,,,
281,281-festas-2015,wwc-a,wwc,"Festas, I., Oliveira, A. L., Rebelo, J. A., Damião, M. H., Harris, K., & Graham, S. (2015). Professional development in self-regulated strategy development: Effects on the writing performance of eighth grade Portuguese students. Contemporary Educational Psychology, 40, 17–27.",5,crossref,10.1016/j.cedpsych.2004.08.001,"Improving the writing performance, knowledge, and self-efficacy of struggling young writers: The effects of self-regulated strategy development",2005,Graham; Harris; Mason,https://doi.org/10.1016/j.cedpsych.2004.08.001,,1,,0,,,
284,284-fitzgerald-2008,wwc-a,wwc,"Fitzgerald, R., & Hartry, A. (2008). What works in afterschool programs: The impact of a reading intervention on student achievement in the Brockton Public Schools (phase II). Berkeley, CA: MPR Associates, Inc. and the National Partnership for Quality Afterschool Learning at SEDL.",1,crossref,10.17763/haer.78.1.b12374m521j08812,Implementing a Structured Reading Program in an Afterschool Setting: Problems and Potential Solutions,2008,HARTRY; FITZGERALD; PORTER,https://doi.org/10.17763/haer.78.1.b12374m521j08812,,7,,0,low-margin,,
284,284-fitzgerald-2008,wwc-a,wwc,"Fitzgerald, R., & Hartry, A. (2008). What works in afterschool programs: The impact of a reading intervention on student achievement in the Brockton Public Schools (phase II). Berkeley, CA: MPR Associates, Inc. and the National Partnership for Quality Afterschool Learning at SEDL.",2,eric,ED515461,Exploring the Effects of Online Instruction on Reading Comprehension Achievement of Students with Learning Disabilities,2009,"Fitzgerald, Nancy Shuman",https://eric.ed.gov/?id=ED515461,,6,,0,,,
284,284-fitzgerald-2008,wwc-a,wwc,"Fitzgerald, R., & Hartry, A. (2008). What works in afterschool programs: The impact of a reading intervention on student achievement in the Brockton Public Schools (phase II). Berkeley, CA: MPR Associates, Inc. and the National Partnership for Quality Afterschool Learning at SEDL.",3,eric,EJ821832,The Tyranny of Bureaucracy: Continuing Challenges of Leading and Managing from the Middle,2009,"Fitzgerald, Tanya",https://eric.ed.gov/?id=EJ821832,,5,,0,,,
284,284-fitzgerald-2008,wwc-a,wwc,"Fitzgerald, R., & Hartry, A. (2008). What works in afterschool programs: The impact of a reading intervention on student achievement in the Brockton Public Schools (phase II). Berkeley, CA: MPR Associates, Inc. and the National Partnership for Quality Afterschool Learning at SEDL.",4,eric,EJ786255,Poster Project Maps Out Design Process,2007,"Fitzgerald, Mike",https://eric.ed.gov/?id=EJ786255,,5,,0,,,
284,284-fitzgerald-2008,wwc-a,wwc,"Fitzgerald, R., & Hartry, A. (2008). What works in afterschool programs: The impact of a reading intervention on student achievement in the Brockton Public Schools (phase II). Berkeley, CA: MPR Associates, Inc. and the National Partnership for Quality Afterschool Learning at SEDL.",5,eric,EJ810029,The Continuing Politics of Mistrust: Performance Management and the Erosion of Professional Work,2008,"Fitzgerald, Tanya",https://eric.ed.gov/?id=EJ810029,,5,,0,,,
284,284-fitzgerald-2008,wwc-a,wwc,"Fitzgerald, R., & Hartry, A. (2008). What works in afterschool programs: The impact of a reading intervention on student achievement in the Brockton Public Schools (phase II). Berkeley, CA: MPR Associates, Inc. and the National Partnership for Quality Afterschool Learning at SEDL.",6,eric,EJ814702,An Absent Presence: Women Professors at the University of New Zealand 1911-1961,2007,"Fitzgerald, Tanya",https://eric.ed.gov/?id=EJ814702,,5,,0,,,
284,284-fitzgerald-2008,wwc-a,wwc,"Fitzgerald, R., & Hartry, A. (2008). What works in afterschool programs: The impact of a reading intervention on student achievement in the Brockton Public Schools (phase II). Berkeley, CA: MPR Associates, Inc. and the National Partnership for Quality Afterschool Learning at SEDL.",7,eric,EJ779079,Dramatizing Physical Education: Using Drama in Research,2007,"Fitzgerald, Hayley",https://eric.ed.gov/?id=EJ779079,,5,,0,,,
284,284-fitzgerald-2008,wwc-a,wwc,"Fitzgerald, R., & Hartry, A. (2008). What works in afterschool programs: The impact of a reading intervention on student achievement in the Brockton Public Schools (phase II). Berkeley, CA: MPR Associates, Inc. and the National Partnership for Quality Afterschool Learning at SEDL.",8,eric,EJ769225,Write Right!: Owners' Manual Project Develops Communication Skills,2007,"Fitzgerald, Mike",https://eric.ed.gov/?id=EJ769225,,5,,0,,,
302,302-fryer-2012,wwc-a,wwc,"Fryer, R. G., Levitt, S. D., List, J., & Sadoff, S. (2012). Enhancing the efficacy of teacher incentives through loss aversion: A field experiment. Working Paper 18237. Cambridge, MA: National Bureau of Economic Research.",1,crossref,10.3386/w18237,Enhancing the Efficacy of Teacher Incentives through Loss Aversion: A Field Experiment,2012,Fryer; Levitt; List; Sadoff,https://doi.org/10.3386/w18237,,10,crossref:10.1257/pol.20190287 crossref:10.1257/rct.1971-1.0 crossref:10.1257/rct.1971 crossref:10.1257/rct.4171,1,api-crossref,,
302,302-fryer-2012,wwc-a,wwc,"Fryer, R. G., Levitt, S. D., List, J., & Sadoff, S. (2012). Enhancing the efficacy of teacher incentives through loss aversion: A field experiment. Working Paper 18237. Cambridge, MA: National Bureau of Economic Research.",2,eric,EJ1088483,Some Key Issues in Creativity Research and Evaluation as Seen from a Psychological Perspective,2012,"Fryer, Marilyn",https://eric.ed.gov/?id=EJ1088483,,5,,0,,,
302,302-fryer-2012,wwc-a,wwc,"Fryer, R. G., Levitt, S. D., List, J., & Sadoff, S. (2012). Enhancing the efficacy of teacher incentives through loss aversion: A field experiment. Working Paper 18237. Cambridge, MA: National Bureau of Economic Research.",3,eric,EJ943819,"New Strategy, Same Old Problems",2011,"Fryer, Bob",https://eric.ed.gov/?id=EJ943819,,5,,0,,,
302,302-fryer-2012,wwc-a,wwc,"Fryer, R. G., Levitt, S. D., List, J., & Sadoff, S. (2012). Enhancing the efficacy of teacher incentives through loss aversion: A field experiment. Working Paper 18237. Cambridge, MA: National Bureau of Economic Research.",4,eric,ED528606,"Aligning Student, Parent, and Teacher Incentives: Evidence from Houston Public Schools. NBER Working Paper No. 17752",2012,"Fryer, Roland, Jr.",https://eric.ed.gov/?id=ED528606,,5,,0,,,
302,302-fryer-2012,wwc-a,wwc,"Fryer, R. G., Levitt, S. D., List, J., & Sadoff, S. (2012). Enhancing the efficacy of teacher incentives through loss aversion: A field experiment. Working Paper 18237. Cambridge, MA: National Bureau of Economic Research.",5,eric,ED517012,Teacher Incentives and Student Achievement: Evidence from New York City Public Schools. NBER Working Paper No. 16850,2011,"Fryer, Roland G.",https://eric.ed.gov/?id=ED517012,,5,,0,,,
302,302-fryer-2012,wwc-a,wwc,"Fryer, R. G., Levitt, S. D., List, J., & Sadoff, S. (2012). Enhancing the efficacy of teacher incentives through loss aversion: A field experiment. Working Paper 18237. Cambridge, MA: National Bureau of Economic Research.",6,eric,ED553381,Reflective Thinkers: An Examination of the Development of the Student Teachers' Journal Reflections during the Student Teaching Experience,2013,"Fryer, Christine L.",https://eric.ed.gov/?id=ED553381,,5,,0,,,
302,302-fryer-2012,wwc-a,wwc,"Fryer, R. G., Levitt, S. D., List, J., & Sadoff, S. (2012). Enhancing the efficacy of teacher incentives through loss aversion: A field experiment. Working Paper 18237. Cambridge, MA: National Bureau of Economic Research.",7,eric,EJ966708,Languages for Specific Purposes Business Curriculum Creation and Implementation in the United States,2012,"Fryer, T. Bruce",https://eric.ed.gov/?id=EJ966708,,5,,0,,,
302,302-fryer-2012,wwc-a,wwc,"Fryer, R. G., Levitt, S. D., List, J., & Sadoff, S. (2012). Enhancing the efficacy of teacher incentives through loss aversion: A field experiment. Working Paper 18237. Cambridge, MA: National Bureau of Economic Research.",8,eric,ED536814,A Coherent Approach to High School Improvement: A District and School Self-Assessment Tool,2012,"Fryer, Lindsay; Johnson, Amy",https://eric.ed.gov/?id=ED536814,https://files.eric.ed.gov/fulltext/ED536814.pdf,5,,0,,,
322,322-fuchs-2013,wwc-a,wwc,"Fuchs, L. S., Schumacher, R. F., Long, J., Namkung, J., Hamlett, C. L., Cirino, P. T., ... Changas, P. (2013). Improving at-risk learners' understanding of fractions. Journal of Educational Psychology, 105(3), 683-700.",1,crossref,10.1037/a0032446,Improving at-risk learners’ understanding of fractions.,2013,Fuchs; Schumacher; Long; Namkung; Hamlett; Cirino; Jordan; Siegler; Gersten; Changas,https://doi.org/10.1037/a0032446,,13,,1,api-crossref,,
322,322-fuchs-2013,wwc-a,wwc,"Fuchs, L. S., Schumacher, R. F., Long, J., Namkung, J., Hamlett, C. L., Cirino, P. T., ... Changas, P. (2013). Improving at-risk learners' understanding of fractions. Journal of Educational Psychology, 105(3), 683-700.",2,crossref,10.1037/a0034341,Does working memory moderate the effects of fraction intervention? An aptitude–treatment interaction.,2014,Fuchs; Schumacher; Sterba; Long; Namkung; Malone; Hamlett; Jordan; Gersten; Siegler; Changas,https://doi.org/10.1037/a0034341,,10,,0,,,
322,322-fuchs-2013,wwc-a,wwc,"Fuchs, L. S., Schumacher, R. F., Long, J., Namkung, J., Hamlett, C. L., Cirino, P. T., ... Changas, P. (2013). Improving at-risk learners' understanding of fractions. Journal of Educational Psychology, 105(3), 683-700.",3,crossref,10.1037/a0036793,Does calculation or word-problem instruction provide a stronger route to prealgebraic knowledge?,2014,Fuchs; Powell; Cirino; Schumacher; Marrin; Hamlett; Fuchs; Compton; Changas,https://doi.org/10.1037/a0036793,,9,,0,,,
322,322-fuchs-2013,wwc-a,wwc,"Fuchs, L. S., Schumacher, R. F., Long, J., Namkung, J., Hamlett, C. L., Cirino, P. T., ... Changas, P. (2013). Improving at-risk learners' understanding of fractions. Journal of Educational Psychology, 105(3), 683-700.",4,crossref,10.1086/686303,"Effects of Intervention to Improve At-Risk Fourth Graders’ Understanding, Calculations, and Word Problems with Fractions",2016,Fuchs; Schumacher; Long; Namkung; Malone; Wang; Hamlett; Jordan; Siegler; Changas,https://doi.org/10.1086/686303,,8,,0,,,
322,322-fuchs-2013,wwc-a,wwc,"Fuchs, L. S., Schumacher, R. F., Long, J., Namkung, J., Hamlett, C. L., Cirino, P. T., ... Changas, P. (2013). Improving at-risk learners' understanding of fractions. Journal of Educational Psychology, 105(3), 683-700.",5,crossref,10.1037/edu0000073,Supported self-explaining during fraction intervention.,2016,Fuchs; Malone; Schumacher; Namkung; Hamlett; Jordan; Siegler; Gersten; Changas,https://doi.org/10.1037/edu0000073,,7,,0,,,
322,322-fuchs-2013,wwc-a,wwc,"Fuchs, L. S., Schumacher, R. F., Long, J., Namkung, J., Hamlett, C. L., Cirino, P. T., ... Changas, P. (2013). Improving at-risk learners' understanding of fractions. Journal of Educational Psychology, 105(3), 683-700.",6,eric,EJ963568,The Early Prevention of Mathematics Difficulty: Its Power and Limitations,2012,"Fuchs, Lynn S.; Fuchs, Douglas; Compton, Donald L.",https://eric.ed.gov/?id=EJ963568,,6,,0,,,
322,322-fuchs-2013,wwc-a,wwc,"Fuchs, L. S., Schumacher, R. F., Long, J., Namkung, J., Hamlett, C. L., Cirino, P. T., ... Changas, P. (2013). Improving at-risk learners' understanding of fractions. Journal of Educational Psychology, 105(3), 683-700.",7,eric,EJ996135,Reaching the Mountaintop: Addressing the Common Core Standards in Mathematics for Students with Mathematics Difficulties,2013,"Powell, Sarah R.; Fuchs, Lynn S.; Fuchs, Doug",https://eric.ed.gov/?id=EJ996135,,6,,0,,,
322,322-fuchs-2013,wwc-a,wwc,"Fuchs, L. S., Schumacher, R. F., Long, J., Namkung, J., Hamlett, C. L., Cirino, P. T., ... Changas, P. (2013). Improving at-risk learners' understanding of fractions. Journal of Educational Psychology, 105(3), 683-700.",8,eric,EJ1020478,Lighting the Fire: Finding Commitment and Purpose in Middle School,2013,"Fuchs, Janet",https://eric.ed.gov/?id=EJ1020478,,5,,0,,,
323,323-fuchs-2013,wwc-a,wwc,"Fuchs, L. S., Schumacher, R. F., Long, J., Namkung, J., Hamlett, C. L., Cirino, P. T., Jordan, N. C., Siegler, R., Gersten, R., & Changas, P. (2013). Improving At-Risk Learners' Understanding of Fractions. Fractions understanding intervention vs. control. Journal of Educational Psychology, 105(3), 683–700.",1,crossref,10.1037/a0032446,Improving at-risk learners’ understanding of fractions.,2013,Fuchs; Schumacher; Long; Namkung; Hamlett; Cirino; Jordan; Siegler; Gersten; Changas,https://doi.org/10.1037/a0032446,,13,,1,api-crossref,,
323,323-fuchs-2013,wwc-a,wwc,"Fuchs, L. S., Schumacher, R. F., Long, J., Namkung, J., Hamlett, C. L., Cirino, P. T., Jordan, N. C., Siegler, R., Gersten, R., & Changas, P. (2013). Improving At-Risk Learners' Understanding of Fractions. Fractions understanding intervention vs. control. Journal of Educational Psychology, 105(3), 683–700.",2,crossref,10.1037/a0034341,Does working memory moderate the effects of fraction intervention? An aptitude–treatment interaction.,2014,Fuchs; Schumacher; Sterba; Long; Namkung; Malone; Hamlett; Jordan; Gersten; Siegler; Changas,https://doi.org/10.1037/a0034341,,10,,0,,,
323,323-fuchs-2013,wwc-a,wwc,"Fuchs, L. S., Schumacher, R. F., Long, J., Namkung, J., Hamlett, C. L., Cirino, P. T., Jordan, N. C., Siegler, R., Gersten, R., & Changas, P. (2013). Improving At-Risk Learners' Understanding of Fractions. Fractions understanding intervention vs. control. Journal of Educational Psychology, 105(3), 683–700.",3,crossref,10.1086/686303,"Effects of Intervention to Improve At-Risk Fourth Graders’ Understanding, Calculations, and Word Problems with Fractions",2016,Fuchs; Schumacher; Long; Namkung; Malone; Wang; Hamlett; Jordan; Siegler; Changas,https://doi.org/10.1086/686303,,8,,0,,,
323,323-fuchs-2013,wwc-a,wwc,"Fuchs, L. S., Schumacher, R. F., Long, J., Namkung, J., Hamlett, C. L., Cirino, P. T., Jordan, N. C., Siegler, R., Gersten, R., & Changas, P. (2013). Improving At-Risk Learners' Understanding of Fractions. Fractions understanding intervention vs. control. Journal of Educational Psychology, 105(3), 683–700.",4,crossref,10.1037/edu0000073,Supported self-explaining during fraction intervention.,2016,Fuchs; Malone; Schumacher; Namkung; Hamlett; Jordan; Siegler; Gersten; Changas,https://doi.org/10.1037/edu0000073,,7,,0,,,
323,323-fuchs-2013,wwc-a,wwc,"Fuchs, L. S., Schumacher, R. F., Long, J., Namkung, J., Hamlett, C. L., Cirino, P. T., Jordan, N. C., Siegler, R., Gersten, R., & Changas, P. (2013). Improving At-Risk Learners' Understanding of Fractions. Fractions understanding intervention vs. control. Journal of Educational Psychology, 105(3), 683–700.",5,crossref,10.1111/cdev.12218,Sources of Individual Differences in Children's Understanding of Fractions,2014,Vukovic; Fuchs; Geary; Jordan; Gersten; Siegler,https://doi.org/10.1111/cdev.12218,,6,,0,,,
323,323-fuchs-2013,wwc-a,wwc,"Fuchs, L. S., Schumacher, R. F., Long, J., Namkung, J., Hamlett, C. L., Cirino, P. T., Jordan, N. C., Siegler, R., Gersten, R., & Changas, P. (2013). Improving At-Risk Learners' Understanding of Fractions. Fractions understanding intervention vs. control. Journal of Educational Psychology, 105(3), 683–700.",6,eric,EJ963568,The Early Prevention of Mathematics Difficulty: Its Power and Limitations,2012,"Fuchs, Lynn S.; Fuchs, Douglas; Compton, Donald L.",https://eric.ed.gov/?id=EJ963568,,6,,0,,,
323,323-fuchs-2013,wwc-a,wwc,"Fuchs, L. S., Schumacher, R. F., Long, J., Namkung, J., Hamlett, C. L., Cirino, P. T., Jordan, N. C., Siegler, R., Gersten, R., & Changas, P. (2013). Improving At-Risk Learners' Understanding of Fractions. Fractions understanding intervention vs. control. Journal of Educational Psychology, 105(3), 683–700.",7,eric,EJ996135,Reaching the Mountaintop: Addressing the Common Core Standards in Mathematics for Students with Mathematics Difficulties,2013,"Powell, Sarah R.; Fuchs, Lynn S.; Fuchs, Doug",https://eric.ed.gov/?id=EJ996135,,6,,0,,,
323,323-fuchs-2013,wwc-a,wwc,"Fuchs, L. S., Schumacher, R. F., Long, J., Namkung, J., Hamlett, C. L., Cirino, P. T., Jordan, N. C., Siegler, R., Gersten, R., & Changas, P. (2013). Improving At-Risk Learners' Understanding of Fractions. Fractions understanding intervention vs. control. Journal of Educational Psychology, 105(3), 683–700.",8,eric,EJ1020478,Lighting the Fire: Finding Commitment and Purpose in Middle School,2013,"Fuchs, Janet",https://eric.ed.gov/?id=EJ1020478,,5,,0,,,
340,340-gallagher-2015,wwc-a,wwc,"Gallagher, C., Huang, K., & Van Matre, J. (2015). STEM learning opportunities providing equity: An Investing in Innovation (i3) grant final evaluation report. San Francisco, CA: WestEd.",1,eric,EJ1043383,"""Yes, Master's"": A Graduate Degree's Moment in the Age of Higher Education Innovation",2014,"Gallagher, Sean",https://eric.ed.gov/?id=EJ1043383,,5,,0,ambiguous,,
340,340-gallagher-2015,wwc-a,wwc,"Gallagher, C., Huang, K., & Van Matre, J. (2015). STEM learning opportunities providing equity: An Investing in Innovation (i3) grant final evaluation report. San Francisco, CA: WestEd.",2,eric,EJ1043767,Making the Most of Mentor Texts,2014,"Gallagher, Kelly",https://eric.ed.gov/?id=EJ1043767,,5,,0,,,
340,340-gallagher-2015,wwc-a,wwc,"Gallagher, C., Huang, K., & Van Matre, J. (2015). STEM learning opportunities providing equity: An Investing in Innovation (i3) grant final evaluation report. San Francisco, CA: WestEd.",3,eric,EJ1113022,Welcome to the Post-Bachelor's World,2016,"Gallagher, Sean",https://eric.ed.gov/?id=EJ1113022,,5,,0,,,
340,340-gallagher-2015,wwc-a,wwc,"Gallagher, C., Huang, K., & Van Matre, J. (2015). STEM learning opportunities providing equity: An Investing in Innovation (i3) grant final evaluation report. San Francisco, CA: WestEd.",4,eric,EJ1067787,Civic Engagement and the Arts and Humanities: A UK Perspective,2015,"Gallagher, Tony",https://eric.ed.gov/?id=EJ1067787,,5,,0,,,
340,340-gallagher-2015,wwc-a,wwc,"Gallagher, C., Huang, K., & Van Matre, J. (2015). STEM learning opportunities providing equity: An Investing in Innovation (i3) grant final evaluation report. San Francisco, CA: WestEd.",5,eric,EJ1105968,The Social Habitus of Drama: The Ontario Drama Curriculum in Theory and Practice,2016,"Gallagher, Kathleen",https://eric.ed.gov/?id=EJ1105968,,5,,0,,,
340,340-gallagher-2015,wwc-a,wwc,"Gallagher, C., Huang, K., & Van Matre, J. (2015). STEM learning opportunities providing equity: An Investing in Innovation (i3) grant final evaluation report. San Francisco, CA: WestEd.",6,eric,EJ1103415,Shared Education in Northern Ireland: School Collaboration in Divided Societies,2016,"Gallagher, Tony",https://eric.ed.gov/?id=EJ1103415,,5,,0,,,
340,340-gallagher-2015,wwc-a,wwc,"Gallagher, C., Huang, K., & Van Matre, J. (2015). STEM learning opportunities providing equity: An Investing in Innovation (i3) grant final evaluation report. San Francisco, CA: WestEd.",7,eric,EJ1103449,What Data Can Do: A Teacher's View of Digital Tools for Formative Assessment,2016,"Gallagher, Kerry",https://eric.ed.gov/?id=EJ1103449,,5,,0,,,
340,340-gallagher-2015,wwc-a,wwc,"Gallagher, C., Huang, K., & Van Matre, J. (2015). STEM learning opportunities providing equity: An Investing in Innovation (i3) grant final evaluation report. San Francisco, CA: WestEd.",8,eric,EJ1107048,Socialization to Academic Language in a Kindergarten Classroom,2016,"Gallagher, Colleen",https://eric.ed.gov/?id=EJ1107048,,5,,0,,,
341,341-gallagher-2015,wwc-a,wwc,"Gallagher, H. A., Woodworth, K. R., & Arshan, N. L. (2015). Impact of the National Writing Project’s College-Ready Writers Program on teachers and students. Menlo Park, CA: SRI International.",1,crossref,10.1080/19345747.2017.1300361,Impact of the National Writing Project's College-Ready Writers Program in High-Need Rural Districts,2017,Gallagher; Arshan; Woodworth,https://doi.org/10.1080/19345747.2017.1300361,,8,,1,api-crossref,,
341,341-gallagher-2015,wwc-a,wwc,"Gallagher, H. A., Woodworth, K. R., & Arshan, N. L. (2015). Impact of the National Writing Project’s College-Ready Writers Program on teachers and students. Menlo Park, CA: SRI International.",2,eric,EJ1107048,Socialization to Academic Language in a Kindergarten Classroom,2016,"Gallagher, Colleen",https://eric.ed.gov/?id=EJ1107048,,6,,0,,,
341,341-gallagher-2015,wwc-a,wwc,"Gallagher, H. A., Woodworth, K. R., & Arshan, N. L. (2015). Impact of the National Writing Project’s College-Ready Writers Program on teachers and students. Menlo Park, CA: SRI International.",3,eric,EJ1043383,"""Yes, Master's"": A Graduate Degree's Moment in the Age of Higher Education Innovation",2014,"Gallagher, Sean",https://eric.ed.gov/?id=EJ1043383,,5,,0,,,
341,341-gallagher-2015,wwc-a,wwc,"Gallagher, H. A., Woodworth, K. R., & Arshan, N. L. (2015). Impact of the National Writing Project’s College-Ready Writers Program on teachers and students. Menlo Park, CA: SRI International.",4,eric,EJ1043767,Making the Most of Mentor Texts,2014,"Gallagher, Kelly",https://eric.ed.gov/?id=EJ1043767,,5,,0,,,
341,341-gallagher-2015,wwc-a,wwc,"Gallagher, H. A., Woodworth, K. R., & Arshan, N. L. (2015). Impact of the National Writing Project’s College-Ready Writers Program on teachers and students. Menlo Park, CA: SRI International.",5,eric,EJ1113022,Welcome to the Post-Bachelor's World,2016,"Gallagher, Sean",https://eric.ed.gov/?id=EJ1113022,,5,,0,,,
341,341-gallagher-2015,wwc-a,wwc,"Gallagher, H. A., Woodworth, K. R., & Arshan, N. L. (2015). Impact of the National Writing Project’s College-Ready Writers Program on teachers and students. Menlo Park, CA: SRI International.",6,eric,EJ1067787,Civic Engagement and the Arts and Humanities: A UK Perspective,2015,"Gallagher, Tony",https://eric.ed.gov/?id=EJ1067787,,5,,0,,,
341,341-gallagher-2015,wwc-a,wwc,"Gallagher, H. A., Woodworth, K. R., & Arshan, N. L. (2015). Impact of the National Writing Project’s College-Ready Writers Program on teachers and students. Menlo Park, CA: SRI International.",7,eric,EJ1105968,The Social Habitus of Drama: The Ontario Drama Curriculum in Theory and Practice,2016,"Gallagher, Kathleen",https://eric.ed.gov/?id=EJ1105968,,5,,0,,,
341,341-gallagher-2015,wwc-a,wwc,"Gallagher, H. A., Woodworth, K. R., & Arshan, N. L. (2015). Impact of the National Writing Project’s College-Ready Writers Program on teachers and students. Menlo Park, CA: SRI International.",8,eric,EJ1103415,Shared Education in Northern Ireland: School Collaboration in Divided Societies,2016,"Gallagher, Tony",https://eric.ed.gov/?id=EJ1103415,,5,,0,,,
362,362-glazerman-2012,wwc-a,wwc,"Glazerman, S., & Seifullah, A. (2012). An evaluation of the Chicago Teacher Advancement Program (Chicago TAP) after four years. Final report. Washington, DC: Mathematica Policy Research, Inc. http://files.eric.ed.gov/fulltext/ ED530098.pdf.",1,citation,ED530098,"Glazerman, S., & Seifullah, A. (2012). An evaluation of the Chicago Teacher Advancement Program (Chicago TAP) after four years. Final report. Washington, DC: Mathematica Policy Research, Inc. http://f",2012,glazerman,https://eric.ed.gov/?id=ED530098,https://files.eric.ed.gov/fulltext/ED530098.pdf,9,,1,eric-in-citation,,
363,363-glazerman-2006,wwc-a,wwc,"Glazerman, S., Mayer, D., & Decker, P. (2006). Alternative routes to teaching: The impacts of Teach for America on student achievement and other outcomes. Journal of Policy Analysis and Management, 25(1), 75–96.",1,crossref,10.1002/pam.20157,Alternative routes to teaching: The impacts of Teach for America on student achievement and other outcomes,2005,Glazerman; Mayer; Decker,https://doi.org/10.1002/pam.20157,,9,eric:EJ759352 crossref:10.1002/9781444307399.ch11,1,api-crossref,,
363,363-glazerman-2006,wwc-a,wwc,"Glazerman, S., Mayer, D., & Decker, P. (2006). Alternative routes to teaching: The impacts of Teach for America on student achievement and other outcomes. Journal of Policy Analysis and Management, 25(1), 75–96.",2,crossref,10.1257/rct.404-2.0,Impacts of Teach For America on student achievement and other outcomes,2014,Glazerman,https://doi.org/10.1257/rct.404-2.0,,5,crossref:10.1257/rct.404-1.0,0,,,
363,363-glazerman-2006,wwc-a,wwc,"Glazerman, S., Mayer, D., & Decker, P. (2006). Alternative routes to teaching: The impacts of Teach for America on student achievement and other outcomes. Journal of Policy Analysis and Management, 25(1), 75–96.",3,eric,ED496292,An Evaluation of American Board Teacher Certification: Progress and Plans,2006,"Glazerman, Steven; Tuttle, Christina",https://eric.ed.gov/?id=ED496292,https://files.eric.ed.gov/fulltext/ED496292.pdf,5,,0,,,
363,363-glazerman-2006,wwc-a,wwc,"Glazerman, S., Mayer, D., & Decker, P. (2006). Alternative routes to teaching: The impacts of Teach for America on student achievement and other outcomes. Journal of Policy Analysis and Management, 25(1), 75–96.",4,eric,ED496387,School Principals' Perspectives on the Passport to Teaching,2006,"Glazerman, Steven; Tuttle, Christina; Baxter, Gail",https://eric.ed.gov/?id=ED496387,https://files.eric.ed.gov/fulltext/ED496387.pdf,5,,0,,,
363,363-glazerman-2006,wwc-a,wwc,"Glazerman, S., Mayer, D., & Decker, P. (2006). Alternative routes to teaching: The impacts of Teach for America on student achievement and other outcomes. Journal of Policy Analysis and Management, 25(1), 75–96.",5,eric,ED496290,Design of an Impact Evaluation of Teacher Induction Programs. Final Report,2006,"Glazerman, Steven; Senesky, Sarah; Seftor, Neil; Johnson, Amy",https://eric.ed.gov/?id=ED496290,https://files.eric.ed.gov/fulltext/ED496290.pdf,5,,0,,,
363,363-glazerman-2006,wwc-a,wwc,"Glazerman, S., Mayer, D., & Decker, P. (2006). Alternative routes to teaching: The impacts of Teach for America on student achievement and other outcomes. Journal of Policy Analysis and Management, 25(1), 75–96.",6,eric,ED498092,Options for Studying Teacher Pay Reform Using Natural Experiments,2006,"Glazerman, Steven; Silva, Tom; Addy, Nii; Avellar, Sarah; Max, Jeffrey; McKie, Allison; Natzke, Brenda; Puma, Michael; Wolf, Patrick; Greszler, Rachel Ungerer",https://eric.ed.gov/?id=ED498092,https://files.eric.ed.gov/fulltext/ED498092.pdf,5,,0,,,
363,363-glazerman-2006,wwc-a,wwc,"Glazerman, S., Mayer, D., & Decker, P. (2006). Alternative routes to teaching: The impacts of Teach for America on student achievement and other outcomes. Journal of Policy Analysis and Management, 25(1), 75–96.",7,crossref,10.14507/epaa.26.3015,Alternative routes to teacher professional identity: Exploring the conflated sub-identities of Teach For America corps members,2018,Thomas; Mockler,https://doi.org/10.14507/epaa.26.3015,,0,,0,,,
364,364-glazerman-2013,wwc-a,wwc,"Glazerman, S., Protik, A., Teh, B., Bruch, J., & Max, J. (2013). Transfer incentives for high-performing teachers: Final results from a multisite randomized experiment (NCEE 2014-4003). Washington, DC: National Center for Education Evaluation and Regional Assistance, Institute of Education Sciences, U.S. Department of Education.",1,eric,ED544268,Transfer Incentives for High-Performing Teachers: Final Results from a Multisite Randomized Experiment. Executive Summary. NCEE 2014-4004,2013,"Glazerman, Steven; Protik, Ali; Teh, Bing-ru; Bruch, Julie; Max, Jeffrey",https://eric.ed.gov/?id=ED544268,https://files.eric.ed.gov/fulltext/ED544268.pdf,11,eric:ED544269,1,api-eric,,
364,364-glazerman-2013,wwc-a,wwc,"Glazerman, S., Protik, A., Teh, B., Bruch, J., & Max, J. (2013). Transfer incentives for high-performing teachers: Final results from a multisite randomized experiment (NCEE 2014-4003). Washington, DC: National Center for Education Evaluation and Regional Assistance, Institute of Education Sciences, U.S. Department of Education.",2,eric,ED530746,Moving Teachers: Implementation of Transfer Incentives in Seven Districts. NCEE 2012-4051,2012,"Glazerman, Steven; Protik, Ali; Teh, Bing-ru; Bruch, Julie; Seftor, Neil",https://eric.ed.gov/?id=ED530746,https://files.eric.ed.gov/fulltext/ED530746.pdf,8,eric:ED530749,0,,,
364,364-glazerman-2013,wwc-a,wwc,"Glazerman, S., Protik, A., Teh, B., Bruch, J., & Max, J. (2013). Transfer incentives for high-performing teachers: Final results from a multisite randomized experiment (NCEE 2014-4003). Washington, DC: National Center for Education Evaluation and Regional Assistance, Institute of Education Sciences, U.S. Department of Education.",3,crossref,10.1257/rct.353-1.0,Impacts of Selective Teacher Transfer Incentives,2014,Glazerman,https://doi.org/10.1257/rct.353-1.0,,7,,0,,,
364,364-glazerman-2013,wwc-a,wwc,"Glazerman, S., Protik, A., Teh, B., Bruch, J., & Max, J. (2013). Transfer incentives for high-performing teachers: Final results from a multisite randomized experiment (NCEE 2014-4003). Washington, DC: National Center for Education Evaluation and Regional Assistance, Institute of Education Sciences, U.S. Department of Education.",4,crossref,10.1162/edfp_a_00174,Staffing a Low-Performing School: Behavioral Responses to Selective Teacher Transfer Incentives,2015,Protik; Glazerman; Bruch; Teh,https://doi.org/10.1162/edfp_a_00174,,6,,0,,,
364,364-glazerman-2013,wwc-a,wwc,"Glazerman, S., Protik, A., Teh, B., Bruch, J., & Max, J. (2013). Transfer incentives for high-performing teachers: Final results from a multisite randomized experiment (NCEE 2014-4003). Washington, DC: National Center for Education Evaluation and Regional Assistance, Institute of Education Sciences, U.S. Department of Education.",5,eric,ED544675,Do Disadvantaged Students Get Less Effective Teaching? Key Findings from Recent Institute of Education Sciences Studies. NCEE Evaluation Brief. NCEE 2014-4010,2014,"Max, Jeffrey; Glazerman, Steven",https://eric.ed.gov/?id=ED544675,https://files.eric.ed.gov/fulltext/ED544675.pdf,6,eric:ED544676,0,,,
364,364-glazerman-2013,wwc-a,wwc,"Glazerman, S., Protik, A., Teh, B., Bruch, J., & Max, J. (2013). Transfer incentives for high-performing teachers: Final results from a multisite randomized experiment (NCEE 2014-4003). Washington, DC: National Center for Education Evaluation and Regional Assistance, Institute of Education Sciences, U.S. Department of Education.",6,eric,ED546820,Evaluation of the Teacher Incentive Fund: Implementation and Early Impacts of Pay-for-Performance after One Year. NCEE 2014-4019,2014,"Max, Jeffrey; Constantine, Jill; Wellington, Alison; Hallgren, Kristin; Glazerman, Steven; Chiang, Hanley; Speroni, Cecilia",https://eric.ed.gov/?id=ED546820,https://files.eric.ed.gov/fulltext/ED546820.pdf,6,,0,,,
364,364-glazerman-2013,wwc-a,wwc,"Glazerman, S., Protik, A., Teh, B., Bruch, J., & Max, J. (2013). Transfer incentives for high-performing teachers: Final results from a multisite randomized experiment (NCEE 2014-4003). Washington, DC: National Center for Education Evaluation and Regional Assistance, Institute of Education Sciences, U.S. Department of Education.",7,eric,EJ971070,Random Assignment within Schools: Lessons Learned from the Teach for America Experiment,2012,"Glazerman, Steven",https://eric.ed.gov/?id=EJ971070,,5,,0,,,
364,364-glazerman-2013,wwc-a,wwc,"Glazerman, S., Protik, A., Teh, B., Bruch, J., & Max, J. (2013). Transfer incentives for high-performing teachers: Final results from a multisite randomized experiment (NCEE 2014-4003). Washington, DC: National Center for Education Evaluation and Regional Assistance, Institute of Education Sciences, U.S. Department of Education.",8,eric,ED530098,An Evaluation of the Chicago Teacher Advancement Program (Chicago TAP) after Four Years. Final Report,2012,Steven Glazerman; Allison Seifullah,https://eric.ed.gov/?id=ED530098,https://files.eric.ed.gov/fulltext/ED530098.pdf,5,,0,,,
404,404-heppen-2012,wwc-a,wwc,"Heppen, J. B., Walters, K., Clements, M., Faria, A., Tobey, C., Sorensen, N., & Culp, K. (2012). Access to Algebra I: The effects of online mathematics for grade 8 students (NCEE 2012&ndash;4021). Washington, DC: National Center for Education Evaluation and Regional Assistance, Institute of Education Sciences, U.S. Department of Education.",1,eric,ED527394,Access to Algebra I: The Effects of Online Mathematics for Grade 8 Students. NCEE 2012-4021,2011,"Heppen, Jessica B.; Walters, Kirk; Clements, Margaret; Faria, Ann-Marie; Tobey, Cheryl; Sorensen, Nicholas; Culp, Katherine",https://eric.ed.gov/?id=ED527394,https://files.eric.ed.gov/fulltext/ED527394.pdf,13,,1,api-eric,,
404,404-heppen-2012,wwc-a,wwc,"Heppen, J. B., Walters, K., Clements, M., Faria, A., Tobey, C., Sorensen, N., & Culp, K. (2012). Access to Algebra I: The effects of online mathematics for grade 8 students (NCEE 2012&ndash;4021). Washington, DC: National Center for Education Evaluation and Regional Assistance, Institute of Education Sciences, U.S. Department of Education.",2,eric,ED562703,Efficacy of Online Algebra I for Credit Recovery for At-Risk Ninth Graders: Consistency of Results from Two Cohorts,2012,"Heppen, Jessica; Sorensen, Nicholas; Allensworth, Elaine; Walters, Kirk; Stachel, Suzanne; Michelman, Valerie",https://eric.ed.gov/?id=ED562703,https://files.eric.ed.gov/fulltext/ED562703.pdf,8,,0,,,
404,404-heppen-2012,wwc-a,wwc,"Heppen, J. B., Walters, K., Clements, M., Faria, A., Tobey, C., Sorensen, N., & Culp, K. (2012). Access to Algebra I: The effects of online mathematics for grade 8 students (NCEE 2012&ndash;4021). Washington, DC: National Center for Education Evaluation and Regional Assistance, Institute of Education Sciences, U.S. Department of Education.",3,eric,ED528767,Implementing Student-Level Random Assignment during Summer School: Lessons Learned from an Efficacy Study of Online Algebra I for Credit Recovery,2011,"Heppen, Jessica; Allensworth, Elaine; Walters, Kirk; Pareja, Amber Stitziel; Kurki, Anja; Nomi, Takako; Sorensen, Nicholas",https://eric.ed.gov/?id=ED528767,https://files.eric.ed.gov/fulltext/ED528767.pdf,8,,0,,,
404,404-heppen-2012,wwc-a,wwc,"Heppen, J. B., Walters, K., Clements, M., Faria, A., Tobey, C., Sorensen, N., & Culp, K. (2012). Access to Algebra I: The effects of online mathematics for grade 8 students (NCEE 2012&ndash;4021). Washington, DC: National Center for Education Evaluation and Regional Assistance, Institute of Education Sciences, U.S. Department of Education.",4,eric,ED530562,Efficacy of Online Algebra I for Credit Recovery for At-Risk Ninth Grade Students: Evidence from Year 1,2012,"Heppen, Jessica; Allensworth, Elaine; Walters, Kirk; Pareja, Amber Stitziel; Kurki, Anja; Nomi, Takako; Sorensen, Nicholas",https://eric.ed.gov/?id=ED530562,https://files.eric.ed.gov/fulltext/ED530562.pdf,8,,0,,,
404,404-heppen-2012,wwc-a,wwc,"Heppen, J. B., Walters, K., Clements, M., Faria, A., Tobey, C., Sorensen, N., & Culp, K. (2012). Access to Algebra I: The effects of online mathematics for grade 8 students (NCEE 2012&ndash;4021). Washington, DC: National Center for Education Evaluation and Regional Assistance, Institute of Education Sciences, U.S. Department of Education.",5,crossref,10.1007/978-3-319-07716-1_6,Turning to Online Courses to Expand Access: A Rigorous Study of the Impact of Online Algebra I for Eighth Graders,2015,Heppen; Clements; Walters,https://doi.org/10.1007/978-3-319-07716-1_6,,6,,0,,,
404,404-heppen-2012,wwc-a,wwc,"Heppen, J. B., Walters, K., Clements, M., Faria, A., Tobey, C., Sorensen, N., & Culp, K. (2012). Access to Algebra I: The effects of online mathematics for grade 8 students (NCEE 2012&ndash;4021). Washington, DC: National Center for Education Evaluation and Regional Assistance, Institute of Education Sciences, U.S. Department of Education.",6,eric,ED537606,Broadening Access to Algebra I: The Impact on Eighth Graders Taking an Online Course. [Research Brief],2012,"Heppen, Jessica",https://eric.ed.gov/?id=ED537606,https://files.eric.ed.gov/fulltext/ED537606.pdf,6,,0,,,
404,404-heppen-2012,wwc-a,wwc,"Heppen, J. B., Walters, K., Clements, M., Faria, A., Tobey, C., Sorensen, N., & Culp, K. (2012). Access to Algebra I: The effects of online mathematics for grade 8 students (NCEE 2012&ndash;4021). Washington, DC: National Center for Education Evaluation and Regional Assistance, Institute of Education Sciences, U.S. Department of Education.",7,eric,ED563305,Pay-Offs from Expanding Summer Credit Recovery in Algebra,2013,"Allensworth, Elaine; Nomi, Takako; Heppen, Jessica",https://eric.ed.gov/?id=ED563305,https://files.eric.ed.gov/fulltext/ED563305.pdf,6,,0,,,
404,404-heppen-2012,wwc-a,wwc,"Heppen, J. B., Walters, K., Clements, M., Faria, A., Tobey, C., Sorensen, N., & Culp, K. (2012). Access to Algebra I: The effects of online mathematics for grade 8 students (NCEE 2012&ndash;4021). Washington, DC: National Center for Education Evaluation and Regional Assistance, Institute of Education Sciences, U.S. Department of Education.",8,eric,ED536742,Using Data to Improve Instruction in the Great City Schools: Documenting Current Practice. Urban Data Study,2011,"Heppen, Jessica; Jones, Wehmah; Faria, Ann-Marie; Sawyer, Katherine; Lewis, Sharon; Horwitz, Amanda; Simon, Candace; Uzzell, Renata; Casserly, Michael",https://eric.ed.gov/?id=ED536742,https://files.eric.ed.gov/fulltext/ED536742.pdf,6,,0,,,
405,405-herrera-2013,wwc-a,wwc,"Herrera, C., Grossman, J. B., & Linden, L. L. (2013). Staying on track: Testing Higher Achievement’s long-term impact on academic outcomes and high school choice. New York: MDRC.",1,crossref,10.59656/yd-g0463.001,Staying On Track: Testing Higher Achievement’s Long-Term Impact on Academic Outcomes and High School Choice,2013,Herrera; Grossman; Linden,https://doi.org/10.59656/yd-g0463.001,,9,crossref:10.15868/socialsector.15918,1,api-crossref,,
405,405-herrera-2013,wwc-a,wwc,"Herrera, C., Grossman, J. B., & Linden, L. L. (2013). Staying on track: Testing Higher Achievement’s long-term impact on academic outcomes and high school choice. New York: MDRC.",2,crossref,10.59656/yd-os7639.003,Testing the Impact of Higher Achievement’s Year-Round Out-of-School-Time Program on Academic Outcomes,2011,Herrera; Linden; Arbreton; Grossman,https://doi.org/10.59656/yd-os7639.003,,7,,0,,,
405,405-herrera-2013,wwc-a,wwc,"Herrera, C., Grossman, J. B., & Linden, L. L. (2013). Staying on track: Testing Higher Achievement’s long-term impact on academic outcomes and high school choice. New York: MDRC.",3,eric,EJ1062578,Using Tasks to Assess Spanish Language Learning,2012,"Herrera Mosquera, Leonardo",https://eric.ed.gov/?id=EJ1062578,https://files.eric.ed.gov/fulltext/EJ1062578.pdf,6,,0,,,
405,405-herrera-2013,wwc-a,wwc,"Herrera, C., Grossman, J. B., & Linden, L. L. (2013). Staying on track: Testing Higher Achievement’s long-term impact on academic outcomes and high school choice. New York: MDRC.",4,eric,ED561661,A Capstone Project: Closing the Achievement Gap of English Learners in Literacy at Sunshine Elementary School Using the Gap Analysis Model,2013,"Herrera, Juan Carlos",https://eric.ed.gov/?id=ED561661,,6,,0,,,
405,405-herrera-2013,wwc-a,wwc,"Herrera, C., Grossman, J. B., & Linden, L. L. (2013). Staying on track: Testing Higher Achievement’s long-term impact on academic outcomes and high school choice. New York: MDRC.",5,eric,EJ1051651,Self-Access Language Learning: Students' Perceptions of and Experiences within This New Mode of Learning (Aprendizaje de idiomas mediante la modalidad de autoacceso: percepciones y experiencias de los estudiantes),2012,"Herrera Díaz, Luz Edith",https://eric.ed.gov/?id=EJ1051651,https://files.eric.ed.gov/fulltext/EJ1051651.pdf,6,,0,,,
405,405-herrera-2013,wwc-a,wwc,"Herrera, C., Grossman, J. B., & Linden, L. L. (2013). Staying on track: Testing Higher Achievement’s long-term impact on academic outcomes and high school choice. New York: MDRC.",6,crossref,10.59656/yd-os7639.001,Summer Snapshot: Exploring the Impact of Higher Achievement’s Year-Round Out-of-School-Time Program on Summer Learning,2011,Herrera; Linden; Arbreton; Grossman,https://doi.org/10.59656/yd-os7639.001,,5,crossref:10.59656/yd-os7639.002,0,,,
405,405-herrera-2013,wwc-a,wwc,"Herrera, C., Grossman, J. B., & Linden, L. L. (2013). Staying on track: Testing Higher Achievement’s long-term impact on academic outcomes and high school choice. New York: MDRC.",7,eric,EJ1064679,Quantitative Analysis of Variables Affecting Nursing Program Completion at Arizona State University,2013,"Herrera, Cheryl",https://eric.ed.gov/?id=EJ1064679,https://files.eric.ed.gov/fulltext/EJ1064679.pdf,5,,0,,,
405,405-herrera-2013,wwc-a,wwc,"Herrera, C., Grossman, J. B., & Linden, L. L. (2013). Staying on track: Testing Higher Achievement’s long-term impact on academic outcomes and high school choice. New York: MDRC.",8,eric,EJ981266,Youth and Citizenship in the Digital Age: A View from Egypt,2012,"Herrera, Linda",https://eric.ed.gov/?id=EJ981266,,5,,0,,,
406,406-hill-2016,wwc-a,wwc,"Hill, D. V., & Lenard, M. A. (2016). The impact of Achieve3000 on elementary literacy outcomes: Randomized control trial evidence, 2013-14 to 2014-15 (DRA Report No. 16.02). Cary, NC: Wake County Public School System, Data and Accountability Department.",1,eric,EJ1181653,Transitioning from Maori-Medium to English: Pursuing Biliteracy,2016,"Hill, Richard",https://eric.ed.gov/?id=EJ1181653,,6,,0,ambiguous,,
406,406-hill-2016,wwc-a,wwc,"Hill, D. V., & Lenard, M. A. (2016). The impact of Achieve3000 on elementary literacy outcomes: Randomized control trial evidence, 2013-14 to 2014-15 (DRA Report No. 16.02). Cary, NC: Wake County Public School System, Data and Accountability Department.",2,eric,EJ1152403,Digital Literacy Instruction for eHealth and Beyond,2016,"Hill, Laura",https://eric.ed.gov/?id=EJ1152403,https://files.eric.ed.gov/fulltext/EJ1152403.pdf,6,,0,,,
406,406-hill-2016,wwc-a,wwc,"Hill, D. V., & Lenard, M. A. (2016). The impact of Achieve3000 on elementary literacy outcomes: Randomized control trial evidence, 2013-14 to 2014-15 (DRA Report No. 16.02). Cary, NC: Wake County Public School System, Data and Accountability Department.",3,eric,EJ1132291,Early Reading and Practice-Inspired Research,2017,"Hill, Susan",https://eric.ed.gov/?id=EJ1132291,,6,,0,,,
406,406-hill-2016,wwc-a,wwc,"Hill, D. V., & Lenard, M. A. (2016). The impact of Achieve3000 on elementary literacy outcomes: Randomized control trial evidence, 2013-14 to 2014-15 (DRA Report No. 16.02). Cary, NC: Wake County Public School System, Data and Accountability Department.",4,eric,EJ1143031,Investigating Comfort Temperatures and Heat Transfer in Sleeping Bags,2017,"Hill, Trevor; Hill, Lara",https://eric.ed.gov/?id=EJ1143031,,5,,0,,,
406,406-hill-2016,wwc-a,wwc,"Hill, D. V., & Lenard, M. A. (2016). The impact of Achieve3000 on elementary literacy outcomes: Randomized control trial evidence, 2013-14 to 2014-15 (DRA Report No. 16.02). Cary, NC: Wake County Public School System, Data and Accountability Department.",5,eric,EJ1138737,Counterfactual Thinking and Educational Psychology,2017,"Hill, Joanna",https://eric.ed.gov/?id=EJ1138737,,5,,0,,,
406,406-hill-2016,wwc-a,wwc,"Hill, D. V., & Lenard, M. A. (2016). The impact of Achieve3000 on elementary literacy outcomes: Randomized control trial evidence, 2013-14 to 2014-15 (DRA Report No. 16.02). Cary, NC: Wake County Public School System, Data and Accountability Department.",6,eric,EJ1181710,Level 2 Maori Medium Programmes: What Are the Perceptions of Parents and Students on This Form of Education?,2017,"Hill, Richard",https://eric.ed.gov/?id=EJ1181710,,5,,0,,,
406,406-hill-2016,wwc-a,wwc,"Hill, D. V., & Lenard, M. A. (2016). The impact of Achieve3000 on elementary literacy outcomes: Randomized control trial evidence, 2013-14 to 2014-15 (DRA Report No. 16.02). Cary, NC: Wake County Public School System, Data and Accountability Department.",7,eric,EJ1153434,"Messing about, Political Indulgence, or Making Progress?",2017,"Hill, Ron",https://eric.ed.gov/?id=EJ1153434,,5,,0,,,
406,406-hill-2016,wwc-a,wwc,"Hill, D. V., & Lenard, M. A. (2016). The impact of Achieve3000 on elementary literacy outcomes: Randomized control trial evidence, 2013-14 to 2014-15 (DRA Report No. 16.02). Cary, NC: Wake County Public School System, Data and Accountability Department.",8,eric,EJ1131600,Higher Education and the Market,2015,"Hill, Catharine",https://eric.ed.gov/?id=EJ1131600,https://files.eric.ed.gov/fulltext/EJ1131600.pdf,5,,0,,,
414,414-horner-2018,wwc-a,wwc,"Horner, R. H., Newton, J. S., Todd, A. W., Algozzine, B., Algozzine, K., Cusumano, D., & Preston, A. (2018). A randomized waitlist controlled analysis of Team-Initiated Problem Solving professional development and use. Behavioral Disorders, 43(4), 444-456.",1,crossref,10.1177/0198742917745638,A Randomized Waitlist Controlled Analysis of Team-Initiated Problem Solving Professional Development and Use,2018,Horner; Newton; Todd; Algozzine; Algozzine; Cusumano; Preston,https://doi.org/10.1177/0198742917745638,,12,,1,api-crossref,,
414,414-horner-2018,wwc-a,wwc,"Horner, R. H., Newton, J. S., Todd, A. W., Algozzine, B., Algozzine, K., Cusumano, D., & Preston, A. (2018). A randomized waitlist controlled analysis of Team-Initiated Problem Solving professional development and use. Behavioral Disorders, 43(4), 444-456.",2,crossref,10.1016/j.jsp.2012.04.002,A randomized wait-list controlled analysis of the implementation integrity of team-initiated problem solving processes,2012,Newton; Horner; Algozzine; Todd; Algozzine,https://doi.org/10.1016/j.jsp.2012.04.002,,9,,0,,,
414,414-horner-2018,wwc-a,wwc,"Horner, R. H., Newton, J. S., Todd, A. W., Algozzine, B., Algozzine, K., Cusumano, D., & Preston, A. (2018). A randomized waitlist controlled analysis of Team-Initiated Problem Solving professional development and use. Behavioral Disorders, 43(4), 444-456.",3,crossref,10.1177/1063426617733717,A Descriptive Study of School-Based Problem-Solving,2017,Todd; Algozzine; Horner; Preston; Cusumano; Algozzine,https://doi.org/10.1177/1063426617733717,,9,,0,,,
414,414-horner-2018,wwc-a,wwc,"Horner, R. H., Newton, J. S., Todd, A. W., Algozzine, B., Algozzine, K., Cusumano, D., & Preston, A. (2018). A randomized waitlist controlled analysis of Team-Initiated Problem Solving professional development and use. Behavioral Disorders, 43(4), 444-456.",4,crossref,10.4324/9780203102930.ch20,Supporting Team Problem Solving in Inclusive Schools,,Newton; Todd; Algozzine; Algozzine; Horner; Cusumano,https://doi.org/10.4324/9780203102930.ch20,,8,,0,,,
414,414-horner-2018,wwc-a,wwc,"Horner, R. H., Newton, J. S., Todd, A. W., Algozzine, B., Algozzine, K., Cusumano, D., & Preston, A. (2018). A randomized waitlist controlled analysis of Team-Initiated Problem Solving professional development and use. Behavioral Disorders, 43(4), 444-456.",5,crossref,10.1177/0734282915592535,Measuring the Process and Outcomes of Team Problem Solving,2015,Algozzine; Horner; Todd; Newton; Algozzine; Cusumano,https://doi.org/10.1177/0734282915592535,,8,,0,,,
414,414-horner-2018,wwc-a,wwc,"Horner, R. H., Newton, J. S., Todd, A. W., Algozzine, B., Algozzine, K., Cusumano, D., & Preston, A. (2018). A randomized waitlist controlled analysis of Team-Initiated Problem Solving professional development and use. Behavioral Disorders, 43(4), 444-456.",6,eric,EJ1195923,Translinguality and Disciplinary Reinvention,2018,"Horner, Bruce",https://eric.ed.gov/?id=EJ1195923,,5,,0,,,
414,414-horner-2018,wwc-a,wwc,"Horner, R. H., Newton, J. S., Todd, A. W., Algozzine, B., Algozzine, K., Cusumano, D., & Preston, A. (2018). A randomized waitlist controlled analysis of Team-Initiated Problem Solving professional development and use. Behavioral Disorders, 43(4), 444-456.",7,eric,EJ1135082,Rejecting Dialogue for Perspective: Vygotsky's Zone of Proximal Development and John Calvin's Divine Pedagogy,2017,"Horner, Jeffrey Michael",https://eric.ed.gov/?id=EJ1135082,,5,,0,,,
414,414-horner-2018,wwc-a,wwc,"Horner, R. H., Newton, J. S., Todd, A. W., Algozzine, B., Algozzine, K., Cusumano, D., & Preston, A. (2018). A randomized waitlist controlled analysis of Team-Initiated Problem Solving professional development and use. Behavioral Disorders, 43(4), 444-456.",8,eric,EJ1160015,Mobility and Academic Literacies: An Epistolary Conversation,2017,"Blommaert, Jan; Horner, Bruce",https://eric.ed.gov/?id=EJ1160015,https://files.eric.ed.gov/fulltext/EJ1160015.pdf,5,,0,,,
438,438-jacob-2015,wwc-a,wwc,"Jacob, R. T., Armstrong, C., & Willard, J. A. (2015). Mobilizing volunteer tutors to improve student literacy: Implementation, impacts, and costs of the Reading Partners program. New York: MDRC.",1,eric,EJ1044381,"Evolution, Entropy, & Biological Information",2014,"Peterson, Jacob",https://eric.ed.gov/?id=EJ1044381,,5,,0,ambiguous,,
438,438-jacob-2015,wwc-a,wwc,"Jacob, R. T., Armstrong, C., & Willard, J. A. (2015). Mobilizing volunteer tutors to improve student literacy: Implementation, impacts, and costs of the Reading Partners program. New York: MDRC.",2,eric,EJ1039196,Funding and Focus: Resource Dependence in Public Higher Education,2014,"Fowles, Jacob",https://eric.ed.gov/?id=EJ1039196,,5,,0,,,
438,438-jacob-2015,wwc-a,wwc,"Jacob, R. T., Armstrong, C., & Willard, J. A. (2015). Mobilizing volunteer tutors to improve student literacy: Implementation, impacts, and costs of the Reading Partners program. New York: MDRC.",3,eric,EJ1120543,"Educational Practice, Student Experience, and the Purpose of Education--A Critique of ""Pedagogy in Practice""",2016,"Klitmøller, Jacob",https://eric.ed.gov/?id=EJ1120543,,5,,0,,,
438,438-jacob-2015,wwc-a,wwc,"Jacob, R. T., Armstrong, C., & Willard, J. A. (2015). Mobilizing volunteer tutors to improve student literacy: Implementation, impacts, and costs of the Reading Partners program. New York: MDRC.",4,eric,EJ1117667,"Moral Outrage and Musical Corruption: White Educators' Responses to the ""Jazz Problem""",2016,"Hardesty, Jacob",https://eric.ed.gov/?id=EJ1117667,,5,,0,,,
438,438-jacob-2015,wwc-a,wwc,"Jacob, R. T., Armstrong, C., & Willard, J. A. (2015). Mobilizing volunteer tutors to improve student literacy: Implementation, impacts, and costs of the Reading Partners program. New York: MDRC.",5,eric,EJ1123943,Try a New Approach: Using German Practice in Harmonica Education,2016,"Prosek, Jacob",https://eric.ed.gov/?id=EJ1123943,,5,,0,,,
438,438-jacob-2015,wwc-a,wwc,"Jacob, R. T., Armstrong, C., & Willard, J. A. (2015). Mobilizing volunteer tutors to improve student literacy: Implementation, impacts, and costs of the Reading Partners program. New York: MDRC.",6,eric,EJ1158430,Impact of Jos Crises on Pattern of Students/Teachers' Population in Schools and Its Implication on the Quality of Teaching and Peaceful Co-Existence in Nigeria,2015,"Jacob, Sunday",https://eric.ed.gov/?id=EJ1158430,https://files.eric.ed.gov/fulltext/EJ1158430.pdf,5,,0,,,
438,438-jacob-2015,wwc-a,wwc,"Jacob, R. T., Armstrong, C., & Willard, J. A. (2015). Mobilizing volunteer tutors to improve student literacy: Implementation, impacts, and costs of the Reading Partners program. New York: MDRC.",7,eric,EJ1103143,Queering Participatory Design Research,2016,"McWilliams, Jacob",https://eric.ed.gov/?id=EJ1103143,,5,,0,,,
438,438-jacob-2015,wwc-a,wwc,"Jacob, R. T., Armstrong, C., & Willard, J. A. (2015). Mobilizing volunteer tutors to improve student literacy: Implementation, impacts, and costs of the Reading Partners program. New York: MDRC.",8,eric,EJ1110678,The Value of Using an E-Text in a Flipped Course,2016,"Enfield, Jacob",https://eric.ed.gov/?id=EJ1110678,,5,,0,,,
490,490-kim-2018,wwc-a,wwc,"Kim, H. Y., Hsin, L. B., & Snow, C. E. (2018). Reducing academic inequalities for English language learners: variation in experimental effects of word generation in high-poverty schools. International Journal of Bilingual Education and Bilingualism.",1,crossref,10.1080/13670050.2018.1535574,Reducing academic inequalities for English language learners: Variation in experimental effects of Word Generation in high-poverty schools,2018,Kim; Hsin; Snow,https://doi.org/10.1080/13670050.2018.1535574,,10,,1,api-crossref,,
490,490-kim-2018,wwc-a,wwc,"Kim, H. Y., Hsin, L. B., & Snow, C. E. (2018). Reducing academic inequalities for English language learners: variation in experimental effects of word generation in high-poverty schools. International Journal of Bilingual Education and Bilingualism.",2,eric,EJ1132274,"Multimodal Play-Literacy: A Preschooler's Storytelling, Drawing, and Performing of Dinosaur Extinction Theories",2017,"Kim, Koeun; Kim, Koomi",https://eric.ed.gov/?id=EJ1132274,,6,,0,,,
490,490-kim-2018,wwc-a,wwc,"Kim, H. Y., Hsin, L. B., & Snow, C. E. (2018). Reducing academic inequalities for English language learners: variation in experimental effects of word generation in high-poverty schools. International Journal of Bilingual Education and Bilingualism.",3,eric,EJ1209501,Role of Resilience in (De)Motivation and Second Language Proficiency: Cases of Korean Elementary School Students,2019,"Kim, Tae-Young; Kim, Youngmi; Kim, Ji-Young",https://eric.ed.gov/?id=EJ1209501,,6,,0,,,
490,490-kim-2018,wwc-a,wwc,"Kim, H. Y., Hsin, L. B., & Snow, C. E. (2018). Reducing academic inequalities for English language learners: variation in experimental effects of word generation in high-poverty schools. International Journal of Bilingual Education and Bilingualism.",4,eric,EJ1182130,Effects of Task Demand and Familiarity with Scenes in Visuospatial Representations on the Perception and Processing of Spatial Information,2018,"Kim, Kinam; Kim, Minsung",https://eric.ed.gov/?id=EJ1182130,,5,,0,,,
490,490-kim-2018,wwc-a,wwc,"Kim, H. Y., Hsin, L. B., & Snow, C. E. (2018). Reducing academic inequalities for English language learners: variation in experimental effects of word generation in high-poverty schools. International Journal of Bilingual Education and Bilingualism.",5,eric,EJ1164406,Going beyond the Gap between Theory and Practice: Rethinking Teacher Reflection with Poststructural Insights,2017,"Kim, Koeun; Kim, Jinhee",https://eric.ed.gov/?id=EJ1164406,,5,,0,,,
490,490-kim-2018,wwc-a,wwc,"Kim, H. Y., Hsin, L. B., & Snow, C. E. (2018). Reducing academic inequalities for English language learners: variation in experimental effects of word generation in high-poverty schools. International Journal of Bilingual Education and Bilingualism.",6,eric,EJ1159914,Positioning of Korean Immigrant Mothers of Children with Disabilities,2017,"Kim, Jieun; Kim, Sunyoung",https://eric.ed.gov/?id=EJ1159914,https://files.eric.ed.gov/fulltext/EJ1159914.pdf,5,,0,,,
490,490-kim-2018,wwc-a,wwc,"Kim, H. Y., Hsin, L. B., & Snow, C. E. (2018). Reducing academic inequalities for English language learners: variation in experimental effects of word generation in high-poverty schools. International Journal of Bilingual Education and Bilingualism.",7,eric,EJ1151438,A Cross-National Comparison of Art Curricula for Kindergarten-Aged Children,2017,"Kim, Heejin; Kim, Hajin",https://eric.ed.gov/?id=EJ1151438,,5,,0,,,
490,490-kim-2018,wwc-a,wwc,"Kim, H. Y., Hsin, L. B., & Snow, C. E. (2018). Reducing academic inequalities for English language learners: variation in experimental effects of word generation in high-poverty schools. International Journal of Bilingual Education and Bilingualism.",8,eric,EJ1184489,Emotional Intimacy with Nature and Life & Intellectual Interest in Life of Pre-Service Biology Teachers for Environmental Education,2018,"Kim, Heung-Tae; Kim, Jae Geun; Kim, Chankook",https://eric.ed.gov/?id=EJ1184489,,5,,0,,,
491,491-kim-2011,wwc-a,wwc,"Kim, J. S., Capotosto, L., Hartry, A., & Fitzgerald, R. (2011). Can a mixed-method literacy intervention improve the reading achievement of low-performing elementary school students in an after-school program? Results from a randomized controlled trial of READ 180 enterprise. Educational Evaluation and Policy Analysis, 33(2), 183–201. https://eric.ed.gov/?id=EJ927617",1,citation,EJ927617,"Kim, J. S., Capotosto, L., Hartry, A., & Fitzgerald, R. (2011). Can a mixed-method literacy intervention improve the reading achievement of low-performing elementary school students in an after-school",2011,kim,https://eric.ed.gov/?id=EJ927617,https://files.eric.ed.gov/fulltext/EJ927617.pdf,9,,1,eric-in-citation,,
493,493-kim-2011,wwc-a,wwc,"Kim, J. S., Olson, C. B., Scarcella, R., Kramer, J., Pearson, M., van Dyk, D., Collins, P., & Land, R. E. (2011). A randomized experiment of a cognitive strategies approach to text-based analytical writing for mainstreamed Latino English language learners in grades 6 to 12. Journal of Research on Educational Effectiveness, 4(3), 231–263.",1,crossref,10.1080/19345747.2010.523513,A Randomized Experiment of a Cognitive Strategies Approach to Text-Based Analytical Writing for Mainstreamed Latino English Language Learners in Grades 6 to 12,2011,Kim; Olson; Scarcella; Kramer; Pearson; van Dyk; Collins; Land,https://doi.org/10.1080/19345747.2010.523513,,12,,1,api-crossref,,
493,493-kim-2011,wwc-a,wwc,"Kim, J. S., Olson, C. B., Scarcella, R., Kramer, J., Pearson, M., van Dyk, D., Collins, P., & Land, R. E. (2011). A randomized experiment of a cognitive strategies approach to text-based analytical writing for mainstreamed Latino English language learners in grades 6 to 12. Journal of Research on Educational Effectiveness, 4(3), 231–263.",2,crossref,10.3102/0002831212439434,Enhancing the Interpretive Reading and Analytical Writing of Mainstreamed English Learners in Secondary School,2012,Olson; Kim; Scarcella; Kramer; Pearson; van Dyk; Collins; Land,https://doi.org/10.3102/0002831212439434,,10,,0,,,
493,493-kim-2011,wwc-a,wwc,"Kim, J. S., Olson, C. B., Scarcella, R., Kramer, J., Pearson, M., van Dyk, D., Collins, P., & Land, R. E. (2011). A randomized experiment of a cognitive strategies approach to text-based analytical writing for mainstreamed Latino English language learners in grades 6 to 12. Journal of Research on Educational Effectiveness, 4(3), 231–263.",3,eric,EJ950826,Effect of Screen Size on Multimedia Vocabulary Learning,2012,"Kim, Daesang; Kim, Dong-Joong",https://eric.ed.gov/?id=EJ950826,,6,,0,,,
493,493-kim-2011,wwc-a,wwc,"Kim, J. S., Olson, C. B., Scarcella, R., Kramer, J., Pearson, M., van Dyk, D., Collins, P., & Land, R. E. (2011). A randomized experiment of a cognitive strategies approach to text-based analytical writing for mainstreamed Latino English language learners in grades 6 to 12. Journal of Research on Educational Effectiveness, 4(3), 231–263.",4,eric,EJ918018,Using Pretask Modelling to Encourage Collaborative Learning Opportunities,2011,"Kim, YouJin; McDonough, Kim",https://eric.ed.gov/?id=EJ918018,,5,,0,,,
493,493-kim-2011,wwc-a,wwc,"Kim, J. S., Olson, C. B., Scarcella, R., Kramer, J., Pearson, M., van Dyk, D., Collins, P., & Land, R. E. (2011). A randomized experiment of a cognitive strategies approach to text-based analytical writing for mainstreamed Latino English language learners in grades 6 to 12. Journal of Research on Educational Effectiveness, 4(3), 231–263.",5,eric,EJ884116,The Effects of Mathematical Modeling on Creative Production Ability and Self-Directed Learning Attitude,2010,"Kim, Sun Hee; Kim, Soojin",https://eric.ed.gov/?id=EJ884116,,5,,0,,,
493,493-kim-2011,wwc-a,wwc,"Kim, J. S., Olson, C. B., Scarcella, R., Kramer, J., Pearson, M., van Dyk, D., Collins, P., & Land, R. E. (2011). A randomized experiment of a cognitive strategies approach to text-based analytical writing for mainstreamed Latino English language learners in grades 6 to 12. Journal of Research on Educational Effectiveness, 4(3), 231–263.",6,eric,EJ901233,Distributed Emotions in the Design of Learning Technologies,2010,"Kim, Beaumie; Kim, Mi Song",https://eric.ed.gov/?id=EJ901233,,5,,0,,,
493,493-kim-2011,wwc-a,wwc,"Kim, J. S., Olson, C. B., Scarcella, R., Kramer, J., Pearson, M., van Dyk, D., Collins, P., & Land, R. E. (2011). A randomized experiment of a cognitive strategies approach to text-based analytical writing for mainstreamed Latino English language learners in grades 6 to 12. Journal of Research on Educational Effectiveness, 4(3), 231–263.",7,eric,EJ1013454,Are Physical Education-Related State Policies and Schools' Physical Education Requirement Related to Children's Physical Activity and Obesity?,2012,"Kim, Jinsook",https://eric.ed.gov/?id=EJ1013454,,5,,0,,,
493,493-kim-2011,wwc-a,wwc,"Kim, J. S., Olson, C. B., Scarcella, R., Kramer, J., Pearson, M., van Dyk, D., Collins, P., & Land, R. E. (2011). A randomized experiment of a cognitive strategies approach to text-based analytical writing for mainstreamed Latino English language learners in grades 6 to 12. Journal of Research on Educational Effectiveness, 4(3), 231–263.",8,eric,EJ1164629,"""Commentary"": Object and Spatial Visualization in Geosciences",2010,"Kastens, Kim",https://eric.ed.gov/?id=EJ1164629,https://files.eric.ed.gov/fulltext/EJ1164629.pdf,5,,0,,,
494,494-kim-2010,wwc-a,wwc,"Kim, J. S., Samson, J. F., Fitzgerald, R., & Hartry, A. (2010). A randomized experiment of a mixed-methods literacy intervention for struggling readers in grades 4–6: Effects on word reading efficiency, reading comprehension and vocabulary, and oral reading fluency. Reading and Writing, 23(9), 1109–1129. https://eric.ed.gov/?id=EJ898468",1,citation,EJ898468,"Kim, J. S., Samson, J. F., Fitzgerald, R., & Hartry, A. (2010). A randomized experiment of a mixed-methods literacy intervention for struggling readers in grades 4–6: Effects on word reading efficienc",2010,kim,https://eric.ed.gov/?id=EJ898468,https://files.eric.ed.gov/fulltext/EJ898468.pdf,9,,1,eric-in-citation,,
588,588-meisch-2011,wwc-a,wwc,"Meisch, A., Hamilton, J., Chen, E., Quintanilla, P., Fong, P., Gray-Adams, K., ...Thornton, N. (2011). Striving Readers study: Targeted and whole-school interventions—year 5. Rockville, MD: Westat.",1,eric,ED601086,Striving Readers Study: Targeted & Whole-School Interventions -- Year 5,2011,"Meisch, Allison; Hamilton, Jennifer; Chen, Eva; Quintanilla, Priscilla; Fong, Pauline; Gray-Adams, Karen; Petta, Ian; Thornton, Nancy",https://eric.ed.gov/?id=ED601086,https://files.eric.ed.gov/fulltext/ED601086.pdf,11,,1,api-eric,,
588,588-meisch-2011,wwc-a,wwc,"Meisch, A., Hamilton, J., Chen, E., Quintanilla, P., Fong, P., Gray-Adams, K., ...Thornton, N. (2011). Striving Readers study: Targeted and whole-school interventions—year 5. Rockville, MD: Westat.",2,crossref,10.1037/e631032009-001,READ 180 Literacy Curriculum Evaluation: Impacts on Student Achievement,2009,Meisch; Hamilton; Thornton; Petta; Gray-Adams; Fong; Ek; Lease; Daft,https://doi.org/10.1037/e631032009-001,,5,,0,,,
588,588-meisch-2011,wwc-a,wwc,"Meisch, A., Hamilton, J., Chen, E., Quintanilla, P., Fong, P., Gray-Adams, K., ...Thornton, N. (2011). Striving Readers study: Targeted and whole-school interventions—year 5. Rockville, MD: Westat.",3,eric,EJ906807,Family Risks and Protective Factors: Pathways to Early Head Start Toddlers' Social-Emotional Functioning,2011,"Vick Whittaker, Jessica E.; Harden, Brenda Jones; See, Heather M.; Meisch, Allison D.; Westbrook, T'Pring R.",https://eric.ed.gov/?id=EJ906807,,5,,0,,,
588,588-meisch-2011,wwc-a,wwc,"Meisch, A., Hamilton, J., Chen, E., Quintanilla, P., Fong, P., Gray-Adams, K., ...Thornton, N. (2011). Striving Readers study: Targeted and whole-school interventions—year 5. Rockville, MD: Westat.",4,crossref,10.18235/0002863,Research Insights: Can Struggling Primary School Readers Improve Their Reading through Targeted Remedial Interventions?,2020,Álvarez Marinelli; Berlinski; Busso,https://doi.org/10.18235/0002863,,1,,0,,,
588,588-meisch-2011,wwc-a,wwc,"Meisch, A., Hamilton, J., Chen, E., Quintanilla, P., Fong, P., Gray-Adams, K., ...Thornton, N. (2011). Striving Readers study: Targeted and whole-school interventions—year 5. Rockville, MD: Westat.",5,crossref,10.2172/5765212,Energy extension service pilot program evaluation report:  the first year. Volume I:  evaluation summary,1979,; ; ,https://doi.org/10.2172/5765212,,0,,0,,,
588,588-meisch-2011,wwc-a,wwc,"Meisch, A., Hamilton, J., Chen, E., Quintanilla, P., Fong, P., Gray-Adams, K., ...Thornton, N. (2011). Striving Readers study: Targeted and whole-school interventions—year 5. Rockville, MD: Westat.",6,crossref,10.2172/1900145,"The U.S. Department of Energy Computational Science Graduate Fellowship, 1991-2021: Follow-Up Study Shows Major Impact on Recipients and the Scientific Workforce",2024,; None; ; ; ,https://doi.org/10.2172/1900145,,0,,0,,,
588,588-meisch-2011,wwc-a,wwc,"Meisch, A., Hamilton, J., Chen, E., Quintanilla, P., Fong, P., Gray-Adams, K., ...Thornton, N. (2011). Striving Readers study: Targeted and whole-school interventions—year 5. Rockville, MD: Westat.",7,crossref,10.1086/438833,"Second-Year LatinLatin for Today: Second-Year Course. Mason D. Gray , Thornton Jenkins",1929,Fay,https://doi.org/10.1086/438833,,0,,0,,,
600,600-meyers-2016,wwc-b,wwc,"Meyers, C. V., Molefe, A., Brandt, W. C., Zhu, B., & Dhillon, S. (2016). Impact results of the eMINTS professional development validation study. Educational Evaluation & Policy Analysis, 38(3) 455-476.",1,crossref,10.3102/0162373716638446,Impact Results of the eMINTS Professional Development Validation Study,2016,Meyers; Molefe; Brandt; Zhu; Dhillon,https://doi.org/10.3102/0162373716638446,,11,,1,api-crossref,,
600,600-meyers-2016,wwc-b,wwc,"Meyers, C. V., Molefe, A., Brandt, W. C., Zhu, B., & Dhillon, S. (2016). Impact results of the eMINTS professional development validation study. Educational Evaluation & Policy Analysis, 38(3) 455-476.",2,eric,EJ1160848,"Fear, Loathing and Ambivalence toward Learning and Teaching Mathematics: Preservice Teachers' Perspectives",2017,"Itter, Diane; Meyers, Noel",https://eric.ed.gov/?id=EJ1160848,https://files.eric.ed.gov/fulltext/EJ1160848.pdf,6,,0,,,
600,600-meyers-2016,wwc-b,wwc,"Meyers, C. V., Molefe, A., Brandt, W. C., Zhu, B., & Dhillon, S. (2016). Impact results of the eMINTS professional development validation study. Educational Evaluation & Policy Analysis, 38(3) 455-476.",3,eric,EJ1140231,Disadvantaged Older Jobseekers and the Concept of Bounded Agency,2017,"Meyers, Rebecca",https://eric.ed.gov/?id=EJ1140231,,5,,0,,,
600,600-meyers-2016,wwc-b,wwc,"Meyers, C. V., Molefe, A., Brandt, W. C., Zhu, B., & Dhillon, S. (2016). Impact results of the eMINTS professional development validation study. Educational Evaluation & Policy Analysis, 38(3) 455-476.",4,eric,EJ1116670,"What's in a Name? Categorising ""Disadvantaged Older Workers""",2016,"Meyers, Rebecca",https://eric.ed.gov/?id=EJ1116670,,5,,0,,,
600,600-meyers-2016,wwc-b,wwc,"Meyers, C. V., Molefe, A., Brandt, W. C., Zhu, B., & Dhillon, S. (2016). Impact results of the eMINTS professional development validation study. Educational Evaluation & Policy Analysis, 38(3) 455-476.",5,eric,EJ1102511,Opportunities or Barriers? The Experiences of Disadvantaged Older Jobseekers Participating in Training,2016,"Meyers, Rebecca",https://eric.ed.gov/?id=EJ1102511,,5,,0,,,
600,600-meyers-2016,wwc-b,wwc,"Meyers, C. V., Molefe, A., Brandt, W. C., Zhu, B., & Dhillon, S. (2016). Impact results of the eMINTS professional development validation study. Educational Evaluation & Policy Analysis, 38(3) 455-476.",6,eric,EJ1115660,A Course to Promote Informed Selection of an Engineering Major Using a Partially Flipped Classroom Model,2016,"Meyers, Kerry Lynn",https://eric.ed.gov/?id=EJ1115660,,5,,0,,,
600,600-meyers-2016,wwc-b,wwc,"Meyers, C. V., Molefe, A., Brandt, W. C., Zhu, B., & Dhillon, S. (2016). Impact results of the eMINTS professional development validation study. Educational Evaluation & Policy Analysis, 38(3) 455-476.",7,eric,ED571924,A Phenomenological Investigation of Women's Learning Experiences in Counselor Education,2016,"Meyers, Lindsay Pennell",https://eric.ed.gov/?id=ED571924,,5,,0,,,
600,600-meyers-2016,wwc-b,wwc,"Meyers, C. V., Molefe, A., Brandt, W. C., Zhu, B., & Dhillon, S. (2016). Impact results of the eMINTS professional development validation study. Educational Evaluation & Policy Analysis, 38(3) 455-476.",8,eric,EJ1113336,An Agenda for Research and Practice Related to Multicultural Approaches to School-Based Consultation,2016,"Meyers, Joel; Varjas, Kris",https://eric.ed.gov/?id=EJ1113336,,5,,0,,,
601,601-meyers-2015,wwc-b,wwc,"Meyers, C., Molefe, A., Dhillon, S., & Zhu, B. (2015). The impact of eMINTS professional development on teacher instruction and student achievement. Year 3 report. Washington, DC: American Institutes for Research.",1,crossref,10.3102/0162373716638446,Impact Results of the eMINTS Professional Development Validation Study,2016,Meyers; Molefe; Brandt; Zhu; Dhillon,https://doi.org/10.3102/0162373716638446,,8,,1,api-crossref,,
601,601-meyers-2015,wwc-b,wwc,"Meyers, C., Molefe, A., Dhillon, S., & Zhu, B. (2015). The impact of eMINTS professional development on teacher instruction and student achievement. Year 3 report. Washington, DC: American Institutes for Research.",2,eric,EJ1116670,"What's in a Name? Categorising ""Disadvantaged Older Workers""",2016,"Meyers, Rebecca",https://eric.ed.gov/?id=EJ1116670,,5,,0,,,
601,601-meyers-2015,wwc-b,wwc,"Meyers, C., Molefe, A., Dhillon, S., & Zhu, B. (2015). The impact of eMINTS professional development on teacher instruction and student achievement. Year 3 report. Washington, DC: American Institutes for Research.",3,eric,EJ1102511,Opportunities or Barriers? The Experiences of Disadvantaged Older Jobseekers Participating in Training,2016,"Meyers, Rebecca",https://eric.ed.gov/?id=EJ1102511,,5,,0,,,
601,601-meyers-2015,wwc-b,wwc,"Meyers, C., Molefe, A., Dhillon, S., & Zhu, B. (2015). The impact of eMINTS professional development on teacher instruction and student achievement. Year 3 report. Washington, DC: American Institutes for Research.",4,eric,EJ1115660,A Course to Promote Informed Selection of an Engineering Major Using a Partially Flipped Classroom Model,2016,"Meyers, Kerry Lynn",https://eric.ed.gov/?id=EJ1115660,,5,,0,,,
601,601-meyers-2015,wwc-b,wwc,"Meyers, C., Molefe, A., Dhillon, S., & Zhu, B. (2015). The impact of eMINTS professional development on teacher instruction and student achievement. Year 3 report. Washington, DC: American Institutes for Research.",5,eric,EJ1061711,Why Creativity? Articulating and Championing a Museum's Social Mission,2014,"Foley, Cindy Meyers",https://eric.ed.gov/?id=EJ1061711,,5,,0,,,
601,601-meyers-2015,wwc-b,wwc,"Meyers, C., Molefe, A., Dhillon, S., & Zhu, B. (2015). The impact of eMINTS professional development on teacher instruction and student achievement. Year 3 report. Washington, DC: American Institutes for Research.",6,eric,EJ1026838,"Theory, Technology, and Creative Practice: Using Pixton Comics to Teach Communication Theory",2014,"Meyers, Erin A.",https://eric.ed.gov/?id=EJ1026838,,5,,0,,,
601,601-meyers-2015,wwc-b,wwc,"Meyers, C., Molefe, A., Dhillon, S., & Zhu, B. (2015). The impact of eMINTS professional development on teacher instruction and student achievement. Year 3 report. Washington, DC: American Institutes for Research.",7,eric,EJ1025083,Faculty and Student Relationships: Context Matters,2014,"Hoffman, Elin Meyers",https://eric.ed.gov/?id=EJ1025083,,5,,0,,,
601,601-meyers-2015,wwc-b,wwc,"Meyers, C., Molefe, A., Dhillon, S., & Zhu, B. (2015). The impact of eMINTS professional development on teacher instruction and student achievement. Year 3 report. Washington, DC: American Institutes for Research.",8,eric,ED571924,A Phenomenological Investigation of Women's Learning Experiences in Counselor Education,2016,"Meyers, Lindsay Pennell",https://eric.ed.gov/?id=ED571924,,5,,0,,,
609,609-miller-2016,wwc-b,wwc,"Miller, S., Davison, J., Yohanis, J., Sloan, S., Gildea, A., & Thurston, A. (2016). Texting Parents: Evaluation report and executive summary. London, England: Educational Endowment Foundation.",1,crossref,10.1016/j.ijer.2017.01.003,Evaluation of Zippy’s Friends for improving socio-emotional and academic outcomes in six to seven year olds: Protocol for a cluster randomised controlled trial and process evaluation,2017,Sloan; Gildea; Miller; Poulton; Egar; Thurston,https://doi.org/10.1016/j.ijer.2017.01.003,,7,,0,low-margin,,
609,609-miller-2016,wwc-b,wwc,"Miller, S., Davison, J., Yohanis, J., Sloan, S., Gildea, A., & Thurston, A. (2016). Texting Parents: Evaluation report and executive summary. London, England: Educational Endowment Foundation.",2,crossref,10.1016/j.ijer.2015.01.001,Research protocol: A randomized controlled trial of functional family therapy: An Early Intervention Foundation (EIF) partnership between Croydon Council and Queen's University Belfast,2015,Thurston; Miller; Dunne; Lazenbatt; Gildea; Stepien; Tapsell,https://doi.org/10.1016/j.ijer.2015.01.001,,6,,0,,,
609,609-miller-2016,wwc-b,wwc,"Miller, S., Davison, J., Yohanis, J., Sloan, S., Gildea, A., & Thurston, A. (2016). Texting Parents: Evaluation report and executive summary. London, England: Educational Endowment Foundation.",3,eric,EJ1465988,A Queer Literacy Framework Promoting (A)Gender and (A)Sexuality Self-Determination and Justice,2015,Sj Miller,https://eric.ed.gov/?id=EJ1465988,,6,,0,,,
609,609-miller-2016,wwc-b,wwc,"Miller, S., Davison, J., Yohanis, J., Sloan, S., Gildea, A., & Thurston, A. (2016). Texting Parents: Evaluation report and executive summary. London, England: Educational Endowment Foundation.",4,eric,ED668153,Revisiting the Past: Interviews with Low-Income Parents about School Memories and Children's Early Beginnings. Sage Research Methods Cases Part 2,2016,Kyle Miller,https://eric.ed.gov/?id=ED668153,,5,,0,,,
609,609-miller-2016,wwc-b,wwc,"Miller, S., Davison, J., Yohanis, J., Sloan, S., Gildea, A., & Thurston, A. (2016). Texting Parents: Evaluation report and executive summary. London, England: Educational Endowment Foundation.",5,eric,EJ1129511,What Are the Odds: An Examination of Adolescent Interracial Romance and Risk for Depression,2017,"Miller, Byron",https://eric.ed.gov/?id=EJ1129511,,5,,0,,,
609,609-miller-2016,wwc-b,wwc,"Miller, S., Davison, J., Yohanis, J., Sloan, S., Gildea, A., & Thurston, A. (2016). Texting Parents: Evaluation report and executive summary. London, England: Educational Endowment Foundation.",6,eric,EJ1141970,"Teachers, Leaders, and Social Justice: A Critical Reflection on a Complicated Exchange",2017,"Miller, Cody",https://eric.ed.gov/?id=EJ1141970,,5,,0,,,
609,609-miller-2016,wwc-b,wwc,"Miller, S., Davison, J., Yohanis, J., Sloan, S., Gildea, A., & Thurston, A. (2016). Texting Parents: Evaluation report and executive summary. London, England: Educational Endowment Foundation.",7,eric,EJ1148800,Hypothesis Testing in the Real World,2017,"Miller, Jeff",https://eric.ed.gov/?id=EJ1148800,,5,,0,,,
609,609-miller-2016,wwc-b,wwc,"Miller, S., Davison, J., Yohanis, J., Sloan, S., Gildea, A., & Thurston, A. (2016). Texting Parents: Evaluation report and executive summary. London, England: Educational Endowment Foundation.",8,eric,EJ1164960,Virtue through Challenge: Moral Development and Self-Transformation,2017,"Miller, Alistair",https://eric.ed.gov/?id=EJ1164960,,5,,0,,,
619,619-usdepartmentofeducation-2015,wwc-b,wwc,N/A. (2015). U.S. Department of Education Grant Performance Report (ED-524B): CSR Colorado. U.S. Department of Education.,1,crossref,10.2172/1259960,"Final report, Department of Energy grant number DESC0006806",2015,Mapes,https://doi.org/10.2172/1259960,,2,,0,ambiguous,,
619,619-usdepartmentofeducation-2015,wwc-b,wwc,N/A. (2015). U.S. Department of Education Grant Performance Report (ED-524B): CSR Colorado. U.S. Department of Education.,2,crossref,10.1037/e483142006-006,ED report card,2004,,https://doi.org/10.1037/e483142006-006,,0,,0,,,
619,619-usdepartmentofeducation-2015,wwc-b,wwc,N/A. (2015). U.S. Department of Education Grant Performance Report (ED-524B): CSR Colorado. U.S. Department of Education.,3,crossref,10.1037/e483042006-004,Grant policies,2005,,https://doi.org/10.1037/e483042006-004,,0,crossref:10.1037/e405152005-004,0,,,
619,619-usdepartmentofeducation-2015,wwc-b,wwc,N/A. (2015). U.S. Department of Education Grant Performance Report (ED-524B): CSR Colorado. U.S. Department of Education.,4,crossref,10.1037/e483232006-006,HBCU Grant,2004,,https://doi.org/10.1037/e483232006-006,,0,,0,,,
625,625-nakamoto-2015,wwc-b,wwc,"Nakamoto, J., Sobolew-Shubin, S., & Orland, M. (2015). The Beaverton School District Arts for Learning (A4L) lessons project: An Investing in Innovation (i3) development grant. San Francisco, CA: WestEd.",1,eric,ED560945,"The Beaverton School District Arts for Learning (A4L) Lessons Project, an Investing in Innovation (i3) Development Grant: Student Impact Findings from Years 1, 2, and 3",2015,"Nakamoto, Jonathan; Sobolew-Shubin, Sandy; Orland, Martin",https://eric.ed.gov/?id=ED560945,https://files.eric.ed.gov/fulltext/ED560945.pdf,9,,1,api-eric,,
625,625-nakamoto-2015,wwc-b,wwc,"Nakamoto, J., Sobolew-Shubin, S., & Orland, M. (2015). The Beaverton School District Arts for Learning (A4L) lessons project: An Investing in Innovation (i3) development grant. San Francisco, CA: WestEd.",2,eric,ED559645,Evaluation of the MIND Research Institute's Spatial-Temporal Math (ST Math) Program in California,2014,"Wendt, Staci; Rice, John; Nakamoto, Jonathan",https://eric.ed.gov/?id=ED559645,https://files.eric.ed.gov/fulltext/ED559645.pdf,5,,0,,,
625,625-nakamoto-2015,wwc-b,wwc,"Nakamoto, J., Sobolew-Shubin, S., & Orland, M. (2015). The Beaverton School District Arts for Learning (A4L) lessons project: An Investing in Innovation (i3) development grant. San Francisco, CA: WestEd.",3,eric,EJ1132515,"Growth in Career Academy Students' Experience, Knowledge, and Self- Confidence Related to Health Care Careers",2016,"Loera, Gustavo,; Nakamoto, Jonathan; Boal, Ashley L.; Wendt, Staci J.; Beck, Cindy; Cherry, Carla",https://eric.ed.gov/?id=EJ1132515,,5,,0,,,
625,625-nakamoto-2015,wwc-b,wwc,"Nakamoto, J., Sobolew-Shubin, S., & Orland, M. (2015). The Beaverton School District Arts for Learning (A4L) lessons project: An Investing in Innovation (i3) development grant. San Francisco, CA: WestEd.",4,crossref,10.25241/2016.3(2).15,SILVER MODIFIED ATRAUMATIC RESTORATIVE TECHNIQUE (SMART): AN ALTERNATIVE CARIES PREVENTION TOOL,2016,; Alvear Fa; Jew; ; Wong; ; Young; ,https://doi.org/10.25241/2016.3(2).15,,2,crossref:10.25241/stomaeduj.2016.3(3-4).art.15,0,,,
625,625-nakamoto-2015,wwc-b,wwc,"Nakamoto, J., Sobolew-Shubin, S., & Orland, M. (2015). The Beaverton School District Arts for Learning (A4L) lessons project: An Investing in Innovation (i3) development grant. San Francisco, CA: WestEd.",5,crossref,10.59656/a-ao9074.001,"Owning Their Own Stories: An Ethnographic Study of the Queer Women of Color Media Arts Project in San Francisco, CA",2025,,https://doi.org/10.59656/a-ao9074.001,,0,,0,,,
625,625-nakamoto-2015,wwc-b,wwc,"Nakamoto, J., Sobolew-Shubin, S., & Orland, M. (2015). The Beaverton School District Arts for Learning (A4L) lessons project: An Investing in Innovation (i3) development grant. San Francisco, CA: WestEd.",6,crossref,10.24148/cdir2019-02,Transforming Community Development through Arts and Culture,2019,,https://doi.org/10.24148/cdir2019-02,,0,,0,,,
625,625-nakamoto-2015,wwc-b,wwc,"Nakamoto, J., Sobolew-Shubin, S., & Orland, M. (2015). The Beaverton School District Arts for Learning (A4L) lessons project: An Investing in Innovation (i3) development grant. San Francisco, CA: WestEd.",7,crossref,10.2172/883377,Geothermal Project Data and Personnel Resumes,1980,,https://doi.org/10.2172/883377,,0,,0,,,
634,634-dumont-2012,wwc-b,wwc,"Newman, D., Finney, P. B., Bell, S., Turner, H., Jaciw, A. P., Zacamy, J. L., & Feagans Gould, L. (2012). Evaluation of the effectiveness of the Alabama Math, Science, and Technology Initiative (AMSTI) (NCEE 2012–4008). Washington, DC: National Center for Education Evaluation and Regional Assistance, Institute of Education Sciences, U.S. Department of Education.",1,eric,EJ953688,Does Parental Homework Involvement Mediate the Relationship between Family Background and Educational Outcomes?,2012,"Dumont, Hanna; Trautwein, Ulrich; Ludtke, Oliver; Neumann, Marko; Niggli, Alois; Schnyder, Inge",https://eric.ed.gov/?id=EJ953688,,9,,1,api-eric,,
634,634-dumont-2012,wwc-b,wwc,"Newman, D., Finney, P. B., Bell, S., Turner, H., Jaciw, A. P., Zacamy, J. L., & Feagans Gould, L. (2012). Evaluation of the effectiveness of the Alabama Math, Science, and Technology Initiative (AMSTI) (NCEE 2012–4008). Washington, DC: National Center for Education Evaluation and Regional Assistance, Institute of Education Sciences, U.S. Department of Education.",2,eric,EJ1018905,Tracking Effects Depend on Tracking Type: An International Comparison of Students' Mathematics Self-Concept,2013,"Chmielewski, Anna K.; Dumont, Hanna; Trautwein, Ulrich",https://eric.ed.gov/?id=EJ1018905,,7,,0,,,
634,634-dumont-2012,wwc-b,wwc,"Newman, D., Finney, P. B., Bell, S., Turner, H., Jaciw, A. P., Zacamy, J. L., & Feagans Gould, L. (2012). Evaluation of the effectiveness of the Alabama Math, Science, and Technology Initiative (AMSTI) (NCEE 2012–4008). Washington, DC: National Center for Education Evaluation and Regional Assistance, Institute of Education Sciences, U.S. Department of Education.",3,crossref,10.2139/ssrn.2511347,"Evaluation of the Effectiveness of the Alabama Math, Science, and Technology Initiative (AMSTI)",2012,Newman; Finney; Bell; Turner; Jaciw; Zacamy; Gould,https://doi.org/10.2139/ssrn.2511347,,5,,0,,,
634,634-dumont-2012,wwc-b,wwc,"Newman, D., Finney, P. B., Bell, S., Turner, H., Jaciw, A. P., Zacamy, J. L., & Feagans Gould, L. (2012). Evaluation of the effectiveness of the Alabama Math, Science, and Technology Initiative (AMSTI) (NCEE 2012–4008). Washington, DC: National Center for Education Evaluation and Regional Assistance, Institute of Education Sciences, U.S. Department of Education.",4,eric,EJ1010343,"What about the Child's Tie to the Father? A New Insight into Fathering, Father-Child Attachment, Children's Socio-Emotional Development and the Activation Relationship Theory",2013,"Dumont, Caroline; Paquette, Daniel",https://eric.ed.gov/?id=EJ1010343,,5,,0,,,
634,634-dumont-2012,wwc-b,wwc,"Newman, D., Finney, P. B., Bell, S., Turner, H., Jaciw, A. P., Zacamy, J. L., & Feagans Gould, L. (2012). Evaluation of the effectiveness of the Alabama Math, Science, and Technology Initiative (AMSTI) (NCEE 2012–4008). Washington, DC: National Center for Education Evaluation and Regional Assistance, Institute of Education Sciences, U.S. Department of Education.",5,eric,EJ1011206,Is Father-Child Rough-and-Tumble Play Associated with Attachment or Activation Relationships?,2013,"Paquette, Daniel; Dumont, Caroline",https://eric.ed.gov/?id=EJ1011206,,5,,0,,,
634,634-dumont-2012,wwc-b,wwc,"Newman, D., Finney, P. B., Bell, S., Turner, H., Jaciw, A. P., Zacamy, J. L., & Feagans Gould, L. (2012). Evaluation of the effectiveness of the Alabama Math, Science, and Technology Initiative (AMSTI) (NCEE 2012–4008). Washington, DC: National Center for Education Evaluation and Regional Assistance, Institute of Education Sciences, U.S. Department of Education.",6,eric,EJ1059071,Curriculum Alignment: Establishing Coherence,2013,"Gagné, Philippe; Dumont, Laurence; Brunet, Sabine; Boucher, Geneviève",https://eric.ed.gov/?id=EJ1059071,https://files.eric.ed.gov/fulltext/EJ1059071.pdf,5,,0,,,
634,634-dumont-2012,wwc-b,wwc,"Newman, D., Finney, P. B., Bell, S., Turner, H., Jaciw, A. P., Zacamy, J. L., & Feagans Gould, L. (2012). Evaluation of the effectiveness of the Alabama Math, Science, and Technology Initiative (AMSTI) (NCEE 2012–4008). Washington, DC: National Center for Education Evaluation and Regional Assistance, Institute of Education Sciences, U.S. Department of Education.",7,eric,EJ1004817,Prescription of Protective Paternalism for Men in Romantic and Work Contexts,2012,"Sarlet, Marie; Dumont, Muriel; Delacollette, Nathalie; Dardenne, Benoit",https://eric.ed.gov/?id=EJ1004817,,5,,0,,,
634,634-dumont-2012,wwc-b,wwc,"Newman, D., Finney, P. B., Bell, S., Turner, H., Jaciw, A. P., Zacamy, J. L., & Feagans Gould, L. (2012). Evaluation of the effectiveness of the Alabama Math, Science, and Technology Initiative (AMSTI) (NCEE 2012–4008). Washington, DC: National Center for Education Evaluation and Regional Assistance, Institute of Education Sciences, U.S. Department of Education.",8,eric,EJ967918,Screening Young Children for Autism Spectrum Disorders in Primary Practice,2012,"Barton, Marianne L.; Dumont-Mathieu, Thyde; Fein, Deborah",https://eric.ed.gov/?id=EJ967918,,5,,0,,,
650,650-olson-2020,wwc-b,wwc,"Olson, Carol Booth; Woodworth, Katrina; Arshan, Nicole; Black, Rebecca; Chung, Huy Q.; D'Aoust, Catherine; Dewar, Tim; Friedrich, Linda; Godfrey, Lauren; Land, Robert; Matuchniak, Tina; Scarcella, Robin; Stowell, Laurie. (2020). The Pathway to Academic Success: Scaling Up a Text-Based Analytical Writing Intervention for Latinos and English Learners in Secondary School. Journal of Educational Psychology v112 n4 p701-717.",1,crossref,10.1037/edu0000387,The pathway to academic success: Scaling up a text-based analytical writing intervention for Latinos and English learners in secondary school.,2020,Olson; Woodworth; Arshan; Black; Chung; D'Aoust; Dewar; Friedrich; Godfrey; Land; Matuchniak; Scarcella; Stowell,https://doi.org/10.1037/edu0000387,,11,,1,api-crossref,,
650,650-olson-2020,wwc-b,wwc,"Olson, Carol Booth; Woodworth, Katrina; Arshan, Nicole; Black, Rebecca; Chung, Huy Q.; D'Aoust, Catherine; Dewar, Tim; Friedrich, Linda; Godfrey, Lauren; Land, Robert; Matuchniak, Tina; Scarcella, Robin; Stowell, Laurie. (2020). The Pathway to Academic Success: Scaling Up a Text-Based Analytical Writing Intervention for Latinos and English Learners in Secondary School. Journal of Educational Psychology v112 n4 p701-717.",2,crossref,10.1103/physrevlett.129.075001,Lawson Criterion for Ignition Exceeded in an Inertial Fusion Experiment,2022,Abu-Shawareb; Acree; Adams; Adams; Addis; Aden; Adrian; Afeyan; Aggleton; Aghaian; Aguirre; Aikens; Akre; Albert; Albrecht; Albright; Albritton; Alcala; Alday; Alessi; Alexander; Alfonso; Alfonso; Alger; Ali; Ali; Alley; Amala; Amendt; Amick; Ammula; Amorin; Ampleford; Anderson; Anklam; Antipa; Appelbe; Aracne-Ruddle; Araya; Arend; Arnold; Arnold; Asay; Atherton; Atkinson; Atkinson; Auerbach; Austin; Auyang; Awwal; Ayers; Ayers; Ayers; Azevedo; Bachmann; Back; Bae; Bailey; Bailey; Baisden; Baker; Baldis; Barber; Barberis; Barker; Barnes; Barnes; Barrios; Barty; Bass; Batha; Baxamusa; Bazan; Beagle; Beale; Beck; Beck; Bedzyk; Beeler; Beeler; Behrendt; Belk; Bell; Belyaev; Benage; Bennett; Benedetti; Benedict; Berger; Bernat; Bernstein; Berry; Bertolini; Besenbruch; Betcher; Bettenhausen; Betti; Bezzerides; Bhandarkar; Bickel; Biener; Biesiada; Bigelow; Bigelow-Granillo; Bigman; Bionta; Birge; Bitter; Black; Bleile; Bleuel; Bliss; Bliss; Blue; Boehly; Boehm; Boley; Bonanno; Bond; Bond; Bonino; Borden; Bourgade; Bousquet; Bowers; Bowers; Boyd; Bozek; Bradley; Bradley; Bradley; Bradley; Brannon; Brantley; Braun; Braun; Brienza-Larsen; Briggs; Britten; Brooks; Browning; Bruhn; Brunner; Bruns; Brunton; Bryant; Buczek; Bude; Buitano; Burkhart; Burmark; Burnham; Burr; Busby; Butlin; Cabeltis; Cable; Cabot; Cagadas; Caggiano; Cahayag; Caldwell; Calkins; Callahan; Calleja-Aguirre; Camara; Camp; Campbell; Campbell; Carey; Carey; Carlisle; Carlson; Carman; Carmichael; Carpenter; Carr; Carrera; Casavant; Casey; Casey; Castillo; Castillo; Castor; Castro; Caughey; Cavitt; Celeste; Celliers; Cerjan; Chandler; Chang; Chang; Chang; Chang; Chapman; Chapman; Chase; Chen; Chen; Chen; Chen; Cheng; Chittenden; Choate; Chou; Chrien; Chrisp; Christensen; Christensen; Christopherson; Chung; Church; Clark; Clark; Clark; Clark; Claus; Cline; Cline; Cobble; Cochrane; Cohen; Cohen; Collette; Collins; Collins; Collins; Conder; Conrad; Conyers; Cook; Cook; Cook; Cooley; Cooper; Cope; Copeland; Coppari; Cortez; Cox; Crandall; Crane; Craxton; Cray; Crilly; Crippen; Cross; Cuneo; Cuotts; Czajka; Czechowicz; Daly; Danforth; Darbee; Darlington; Datte; Dauffy; Davalos; Davidovits; Davis; Davis; Dawson; Day; Day; Dayton; Deck; Decker; Deeney; DeFriend; Deis; Delamater; Delettrez; Demaret; Demos; Dempsey; Desjardin; Desjardins; Desjarlais; Dewald; DeYoreo; Diaz; Dimonte; Dittrich; Divol; Dixit; Dixon; Dodd; Dolan; Donovan; Donovan; Döppner; Dorrer; Dorsano; Douglas; Dow; Downie; Downing; Dozieres; Draggoo; Drake; Drake; Drake; Dreifuerst; DuBois; DuBois; Dunham; Dylla-Spears; Dymoke-Bradshaw; Dzenitis; Ebbers; Eckart; Eddinger; Eder; Edgell; Edwards; Efthimion; Eggert; Ehrlich; Ehrmann; Elhadj; Ellerbee; Elliott; Ellison; Elsner; Emerich; Engelhorn; England; English; Epperson; Epstein; Erbert; Erickson; Erskine; Erlandson; Espinosa; Estes; Estabrook; Evans; Fabyan; Fair; Fallejo; Farmer; Farmer; Farrell; Fatherley; Fedorov; Feigenbaum; Feit; Ferguson; Fernandez; Fernandez-Panella; Fess; Field; Filip; Fincke; Finn; Finnegan; Finucane; Fischer; Fisher; Fisher; Fishler; Fittinghoff; Fitzsimmons; Flegel; Flippo; Florio; Folta; Folta; Foreman; Forrest; Forsman; Fooks; Foord; Fortner; Fournier; Fratanduono; Frazier; Frazier; Frederick; Freeman; Frenje; Frey; Frieders; Friedrich; Froula; Fry; Fuller; Gaffney; Gales; Le Galloudec; Le Galloudec; Gambhir; Gao; Garbett; Garcia; Gates; Gaut; Gauthier; Gavin; Gaylord; Geissel; Génin; Georgeson; Geppert-Kleinrath; Geppert-Kleinrath; Gharibyan; Gibson; Gibson; Giraldez; Glebov; Glendinning; Glenn; Glenzer; Goade; Gobby; Goldman; Golick; Gomez; Goncharov; Goodin; Grabowski; Grafil; Graham; Grandy; Grasz; Graziani; Greenman; Greenough; Greenwood; Gregori; Green; Griego; Grim; Grondalski; Gross; Guckian; Guler; Gunney; Guss; Haan; Hackbarth; Hackel; Hackel; Haefner; Hagmann; Hahn; Hahn; Haid; Haines; Hall; Hall; Hall; Hamamoto; Hamel; Hamilton; Hammel; Hammer; Hampton; Hamza; Handler; Hansen; Hanson; Haque; Harding; Harding; Hares; Harris; Harte; Hartouni; Hatarik; Hatchett; Hauer; Havre; Hawley; Hayes; Hayes; Hayes; Hayes-Sterbenz; Haynam; Haynes; Headley; Heal; Heebner; Heerey; Heestand; Heeter; Hein; Heinbockel; Hendricks; Henesian; Heninger; Henrikson; Henry; Herbold; Hermann; Hermes; Hernandez; Hernandez; Herrmann; Herrmann; Herrera; Hewett; Hibbard; Hicks; Hill; Hill; Hilsabeck; Hinkel; Ho; Ho; Hoffer; Hoffman; Hohenberger; Hohensee; Hoke; Holdener; Holdener; Holder; Holko; Holunga; Holzrichter; Honig; Hoover; Hopkins; Berzak Hopkins; Hoppe; Hoppe; Horner; Hornung; Horsfield; Horvath; Hotaling; House; Howell; Hsing; Hu; Huang; Huckins; Hui; Humbird; Hund; Hunt; Hurricane; Hutton; Huynh; Inandan; Iglesias; Igumenshchev; Izumi; Jackson; Jackson; Jacobs; James; Jancaitis; Jarboe; Jarrott; Jasion; Jaquez; Jeet; Jenei; Jensen; Jimenez; Jimenez; Jobe; Johal; Johns; Johnson; Johnson; Gatu Johnson; Johnson; Johnson; Johnson; Johnson; Jones; Jones; Jones; Jorge; Jorgenson; Julian; Jun; Jungquist; Kaae; Kabadi; Kaczala; Kalantar; Kangas; Karasiev; Karasik; Karpenko; Kasarky; Kasper; Kauffman; Kaufman; Keane; Keaty; Kegelmeyer; Keiter; Kellett; Kellogg; Kelly; Kemic; Kemp; Kemp; Kerbel; Kershaw; Kerr; Kessler; Key; Khan; Khater; Kiikka; Kilkenny; Kim; Kim; Kimko; Kimmel; Kindel; King; Kirkwood; Klaus; Klem; Kline; Klingmann; Kluth; Knapp; Knauer; Knipping; Knudson; Kobs; Koch; Kohut; Kong; Koning; Koning; Konior; Kornblum; Kot; Kozioziemski; Kozlowski; Kozlowski; Krammen; Krasheninnikova; Kraus; Krauser; Kress; Kritcher; Krieger; Kroll; Kruer; Kruse; Kucheyev; Kumbera; Kumpan; Kunimune; Kustowski; Kwan; Kyrala; Laffite; Lafon; LaFortune; Lahmann; Lairson; Landen; Langenbrunner; Lagin; Land; Lane; Laney; Langdon; Langer; Langro; Lanier; Lanier; Larson; Lasinski; Lassle; LaTray; Lau; Lau; Laumann; Laurence; Laurence; Lawson; Le; Leach; Leal; Leatherland; LeChien; Lechleiter; Lee; Lee; Lee; Leeper; Lefebvre; Leidinger; LeMire; Lemke; Lemos; Le Pape; Lerche; Lerner; Letts; Levedahl; Lewis; Li; Li; Li; Liao; Liao; Liedahl; Liebman; Lindford; Lindman; Lindl; Loey; London; Long; Loomis; Lopez; Lopez; Losbanos; Loucks; Lowe-Webb; Lundgren; Ludwigsen; Luo; Lusk; Lyons; Ma; Macallop; MacDonald; MacGowan; Mack; Mackinnon; MacLaren; MacPhee; Magelssen; Magoon; Malone; Malsbury; Managan; Mancini; Manes; Maney; Manha; Mannion; Manuel; Mapoles; Mara; Marcotte; Marin; Marinak; Mariscal; Mariscal; Mariscal; Marley; Marozas; Marquez; Marshall; Marshall; Marshall; Marshall; Marticorena; Martinez; Maslennikov; Mason; Mason; Masse; Massey; Masson-Laborde; Masters; Mathisen; Mathison; Matone; Matthews; Mattoon; Mattsson; Matzen; Mauche; Mauldin; McAbee; McBurney; Mccarville; McCrory; McEvoy; McGuffey; Mcinnis; McKenty; McKinley; McLeod; McPherson; Mcquillan; Meamber; Meaney; Meezan; Meissner; Mehlhorn; Mehta; Menapace; Merrill; Merritt; Merritt; Meyerhofer; Mezyk; Mich; Michel; Milam; Miller; Miller; Miller; Miller; Miller; Miller; Miller; Miller; Miller; Miller; Miller-Kamm; Millot; Milovich; Minner; Miquel; Mitchell; Molvig; Montesanti; Montgomery; Monticelli; Montoya; Moody; Moore; Moore; Moran; Moreno; Moreno; Morgan; Morrow; Morton; Moses; Moy; Muir; Murillo; Murray; Murray; Munro; Murphy; Munteanu; Nafziger; Nagayama; Nagel; Nast; Negres; Nelson; Nelson; Nelson; Nelson; Nemethy; Neumayer; Newman; Newton; Nguyen; Di Nicola; Di Nicola; Niemann; Nikroo; Nilson; Nobile; Noorai; Nora; Norton; Nostrand; Note; Novell; Nowak; Nunez; Nyholm; O’Brien; Oceguera; Oertel; Okui; Olejniczak; Oliveira; Olsen; Olson; Olson; Olson; Opachich; Orsi; Orth; Owen; Padalino; Padilla; Paguio; Paguio; Paisner; Pajoom; Pak; Palaniyappan; Palma; Pannell; Papp; Paras; Parham; Park; Pasternak; Patankar; Patel; Patel; Patterson; Patterson; Paul; Paul; Pauli; Pearce; Pearcy; Pedrotti; Peer; Pelz; Penetrante; Penner; Perez; Perkins; Pernice; Perry; Person; Petersen; Petersen; Peterson; Peterson; Peterson; Peterson; Peterson; Peterson; Petrasso; Philippe; Phipps; Piceno; Ping; Pickworth; Pino; Plummer; Pollack; Pollaine; Pollock; Ponce; Ponce; Pontelandolfo; Porter; Post; Poujade; Powell; Powell; Power; Pozulp; Prantil; Prasad; Pratuch; Price; Primdahl; Prisbrey; Procassini; Pruyne; Pudliner; Qiu; Quan; Quinn; Quintenz; Radha; Rainer; Ralph; Raman; Raman; Rambo; Rana; Randewich; Rardin; Ratledge; Ravelo; Ravizza; Rayce; Raymond; Raymond; Reed; Reed; Regan; Reichelt; Reis; Reisdorf; Rekow; Remington; Rendon; Requieron; Rever; Reynolds; Reynolds; Rhodes; Rhodes; Richardson; Rice; Rice; Rieben; Rigatti; Riggs; Rinderknecht; Ring; Riordan; Riquier; Rivers; Roberts; Roberts; Robertson; Robey; Robles; Rocha; Rochau; Rodriguez; Rodriguez; Rosen; Rosenberg; Ross; Ross; Ross; Rouse; Rovang; Rubenchik; Rubery; Ruiz; Rushford; Russ; Rygg; Ryujin; Sacks; Sacks; Saito; Salmon; Salmonson; Sanchez; Samuelson; Sanchez; Sangster; Saroyan; Sater; Satsangi; Sauers; Saunders; Sauppe; Sawicki; Sayre; Scanlan; Schaffers; Schappert; Schiaffino; Schlossberg; Schmidt; Schmitt; Schneider; Schneider; Schneider; Schoff; Schollmeier; Schölmerich; Schroeder; Schrauth; Scott; Scott; Scott; Scott; Scullard; Sedillo; Seguin; Seka; Senecal; Sepke; Seppala; Sequoia; Severyn; Sevier; Sewell; Seznec; Shah; Shamlian; Shaughnessy; Shaw; Shaw; Shearer; Shelton; Shen; Sherlock; Shestakov; Shi; Shin; Shingleton; Shmayda; Shor; Shoup; Shuldberg; Siegel; Silva; Simakov; Sims; Sinars; Singh; Sio; Skulina; Skupsky; Slutz; Sluyter; Smalyuk; Smauley; Smeltser; Smith; Smith; Smith; Smith; Smith; Sohn; Sommer; Sorce; Sorem; Soures; Spaeth; Spears; Speas; Speck; Speck; Spears; Spinka; Springer; Stadermann; Stahl; Stahoviak; Stanton; Steele; Steele; Steinman; Stemke; Stephens; Sterbenz; Sterne; Stevens; Stevers; Still; Stoeckl; Stoeffl; Stolken; Stolz; Storm; Stone; Stoupin; Stout; Stowers; Strauser; Streckart; Streit; Strozzi; Suratwala; Sutcliffe; Suter; Sutton; Svidzinski; Swadling; Sweet; Szoke; Tabak; Takagi; Tambazidis; Tang; Taranowski; Taylor; Telford; Theobald; Thi; Thomas; Thomas; Thomas; Thomas; Thompson; Thongstisubskul; Thorsness; Tietbohl; Tipton; Tobin; Tomlin; Tommasini; Toreja; Torres; Town; Townsend; Trenholme; Trivelpiece; Trosseille; Truax; Trummer; Trummer; Truong; Tubbs; Tubman; Tunnell; Turnbull; Turner; Ulitsky; Upadhye; Vaher; VanArsdall; VanBlarcom; Vandenboomgaerde; VanQuinlan; Van Wonterghem; Varnum; Velikovich; Vella; Verdon; Vermillion; Vernon; Vesey; Vickers; Vignes; Visosky; Vocke; Volegov; Vonhof; Von Rotz; Vu; Vu; Wall; Wall; Wallace; Wallin; Walmer; Walsh; Walters; Waltz; Wan; Wang; Wang; Wark; Warner; Watson; Watt; Watts; Weaver; Weaver; Weaver; Weber; Weber; Weber; Wegner; Welday; Welser-Sherrill; Weiss; Widmann; Wheeler; Whistler; White; Whitley; Whitman; Wickett; Widmayer; Wiedwald; Wilcox; Wilcox; Wild; Wilde; Wilde; Wilhelmsen; Wilke; Wilkens; Wilkins; Wilks; Williams; Williams; Williams; Williams; Wilson; Wilson; Wilson; Wilson; Winters; Wisoff; Wittman; Wolfe; Wong; Wong; Wong; Wong; Wood; Woodhouse; Woodruff; Woods; Woods; Woodworth; Wooten; Wootton; Work; Workman; Wright; Wu; Wuest; Wysocki; Xu; Yamaguchi; Yang; Yang; Yatabe; Yeamans; Yee; Yi; Yin; Young; Young; Young; Young; Youngblood; Zacharias; Zagaris; Zaitseva; Zaka; Ze; Zeiger; Zika; Zimmerman; Zobrist; Zuegel; Zylstra; ,https://doi.org/10.1103/physrevlett.129.075001,,6,,0,,,
650,650-olson-2020,wwc-b,wwc,"Olson, Carol Booth; Woodworth, Katrina; Arshan, Nicole; Black, Rebecca; Chung, Huy Q.; D'Aoust, Catherine; Dewar, Tim; Friedrich, Linda; Godfrey, Lauren; Land, Robert; Matuchniak, Tina; Scarcella, Robin; Stowell, Laurie. (2020). The Pathway to Academic Success: Scaling Up a Text-Based Analytical Writing Intervention for Latinos and English Learners in Secondary School. Journal of Educational Psychology v112 n4 p701-717.",3,eric,EJ1214965,Feature Acquisition in Second Language Phonetic Development: Evidence from Phonetic Training,2019,"Olson, Daniel J.",https://eric.ed.gov/?id=EJ1214965,,6,,0,,,
650,650-olson-2020,wwc-b,wwc,"Olson, Carol Booth; Woodworth, Katrina; Arshan, Nicole; Black, Rebecca; Chung, Huy Q.; D'Aoust, Catherine; Dewar, Tim; Friedrich, Linda; Godfrey, Lauren; Land, Robert; Matuchniak, Tina; Scarcella, Robin; Stowell, Laurie. (2020). The Pathway to Academic Success: Scaling Up a Text-Based Analytical Writing Intervention for Latinos and English Learners in Secondary School. Journal of Educational Psychology v112 n4 p701-717.",4,eric,ED642324,"A Descriptive Study of the Accommodations, Assistive Technologies, and Supports Chosen by Students with an Intellectual Disability Attending a Post-Secondary Institution",2021,Lori Olson,https://eric.ed.gov/?id=ED642324,,5,,0,,,
650,650-olson-2020,wwc-b,wwc,"Olson, Carol Booth; Woodworth, Katrina; Arshan, Nicole; Black, Rebecca; Chung, Huy Q.; D'Aoust, Catherine; Dewar, Tim; Friedrich, Linda; Godfrey, Lauren; Land, Robert; Matuchniak, Tina; Scarcella, Robin; Stowell, Laurie. (2020). The Pathway to Academic Success: Scaling Up a Text-Based Analytical Writing Intervention for Latinos and English Learners in Secondary School. Journal of Educational Psychology v112 n4 p701-717.",5,eric,ED666715,Teachers' Openness to Instructional Coaching,2021,Sarah Olson,https://eric.ed.gov/?id=ED666715,,5,,0,,,
650,650-olson-2020,wwc-b,wwc,"Olson, Carol Booth; Woodworth, Katrina; Arshan, Nicole; Black, Rebecca; Chung, Huy Q.; D'Aoust, Catherine; Dewar, Tim; Friedrich, Linda; Godfrey, Lauren; Land, Robert; Matuchniak, Tina; Scarcella, Robin; Stowell, Laurie. (2020). The Pathway to Academic Success: Scaling Up a Text-Based Analytical Writing Intervention for Latinos and English Learners in Secondary School. Journal of Educational Psychology v112 n4 p701-717.",6,eric,EJ1295673,A Foucault Pendulum Pilgrimage in Paris,2021,"Olson, Don",https://eric.ed.gov/?id=EJ1295673,,5,,0,,,
650,650-olson-2020,wwc-b,wwc,"Olson, Carol Booth; Woodworth, Katrina; Arshan, Nicole; Black, Rebecca; Chung, Huy Q.; D'Aoust, Catherine; Dewar, Tim; Friedrich, Linda; Godfrey, Lauren; Land, Robert; Matuchniak, Tina; Scarcella, Robin; Stowell, Laurie. (2020). The Pathway to Academic Success: Scaling Up a Text-Based Analytical Writing Intervention for Latinos and English Learners in Secondary School. Journal of Educational Psychology v112 n4 p701-717.",7,eric,EJ1332784,Dropping the Mic Online: How Educators End Class Well,2021,"Olson, Daniel",https://eric.ed.gov/?id=EJ1332784,,5,,0,,,
650,650-olson-2020,wwc-b,wwc,"Olson, Carol Booth; Woodworth, Katrina; Arshan, Nicole; Black, Rebecca; Chung, Huy Q.; D'Aoust, Catherine; Dewar, Tim; Friedrich, Linda; Godfrey, Lauren; Land, Robert; Matuchniak, Tina; Scarcella, Robin; Stowell, Laurie. (2020). The Pathway to Academic Success: Scaling Up a Text-Based Analytical Writing Intervention for Latinos and English Learners in Secondary School. Journal of Educational Psychology v112 n4 p701-717.",8,eric,EJ1315154,This Old House: Bringing Awareness of Rural Issues to Students through Writing,2021,"Olson, Anthony",https://eric.ed.gov/?id=EJ1315154,https://files.eric.ed.gov/fulltext/EJ1315154.pdf,5,,0,,,
658,658-pane-2013,wwc-b,wwc,"Pane, J. F., Griffin, B. A., McCaffrey, D. F., & Karam, R. (2013). Effectiveness of Cognitive Tutor Algebra I at scale [Middle school]. Educational Evaluation and Policy Analysis, 36, 127–144.",1,crossref,10.3102/0162373713507480,Effectiveness of Cognitive Tutor Algebra I at Scale,2014,Pane; Griffin; McCaffrey; Karam,https://doi.org/10.3102/0162373713507480,,11,eric:EJ1024233,1,api-crossref,,
658,658-pane-2013,wwc-b,wwc,"Pane, J. F., Griffin, B. A., McCaffrey, D. F., & Karam, R. (2013). Effectiveness of Cognitive Tutor Algebra I at scale [Middle school]. Educational Evaluation and Policy Analysis, 36, 127–144.",2,crossref,10.7249/rb9746,Does an Algebra Course with Tutoring Software Improve Student Learning?,2013,Pane; Griffin; McCaffrey; Karam; Daugherty; Phillips,https://doi.org/10.7249/rb9746,https://files.eric.ed.gov/fulltext/ED627386.pdf,9,eric:ED627386,0,,,
658,658-pane-2013,wwc-b,wwc,"Pane, J. F., Griffin, B. A., McCaffrey, D. F., & Karam, R. (2013). Effectiveness of Cognitive Tutor Algebra I at scale [Middle school]. Educational Evaluation and Policy Analysis, 36, 127–144.",3,eric,ED559621,Addendum to Effectiveness of Cognitive Tutor Algebra I at Scale. Working Paper WR-1050-DEIES,2014,"Pane, John F.; Griffin, Beth Ann; McCaffrey, Daniel F.; Karam, Rita",https://eric.ed.gov/?id=ED559621,,9,,0,,,
658,658-pane-2013,wwc-b,wwc,"Pane, J. F., Griffin, B. A., McCaffrey, D. F., & Karam, R. (2013). Effectiveness of Cognitive Tutor Algebra I at scale [Middle school]. Educational Evaluation and Policy Analysis, 36, 127–144.",4,eric,ED531784,Analysis of Costs in an Algebra I Curriculum Effectiveness Study. Technical Report,2012,"Daugherty, Lindsay; Phillips, Andrea; Pane, John F.; Karam, Rita",https://eric.ed.gov/?id=ED531784,,7,,0,,,
658,658-pane-2013,wwc-b,wwc,"Pane, J. F., Griffin, B. A., McCaffrey, D. F., & Karam, R. (2013). Effectiveness of Cognitive Tutor Algebra I at scale [Middle school]. Educational Evaluation and Policy Analysis, 36, 127–144.",5,eric,EJ1105734,How Curriculum and Classroom Achievement Predict Teacher Time on Lecture- and Inquiry-Based Mathematics Activities,2012,"Kaufman, Julia H.; Rita Karam; Pane, John F.; Junker, Brian W.",https://eric.ed.gov/?id=EJ1105734,,7,,0,,,
658,658-pane-2013,wwc-b,wwc,"Pane, J. F., Griffin, B. A., McCaffrey, D. F., & Karam, R. (2013). Effectiveness of Cognitive Tutor Algebra I at scale [Middle school]. Educational Evaluation and Policy Analysis, 36, 127–144.",6,crossref,10.1007/s11423-016-9498-6,Examining the implementation of technology-based blended algebra I curriculum at scale,2016,Karam; Pane; Griffin; Robyn; Phillips; Daugherty,https://doi.org/10.1007/s11423-016-9498-6,,6,,0,,,
658,658-pane-2013,wwc-b,wwc,"Pane, J. F., Griffin, B. A., McCaffrey, D. F., & Karam, R. (2013). Effectiveness of Cognitive Tutor Algebra I at scale [Middle school]. Educational Evaluation and Policy Analysis, 36, 127–144.",7,crossref,10.3102/0162373712439094,Team Pay for Performance,2012,Springer; Pane; Le; McCaffrey; Burns; Hamilton; Stecher,https://doi.org/10.3102/0162373712439094,,6,,0,,,
658,658-pane-2013,wwc-b,wwc,"Pane, J. F., Griffin, B. A., McCaffrey, D. F., & Karam, R. (2013). Effectiveness of Cognitive Tutor Algebra I at scale [Middle school]. Educational Evaluation and Policy Analysis, 36, 127–144.",8,eric,ED561404,Math Scores Add Up for Hispanic Students: States and School Districts Notable for Recent Gains by Hispanic Students in Mathematics. Publication#2014-59,2014,"Pane, Natalia E.",https://eric.ed.gov/?id=ED561404,,6,,0,,,
661,661-park-2021,wwc-b,wwc,"Park, C., Arshan, N., Milby, A., & Goetz, R. (2021). Evaluation of the College, Career, and Community Writers Program: Findings from the i3 Scale-up Grant. Technical Report. Menlo Park, CA: SRI International.",1,crossref,10.1080/19345747.2023.2179953,"Supporting Teachers in Argument Writing Instruction at Scale: A Replication Study of the College, Career, and Community Writers Program (C3WP)",2023,Arshan; Park; Goetz,https://doi.org/10.1080/19345747.2023.2179953,,5,,0,ambiguous,,
661,661-park-2021,wwc-b,wwc,"Park, C., Arshan, N., Milby, A., & Goetz, R. (2021). Evaluation of the College, Career, and Community Writers Program: Findings from the i3 Scale-up Grant. Technical Report. Menlo Park, CA: SRI International.",2,eric,EJ1331196,"Where Are the Crosshairs in the Finderscope? ""Another Activity Using a Cardboard Telescope""",2021,"Park, Jeongwoo; Park, Hee Kyung",https://eric.ed.gov/?id=EJ1331196,,5,,0,,,
661,661-park-2021,wwc-b,wwc,"Park, C., Arshan, N., Milby, A., & Goetz, R. (2021). Evaluation of the College, Career, and Community Writers Program: Findings from the i3 Scale-up Grant. Technical Report. Menlo Park, CA: SRI International.",3,eric,ED646952,A Study on Investigating the Community Experiences of Teachers of Students with Visual Impairments in Creating Math and Science Tactile Graphics,2022,Jinseok Park,https://eric.ed.gov/?id=ED646952,,5,,0,,,
661,661-park-2021,wwc-b,wwc,"Park, C., Arshan, N., Milby, A., & Goetz, R. (2021). Evaluation of the College, Career, and Community Writers Program: Findings from the i3 Scale-up Grant. Technical Report. Menlo Park, CA: SRI International.",4,eric,ED641522,Interplay of Working Memory and Planning Time in Integrated Listen-to-Speak Task Performance,2021,Yena Park,https://eric.ed.gov/?id=ED641522,,5,,0,,,
661,661-park-2021,wwc-b,wwc,"Park, C., Arshan, N., Milby, A., & Goetz, R. (2021). Evaluation of the College, Career, and Community Writers Program: Findings from the i3 Scale-up Grant. Technical Report. Menlo Park, CA: SRI International.",5,eric,ED648791,Multisensory Alphabet Instruction for Young Children,2022,Somin Park,https://eric.ed.gov/?id=ED648791,,5,,0,,,
661,661-park-2021,wwc-b,wwc,"Park, C., Arshan, N., Milby, A., & Goetz, R. (2021). Evaluation of the College, Career, and Community Writers Program: Findings from the i3 Scale-up Grant. Technical Report. Menlo Park, CA: SRI International.",6,eric,ED668809,Factors Influencing Creative Achievement,2021,Hyeri Park,https://eric.ed.gov/?id=ED668809,,5,,0,,,
661,661-park-2021,wwc-b,wwc,"Park, C., Arshan, N., Milby, A., & Goetz, R. (2021). Evaluation of the College, Career, and Community Writers Program: Findings from the i3 Scale-up Grant. Technical Report. Menlo Park, CA: SRI International.",7,eric,ED669018,Responsive Scaffolding of Knowledge Building Discourse with Ongoing Analytics Support,2021,Hyejin Park,https://eric.ed.gov/?id=ED669018,,5,,0,,,
661,661-park-2021,wwc-b,wwc,"Park, C., Arshan, N., Milby, A., & Goetz, R. (2021). Evaluation of the College, Career, and Community Writers Program: Findings from the i3 Scale-up Grant. Technical Report. Menlo Park, CA: SRI International.",8,eric,ED669230,"Predicting Sociodemographic Characteristics, Medical Insurance, Employment Status, and Vocational Rehabilitation Service Factors Influencing Cancer Survivors' Employment Outcomes within the Rehabilitation Services Administration (RSA-911) Database",2021,Mirang Park,https://eric.ed.gov/?id=ED669230,,5,,0,,,
665,665-patel-2018,wwc-b,wwc,"Patel, D., Wei, X., Laguarda, K., Stites, R., Cheever, H., & Goetz, R. (2018). Evaluation of Education Connections: Supporting teachers with standards-based instruction for English learners in mainstream classrooms. Final report. Menlo Park, CA: SRI International. https://www.sri.com/wp-content/uploads/pdf/evaluation_of_edconx_final_report_3-22-18_final.pdf",1,eric,EJ1195132,"A Nation under Two Flags: Liberal Education, Interfaith Literacy, and the New American Holy War",2018,"Patel, Eboo",https://eric.ed.gov/?id=EJ1195132,,6,,0,low-margin,,
665,665-patel-2018,wwc-b,wwc,"Patel, D., Wei, X., Laguarda, K., Stites, R., Cheever, H., & Goetz, R. (2018). Evaluation of Education Connections: Supporting teachers with standards-based instruction for English learners in mainstream classrooms. Final report. Menlo Park, CA: SRI International. https://www.sri.com/wp-content/uploads/pdf/evaluation_of_edconx_final_report_3-22-18_final.pdf",2,eric,EJ1474790,Emerging Considerations for Diversity Education of South Asian American Students,2017,Purvi Patel; Viraj Patel,https://eric.ed.gov/?id=EJ1474790,https://files.eric.ed.gov/fulltext/EJ1474790.pdf,5,,0,,,
665,665-patel-2018,wwc-b,wwc,"Patel, D., Wei, X., Laguarda, K., Stites, R., Cheever, H., & Goetz, R. (2018). Evaluation of Education Connections: Supporting teachers with standards-based instruction for English learners in mainstream classrooms. Final report. Menlo Park, CA: SRI International. https://www.sri.com/wp-content/uploads/pdf/evaluation_of_edconx_final_report_3-22-18_final.pdf",3,eric,EJ1143091,Are DACA Students Still Safe to Stay?,2017,"Patel, Pooja",https://eric.ed.gov/?id=EJ1143091,,5,,0,,,
665,665-patel-2018,wwc-b,wwc,"Patel, D., Wei, X., Laguarda, K., Stites, R., Cheever, H., & Goetz, R. (2018). Evaluation of Education Connections: Supporting teachers with standards-based instruction for English learners in mainstream classrooms. Final report. Menlo Park, CA: SRI International. https://www.sri.com/wp-content/uploads/pdf/evaluation_of_edconx_final_report_3-22-18_final.pdf",4,eric,EJ1140021,On Building a Diverse Democracy: Justice and Identity in the Twenty-First Century,2017,"Patel, Eboo",https://eric.ed.gov/?id=EJ1140021,,5,,0,,,
665,665-patel-2018,wwc-b,wwc,"Patel, D., Wei, X., Laguarda, K., Stites, R., Cheever, H., & Goetz, R. (2018). Evaluation of Education Connections: Supporting teachers with standards-based instruction for English learners in mainstream classrooms. Final report. Menlo Park, CA: SRI International. https://www.sri.com/wp-content/uploads/pdf/evaluation_of_edconx_final_report_3-22-18_final.pdf",5,eric,EJ1196999,Immigrant Populations and Sanctuary Schools,2018,"Patel, Leigh",https://eric.ed.gov/?id=EJ1196999,,5,,0,,,
665,665-patel-2018,wwc-b,wwc,"Patel, D., Wei, X., Laguarda, K., Stites, R., Cheever, H., & Goetz, R. (2018). Evaluation of Education Connections: Supporting teachers with standards-based instruction for English learners in mainstream classrooms. Final report. Menlo Park, CA: SRI International. https://www.sri.com/wp-content/uploads/pdf/evaluation_of_edconx_final_report_3-22-18_final.pdf",6,eric,EJ1153256,A Chance at Life: The Value of Legislative Action and Institutional Leadership for DACA Students,2017,"Patel, Pooja",https://eric.ed.gov/?id=EJ1153256,,5,,0,,,
665,665-patel-2018,wwc-b,wwc,"Patel, D., Wei, X., Laguarda, K., Stites, R., Cheever, H., & Goetz, R. (2018). Evaluation of Education Connections: Supporting teachers with standards-based instruction for English learners in mainstream classrooms. Final report. Menlo Park, CA: SRI International. https://www.sri.com/wp-content/uploads/pdf/evaluation_of_edconx_final_report_3-22-18_final.pdf",7,eric,EJ1133531,The Ink of Citizenship,2017,"Patel, Leigh",https://eric.ed.gov/?id=EJ1133531,,5,,0,,,
665,665-patel-2018,wwc-b,wwc,"Patel, D., Wei, X., Laguarda, K., Stites, R., Cheever, H., & Goetz, R. (2018). Evaluation of Education Connections: Supporting teachers with standards-based instruction for English learners in mainstream classrooms. Final report. Menlo Park, CA: SRI International. https://www.sri.com/wp-content/uploads/pdf/evaluation_of_edconx_final_report_3-22-18_final.pdf",8,eric,EJ1218729,Fugitive Practices: Learning in a Settler Colony,2019,"Patel, Leigh",https://eric.ed.gov/?id=EJ1218729,,5,,0,,,
698,698-programevaluationgroupcollegeofeducationuniversityofgeorgia-2015,wwc-b,wwc,"Program Evaluation Group, College of Education, University of Georgia. (2015). EngageME P.L.E.A.S.E impact study results [Middle school]. Athens, GA: Author.",1,crossref,10.19070/2330-0027-150002,Novel Approaches to the Prevention and Treatment of Rabies,2015,; Fu; CW; ; CT; ; D; ,https://doi.org/10.19070/2330-0027-150002,,2,,0,ambiguous,,
698,698-programevaluationgroupcollegeofeducationuniversityofgeorgia-2015,wwc-b,wwc,"Program Evaluation Group, College of Education, University of Georgia. (2015). EngageME P.L.E.A.S.E impact study results [Middle school]. Athens, GA: Author.",2,crossref,10.3934/mbe.2025039,Finite mixture models of superspreading in epidemics,2025,O'Regan; ; Drake; ,https://doi.org/10.3934/mbe.2025039,,1,,0,,,
698,698-programevaluationgroupcollegeofeducationuniversityofgeorgia-2015,wwc-b,wwc,"Program Evaluation Group, College of Education, University of Georgia. (2015). EngageME P.L.E.A.S.E impact study results [Middle school]. Athens, GA: Author.",3,crossref,10.26616/nioshheta812261048,"Health hazard evaluation report: HETA-81-226-1048, University of Georgia College of Veterinary Medicine Histopathology Laboratory, Athens, Georgia.",1982,,https://doi.org/10.26616/nioshheta812261048,,0,,0,,,
698,698-programevaluationgroupcollegeofeducationuniversityofgeorgia-2015,wwc-b,wwc,"Program Evaluation Group, College of Education, University of Georgia. (2015). EngageME P.L.E.A.S.E impact study results [Middle school]. Athens, GA: Author.",4,crossref,10.3934/allergy.2026002,Aging and immunity,2026,Rosenthal; ,https://doi.org/10.3934/allergy.2026002,,0,,0,,,
698,698-programevaluationgroupcollegeofeducationuniversityofgeorgia-2015,wwc-b,wwc,"Program Evaluation Group, College of Education, University of Georgia. (2015). EngageME P.L.E.A.S.E impact study results [Middle school]. Athens, GA: Author.",5,crossref,10.5962/bhl.title.80846,"Proceedings of the seventeenth Southern Forest Tree Improvement Conference, June 6-9, 1983, University of Georgia, Athens, Georgia",1983,; ; ,https://doi.org/10.5962/bhl.title.80846,,0,,0,,,
724,724-rappaport-2017,wwc-b,wwc,"Rappaport, S., Grossman, J., Garcia, I., Zhu, P., Avila, O., & Granito, K. (2017). Group Work is Not Cooperative Learning: An Evaluation of PowerTeaching in Middle Schools. A Report from the Investing in Innovation (i3) Evaluation. New York, NY: MDRC.",1,eric,ED575643,Group Work is Not Cooperative Learning: An Evaluation of PowerTeaching in Middle Schools. A Report from the Investing in Innovation (i3) Evaluation,2017,"Rappaport, Shelley; Grossman, Jean; Garcia, Ivonne; Zhu, Pei; Avila, Osvaldo; Granito, Kelly",https://eric.ed.gov/?id=ED575643,https://files.eric.ed.gov/fulltext/ED575643.pdf,11,,1,api-eric,,
724,724-rappaport-2017,wwc-b,wwc,"Rappaport, S., Grossman, J., Garcia, I., Zhu, P., Avila, O., & Granito, K. (2017). Group Work is Not Cooperative Learning: An Evaluation of PowerTeaching in Middle Schools. A Report from the Investing in Innovation (i3) Evaluation. New York, NY: MDRC.",2,eric,ED617212,Group Work Is Not Cooperative Learning: An In-Depth Look at the 2014-2015 Academic Year. A Working Paper from the Investing in Innovation (i3) Evaluation,2017,"Rappaport, Shelley; Grossman, Jean; Garcia, Ivonne; Zhu, Pei; Avila, Osvaldo; Granito, Kelly",https://eric.ed.gov/?id=ED617212,https://files.eric.ed.gov/fulltext/ED617212.pdf,9,,0,,,
724,724-rappaport-2017,wwc-b,wwc,"Rappaport, S., Grossman, J., Garcia, I., Zhu, P., Avila, O., & Granito, K. (2017). Group Work is Not Cooperative Learning: An Evaluation of PowerTeaching in Middle Schools. A Report from the Investing in Innovation (i3) Evaluation. New York, NY: MDRC.",3,eric,EJ1162559,Combatting Race-Related Stress in the Classroom,2018,"Sehgal, Priya; Jeffries, Julia; Rappaport, Nancy",https://eric.ed.gov/?id=EJ1162559,,5,,0,,,
724,724-rappaport-2017,wwc-b,wwc,"Rappaport, S., Grossman, J., Garcia, I., Zhu, P., Avila, O., & Granito, K. (2017). Group Work is Not Cooperative Learning: An Evaluation of PowerTeaching in Middle Schools. A Report from the Investing in Innovation (i3) Evaluation. New York, NY: MDRC.",4,eric,EJ1162570,The Opioid Epidemic: 7 Things Educators Need to Know,2018,"Welsh, Justine W.; Rappaport, Nancy; Tretyak, Valeria",https://eric.ed.gov/?id=EJ1162570,,5,,0,,,
724,724-rappaport-2017,wwc-b,wwc,"Rappaport, S., Grossman, J., Garcia, I., Zhu, P., Avila, O., & Granito, K. (2017). Group Work is Not Cooperative Learning: An Evaluation of PowerTeaching in Middle Schools. A Report from the Investing in Innovation (i3) Evaluation. New York, NY: MDRC.",5,crossref,10.2139/ssrn.2477948,The Success for All Model of School Reform: Interim Findings from the Investing in Innovation (i3) Scale-Up,2014,Quint; Balu; DeLaurentis; Rappaport; Smith; Zhu; Alterman; Pramik,https://doi.org/10.2139/ssrn.2477948,,4,,0,,,
724,724-rappaport-2017,wwc-b,wwc,"Rappaport, S., Grossman, J., Garcia, I., Zhu, P., Avila, O., & Granito, K. (2017). Group Work is Not Cooperative Learning: An Evaluation of PowerTeaching in Middle Schools. A Report from the Investing in Innovation (i3) Evaluation. New York, NY: MDRC.",6,crossref,10.26616/nioshhhe7881658,"Health hazard evaluation determination report no. HHE-78-81-658, Teltronic Systems, Inc., New York, NY.",1980,,https://doi.org/10.26616/nioshhhe7881658,,0,,0,,,
724,724-rappaport-2017,wwc-b,wwc,"Rappaport, S., Grossman, J., Garcia, I., Zhu, P., Avila, O., & Granito, K. (2017). Group Work is Not Cooperative Learning: An Evaluation of PowerTeaching in Middle Schools. A Report from the Investing in Innovation (i3) Evaluation. New York, NY: MDRC.",7,crossref,10.26616/nioshheta9303672321,"Health hazard evaluation report: HETA-93-0367-2321, Fairchild Fashion and Merchandising Group, New York, New York.",1993,,https://doi.org/10.26616/nioshheta9303672321,,0,,0,,,
724,724-rappaport-2017,wwc-b,wwc,"Rappaport, S., Grossman, J., Garcia, I., Zhu, P., Avila, O., & Granito, K. (2017). Group Work is Not Cooperative Learning: An Evaluation of PowerTeaching in Middle Schools. A Report from the Investing in Innovation (i3) Evaluation. New York, NY: MDRC.",8,crossref,10.2172/5759436,Evaluation of potential geothermal reservoirs in central and western New York state. Final report,1983,,https://doi.org/10.2172/5759436,,0,,0,,,
755,755-roschelle-2010,wwc-b,wwc,"Roschelle, J., Shechtman, N., Tatar, D., Hegedus, S., Hopkins, B., Empson, S., Knudsen, J., & Gallagher, L. (2010). Integration of technology, curriculum, and professional development for advancing middle school mathematics: Three large-scale studies. American Educational Research Journal, 47(4), 833–878.",1,crossref,10.3102/0002831210367426,"Integration of Technology, Curriculum, and Professional Development for Advancing Middle School Mathematics",2010,Roschelle; Shechtman; Tatar; Hegedus; Hopkins; Empson; Knudsen; Gallagher,https://doi.org/10.3102/0002831210367426,,13,eric:EJ906914 crossref:10.1007/978-94-007-5696-0_8,1,api-crossref,,
755,755-roschelle-2010,wwc-b,wwc,"Roschelle, J., Shechtman, N., Tatar, D., Hegedus, S., Hopkins, B., Empson, S., Knudsen, J., & Gallagher, L. (2010). Integration of technology, curriculum, and professional development for advancing middle school mathematics: Three large-scale studies. American Educational Research Journal, 47(4), 833–878.",2,crossref,10.1080/10508400801986090,Scaling Up Innovative Technology-Based Mathematics,2008,Tatar; Roschelle; Knudsen; Shechtman; Kaput; Hopkins,https://doi.org/10.1080/10508400801986090,,7,,0,,,
755,755-roschelle-2010,wwc-b,wwc,"Roschelle, J., Shechtman, N., Tatar, D., Hegedus, S., Hopkins, B., Empson, S., Knudsen, J., & Gallagher, L. (2010). Integration of technology, curriculum, and professional development for advancing middle school mathematics: Three large-scale studies. American Educational Research Journal, 47(4), 833–878.",3,crossref,10.1080/07370008.2010.487961,"Investigating Links from Teacher Knowledge, to Classroom Practice, to Student Learning in the Instructional System of the Middle-School Mathematics Classroom",2010,Shechtman; Roschelle; Haertel; Knudsen,https://doi.org/10.1080/07370008.2010.487961,,7,eric:EJ891555,0,,,
755,755-roschelle-2010,wwc-b,wwc,"Roschelle, J., Shechtman, N., Tatar, D., Hegedus, S., Hopkins, B., Empson, S., Knudsen, J., & Gallagher, L. (2010). Integration of technology, curriculum, and professional development for advancing middle school mathematics: Three large-scale studies. American Educational Research Journal, 47(4), 833–878.",4,eric,ED513108,Two Perspectives on the Generalizability of Lessons from Scaling Up SimCalc,2010,"Roschelle, Jeremy; Tatar, Deborah; Hedges, Larry; Shechtman, Nicole",https://eric.ed.gov/?id=ED513108,https://files.eric.ed.gov/fulltext/ED513108.pdf,7,,0,,,
755,755-roschelle-2010,wwc-b,wwc,"Roschelle, J., Shechtman, N., Tatar, D., Hegedus, S., Hopkins, B., Empson, S., Knudsen, J., & Gallagher, L. (2010). Integration of technology, curriculum, and professional development for advancing middle school mathematics: Three large-scale studies. American Educational Research Journal, 47(4), 833–878.",5,eric,EJ962717,What Happens when the Research Ends? Factors Related to the Sustainability of a Technology-Infused Mathematics Curriculum,2011,"Fishman, Barry; Penuel, William R.; Hegedus, Stephen; Roschelle, Jeremy",https://eric.ed.gov/?id=EJ962717,,7,,0,,,
755,755-roschelle-2010,wwc-b,wwc,"Roschelle, J., Shechtman, N., Tatar, D., Hegedus, S., Hopkins, B., Empson, S., Knudsen, J., & Gallagher, L. (2010). Integration of technology, curriculum, and professional development for advancing middle school mathematics: Three large-scale studies. American Educational Research Journal, 47(4), 833–878.",6,eric,EJ935360,"Classroom Network Technology as a Support for Systemic Mathematics Reform: The Effects of TI MathForward on Student Achievement in a Large, Diverse District",2011,"Penuel, William; Singleton, Corinne; Roschelle, Jeremy",https://eric.ed.gov/?id=EJ935360,,6,,0,,,
755,755-roschelle-2010,wwc-b,wwc,"Roschelle, J., Shechtman, N., Tatar, D., Hegedus, S., Hopkins, B., Empson, S., Knudsen, J., & Gallagher, L. (2010). Integration of technology, curriculum, and professional development for advancing middle school mathematics: Three large-scale studies. American Educational Research Journal, 47(4), 833–878.",7,eric,EJ886723,Scaffolding Group Explanation and Feedback with Handheld Technology: Impact on Students' Mathematics Learning,2010,"Roschelle, Jeremy; Rafanan, Ken; Bhanot, Ruchi; Estrella, Gucci; Penuel, Bill; Nussbaum, Miguel; Claro, Susana",https://eric.ed.gov/?id=EJ886723,,6,,0,,,
755,755-roschelle-2010,wwc-b,wwc,"Roschelle, J., Shechtman, N., Tatar, D., Hegedus, S., Hopkins, B., Empson, S., Knudsen, J., & Gallagher, L. (2010). Integration of technology, curriculum, and professional development for advancing middle school mathematics: Three large-scale studies. American Educational Research Journal, 47(4), 833–878.",8,crossref,10.1007/s10649-008-9119-3,The role of scaling up research in designing for and evaluating robustness,2008,Roschelle; Tatar; Shechtman; Knudsen,https://doi.org/10.1007/s10649-008-9119-3,,5,,0,,,
778,778-sato-2010,wwc-b,wwc,"Sato, E., Rabinowitz, S., Gallagher, C., & Huang, C.-W. (2010). Accommodations for English language learner students: The effect of linguistic modification of math test item sets (NCEE 2009-4079). Washington, DC: National Center for Education Evaluation and Regional Assistance, Institute of Education Sciences, U.S. Department of Education.",1,eric,ED523127,"Message in the ""Body"": Effects of Simulation in Sentence Production",2010,"Sato, Manami",https://eric.ed.gov/?id=ED523127,,5,,0,ambiguous,,
778,778-sato-2010,wwc-b,wwc,"Sato, E., Rabinowitz, S., Gallagher, C., & Huang, C.-W. (2010). Accommodations for English language learner students: The effect of linguistic modification of math test item sets (NCEE 2009-4079). Washington, DC: National Center for Education Evaluation and Regional Assistance, Institute of Education Sciences, U.S. Department of Education.",2,eric,EJ823116,Both Motor Prediction and Conceptual Congruency between Preview and Action-Effect Contribute to Explicit Judgment of Agency,2009,"Sato, Atsushi",https://eric.ed.gov/?id=EJ823116,,5,,0,,,
778,778-sato-2010,wwc-b,wwc,"Sato, E., Rabinowitz, S., Gallagher, C., & Huang, C.-W. (2010). Accommodations for English language learner students: The effect of linguistic modification of math test item sets (NCEE 2009-4079). Washington, DC: National Center for Education Evaluation and Regional Assistance, Institute of Education Sciences, U.S. Department of Education.",3,eric,EJ944138,Constitution of Form-Orientation: Contributions of Context and Explicit Knowledge to Learning from Recasts,2011,"Sato, Masatoshi",https://eric.ed.gov/?id=EJ944138,https://files.eric.ed.gov/fulltext/EJ944138.pdf,5,,0,,,
778,778-sato-2010,wwc-b,wwc,"Sato, E., Rabinowitz, S., Gallagher, C., & Huang, C.-W. (2010). Accommodations for English language learner students: The effect of linguistic modification of math test item sets (NCEE 2009-4079). Washington, DC: National Center for Education Evaluation and Regional Assistance, Institute of Education Sciences, U.S. Department of Education.",4,eric,ED528480,When Worlds Collide: Evaluating the Impact of Short-Term Study Abroad Programs,2009,"Sato, Deirdre Colby",https://eric.ed.gov/?id=ED528480,,5,,0,,,
778,778-sato-2010,wwc-b,wwc,"Sato, E., Rabinowitz, S., Gallagher, C., & Huang, C.-W. (2010). Accommodations for English language learner students: The effect of linguistic modification of math test item sets (NCEE 2009-4079). Washington, DC: National Center for Education Evaluation and Regional Assistance, Institute of Education Sciences, U.S. Department of Education.",5,eric,EJ873692,"""In Situ"" Observation of a Soap-Film Catenoid--A Simple Educational Physics Experiment",2010,"Ito, Masato; Sato, Taku",https://eric.ed.gov/?id=EJ873692,,5,,0,,,
778,778-sato-2010,wwc-b,wwc,"Sato, E., Rabinowitz, S., Gallagher, C., & Huang, C.-W. (2010). Accommodations for English language learner students: The effect of linguistic modification of math test item sets (NCEE 2009-4079). Washington, DC: National Center for Education Evaluation and Regional Assistance, Institute of Education Sciences, U.S. Department of Education.",6,eric,EJ855585,"""Ignorance"" as a Rhetorical Strategy: How Japanese Language Learners Living in Japan Maneuver Their Subject Positions to Shift Power Dynamics",2009,"Kumagai, Yuri; Sato, Shinji",https://eric.ed.gov/?id=EJ855585,,5,,0,,,
778,778-sato-2010,wwc-b,wwc,"Sato, E., Rabinowitz, S., Gallagher, C., & Huang, C.-W. (2010). Accommodations for English language learner students: The effect of linguistic modification of math test item sets (NCEE 2009-4079). Washington, DC: National Center for Education Evaluation and Regional Assistance, Institute of Education Sciences, U.S. Department of Education.",7,eric,EJ826260,Poverty and Payne: Supporting Teachers to Work with Children of Poverty,2009,"Sato, Mistilina; Lensmire, Timothy J.",https://eric.ed.gov/?id=EJ826260,,5,,0,,,
778,778-sato-2010,wwc-b,wwc,"Sato, E., Rabinowitz, S., Gallagher, C., & Huang, C.-W. (2010). Accommodations for English language learner students: The effect of linguistic modification of math test item sets (NCEE 2009-4079). Washington, DC: National Center for Education Evaluation and Regional Assistance, Institute of Education Sciences, U.S. Department of Education.",8,eric,EJ919625,Modes of Governmentality in an Online Space: A Case Study of Blog Activities in an Advanced Level Japanese-as-a-Foreign-Language Classroom,2011,"Doerr, Neriko M.; Sato, Shinji",https://eric.ed.gov/?id=EJ919625,,5,,0,,,
788,788-rethwisch-2012,wwc-b,wwc,"Schenck, A., Jurich, S., Frye, M., Lammert, J., & Sayko, S. (2012). Evaluation report/impact study: Virginia Striving Readers Intervention Initiative (VSRII). RMC Research Corporation. https://eric.ed.gov/?id=ED600907",1,citation,ED600907,"Schenck, A., Jurich, S., Frye, M., Lammert, J., & Sayko, S. (2012). Evaluation report/impact study: Virginia Striving Readers Intervention Initiative (VSRII). RMC Research Corporation. https://eric.ed",2012,rethwisch,https://eric.ed.gov/?id=ED600907,https://files.eric.ed.gov/fulltext/ED600907.pdf,9,,1,eric-in-citation,,
789,789-schenke-2014,wwc-b,wwc,"Schenke, K., Rutherford, T., & Farkas, G. (2014). Alignment of game design features and state mathematics standards: Do results reflect intentions?. Computers & Education, 76, 215–224.",1,crossref,10.1016/j.compedu.2014.03.019,Alignment of game design features and state mathematics standards: Do results reflect intentions?,2014,Schenke; Rutherford; Farkas,https://doi.org/10.1016/j.compedu.2014.03.019,,10,,1,api-crossref,,
789,789-schenke-2014,wwc-b,wwc,"Schenke, K., Rutherford, T., & Farkas, G. (2014). Alignment of game design features and state mathematics standards: Do results reflect intentions?. Computers & Education, 76, 215–224.",2,eric,EJ1053195,"Digital Badges: Recognizing, Assessing, and Motivating Learners in and out of School Contexts",2015,"Ian O'Byrne, W.; Schenke, Katerina; Willis, James E., III.; Hickey, Daniel T.",https://eric.ed.gov/?id=EJ1053195,,5,,0,,,
789,789-schenke-2014,wwc-b,wwc,"Schenke, K., Rutherford, T., & Farkas, G. (2014). Alignment of game design features and state mathematics standards: Do results reflect intentions?. Computers & Education, 76, 215–224.",3,eric,EJ1082713,Student Perceptions of Classroom Achievement Goal Structure: Is It Appropriate to Aggregate?,2015,"Lam, Arena C.; Ruzek, Erik A.; Schenke, Katerina; Conley, AnneMarie M.; Karabenick, Stuart A.",https://eric.ed.gov/?id=EJ1082713,,5,,0,,,
789,789-schenke-2014,wwc-b,wwc,"Schenke, K., Rutherford, T., & Farkas, G. (2014). Alignment of game design features and state mathematics standards: Do results reflect intentions?. Computers & Education, 76, 215–224.",4,crossref,10.1201/b16478-13,◾ Conclusions,2014,,https://doi.org/10.1201/b16478-13,,2,,0,,,
789,789-schenke-2014,wwc-b,wwc,"Schenke, K., Rutherford, T., & Farkas, G. (2014). Alignment of game design features and state mathematics standards: Do results reflect intentions?. Computers & Education, 76, 215–224.",5,crossref,10.1016/0167-8051(84)90002-0,Experimental results do not support some ergonomic standards for computer video terminal design,1984,Abernethy; Akagi,https://doi.org/10.1016/0167-8051(84)90002-0,,0,,0,,,
789,789-schenke-2014,wwc-b,wwc,"Schenke, K., Rutherford, T., & Farkas, G. (2014). Alignment of game design features and state mathematics standards: Do results reflect intentions?. Computers & Education, 76, 215–224.",6,crossref,10.4324/9781003239413-13,Alignment of the Common Core State Standards With the Gifted Education Programming Standards,2021,Johnsen; Sheffield,https://doi.org/10.4324/9781003239413-13,,0,,0,,,
789,789-schenke-2014,wwc-b,wwc,"Schenke, K., Rutherford, T., & Farkas, G. (2014). Alignment of game design features and state mathematics standards: Do results reflect intentions?. Computers & Education, 76, 215–224.",7,crossref,10.18296/am.0058,Could the design of assessment standards be adapted to better reflect curriculum intentions?,2022,Hipkins; Darr,https://doi.org/10.18296/am.0058,,0,,0,,,
794,794-schoen-2018,wwc-b,wwc,"Schoen, R. C., LaVenia, M., & Tazaz, A. M. (2018). Effects of the first year of a three-year CGI teacher professional development program on grades 3–5 student achievement: A multisite cluster-randomized trial.  (Research Report No. 2018-25). Tallahassee, FL: Learning Systems Institute, Florida State University.",1,crossref,10.33009/fsu.1562595733,Effects of the first year of a three-year CGI teacher professional-development program on grades 3–5 student achievement: A multisite cluster-randomized trial,2018,Schoen; LaVenia; Tazaz,https://doi.org/10.33009/fsu.1562595733,https://files.eric.ed.gov/fulltext/ED599649.pdf,9,eric:ED599649,0,ambiguous,,
794,794-schoen-2018,wwc-b,wwc,"Schoen, R. C., LaVenia, M., & Tazaz, A. M. (2018). Effects of the first year of a three-year CGI teacher professional development program on grades 3–5 student achievement: A multisite cluster-randomized trial.  (Research Report No. 2018-25). Tallahassee, FL: Learning Systems Institute, Florida State University.",2,eric,ED613873,Effects of a Cognitively Guided Instruction Program on Grades 3-5 Students: A Multisite Cluster-Randomized Trial,2019,"Schoen, Robert; LaVenia, Mark; Tazaz, Amanda",https://eric.ed.gov/?id=ED613873,,9,crossref:10.3102/1440592,0,,,
794,794-schoen-2018,wwc-b,wwc,"Schoen, R. C., LaVenia, M., & Tazaz, A. M. (2018). Effects of the first year of a three-year CGI teacher professional development program on grades 3–5 student achievement: A multisite cluster-randomized trial.  (Research Report No. 2018-25). Tallahassee, FL: Learning Systems Institute, Florida State University.",3,crossref,10.1086/732783,Effects of a Mathematics Teacher Professional Development Program on Grades 3–5 Student Achievement,2024,Schoen; LaVenia; Tazaz; Gersten; Smolkowski,https://doi.org/10.1086/732783,,8,,0,,,
794,794-schoen-2018,wwc-b,wwc,"Schoen, R. C., LaVenia, M., & Tazaz, A. M. (2018). Effects of the first year of a three-year CGI teacher professional development program on grades 3–5 student achievement: A multisite cluster-randomized trial.  (Research Report No. 2018-25). Tallahassee, FL: Learning Systems Institute, Florida State University.",4,eric,EJ1243140,Teacher Beliefs about Mathematics Teaching and Learning: Identifying and Clarifying Three Constructs,2019,"Schoen, Robert C.; LaVenia, Mark",https://eric.ed.gov/?id=EJ1243140,https://files.eric.ed.gov/fulltext/ED599648.pdf,7,eric:ED599648,0,,,
794,794-schoen-2018,wwc-b,wwc,"Schoen, R. C., LaVenia, M., & Tazaz, A. M. (2018). Effects of the first year of a three-year CGI teacher professional development program on grades 3–5 student achievement: A multisite cluster-randomized trial.  (Research Report No. 2018-25). Tallahassee, FL: Learning Systems Institute, Florida State University.",5,crossref,10.33009/fsu.1601237075,Replicating the CGI Experiment in Diverse Environments: Effects on Grade 1 and 2 Student Mathematics Achievement in the First Program Year,2020,Schoen; LaVenia; Tazaz; Farina; Dixon; Secada,https://doi.org/10.33009/fsu.1601237075,,6,,0,,,
794,794-schoen-2018,wwc-b,wwc,"Schoen, R. C., LaVenia, M., & Tazaz, A. M. (2018). Effects of the first year of a three-year CGI teacher professional development program on grades 3–5 student achievement: A multisite cluster-randomized trial.  (Research Report No. 2018-25). Tallahassee, FL: Learning Systems Institute, Florida State University.",6,eric,ED599643,"Measuring Teacher Ability to Predict Student Success in Solving Specific Mathematics Problems: Procedures and Initial Findings of Accuracy, Overprediction, and Underprediction. Research Report No. 2017-03",2017,"Schoen, Robert C.; Iuhasz-Velez, Naomi",https://eric.ed.gov/?id=ED599643,https://files.eric.ed.gov/fulltext/ED599643.pdf,6,,0,,,
794,794-schoen-2018,wwc-b,wwc,"Schoen, R. C., LaVenia, M., & Tazaz, A. M. (2018). Effects of the first year of a three-year CGI teacher professional development program on grades 3–5 student achievement: A multisite cluster-randomized trial.  (Research Report No. 2018-25). Tallahassee, FL: Learning Systems Institute, Florida State University.",7,eric,ED599647,"Elementary Mathematics Student Assessment: Measuring the Performance of Grade K, 1, and 2 Students in Number, Operations, and Equality in Spring 2016. Research Report No. 2017-22",2017,"Schoen, Robert C.; Anderson, Daniel; Bauduin, Charity",https://eric.ed.gov/?id=ED599647,https://files.eric.ed.gov/fulltext/ED599647.pdf,6,,0,,,
794,794-schoen-2018,wwc-b,wwc,"Schoen, R. C., LaVenia, M., & Tazaz, A. M. (2018). Effects of the first year of a three-year CGI teacher professional development program on grades 3–5 student achievement: A multisite cluster-randomized trial.  (Research Report No. 2018-25). Tallahassee, FL: Learning Systems Institute, Florida State University.",8,eric,ED602417,Psychometric Report on the Knowledge for Teaching Elementary Fractions Test Administered to Elementary Educators in Six States in Spring 2017. Research Report No. 2018-13,2018,"Schoen, Robert C.; Yang, Xiaotong; Paek, Insu",https://eric.ed.gov/?id=ED602417,https://files.eric.ed.gov/fulltext/ED602417.pdf,6,,0,,,
861,861-steele-2017,wwc-b,wwc,"Steele, J. L., Slater, R. O., Zamarro, G., Miller, T., Li, J., Burkhauser, S. & Bacon, M. (2017). Effects of dual-language immersion programs on student achievement: Evidence from lottery data. American Educational Research Journal, 50(1), 282S-306S.",1,crossref,10.3102/0002831216634463,Effects of Dual-Language Immersion Programs on Student Achievement,2017,Steele; Slater; Zamarro; Miller; Li; Burkhauser; Bacon,https://doi.org/10.3102/0002831216634463,,13,,1,api-crossref,,
861,861-steele-2017,wwc-b,wwc,"Steele, J. L., Slater, R. O., Zamarro, G., Miller, T., Li, J., Burkhauser, S. & Bacon, M. (2017). Effects of dual-language immersion programs on student achievement: Evidence from lottery data. American Educational Research Journal, 50(1), 282S-306S.",2,crossref,10.1111/flan.12218,Partner‐Language Learning Trajectories in Dual‐Language Immersion: Evidence From an Urban District,2016,Burkhauser; Steele; Li; Slater; Bacon; Miller,https://doi.org/10.1111/flan.12218,,10,,0,,,
861,861-steele-2017,wwc-b,wwc,"Steele, J. L., Slater, R. O., Zamarro, G., Miller, T., Li, J., Burkhauser, S. & Bacon, M. (2017). Effects of dual-language immersion programs on student achievement: Evidence from lottery data. American Educational Research Journal, 50(1), 282S-306S.",3,crossref,10.3102/0162373718779457,"Dual-Language Immersion Education at Scale: An Analysis of Program Costs, Mechanisms, and Moderators",2018,Steele; Slater; Li; Zamarro; Miller; Bacon,https://doi.org/10.3102/0162373718779457,,10,,0,,,
861,861-steele-2017,wwc-b,wwc,"Steele, J. L., Slater, R. O., Zamarro, G., Miller, T., Li, J., Burkhauser, S. & Bacon, M. (2017). Effects of dual-language immersion programs on student achievement: Evidence from lottery data. American Educational Research Journal, 50(1), 282S-306S.",4,crossref,10.2139/ssrn.2693337,Effects of Dual-Language Immersion on Students’ Academic Performance,2015,Steele; Slater; Zamarro; Miller; Li; Burkhauser; Bacon,https://doi.org/10.2139/ssrn.2693337,,9,,0,,,
861,861-steele-2017,wwc-b,wwc,"Steele, J. L., Slater, R. O., Zamarro, G., Miller, T., Li, J., Burkhauser, S. & Bacon, M. (2017). Effects of dual-language immersion programs on student achievement: Evidence from lottery data. American Educational Research Journal, 50(1), 282S-306S.",5,crossref,10.7249/rb9921,Implementing Two-Way Dual-Language Immersion Programs: Classroom Insights from an Urban District,2016,Li; Steele; Slater; Bacon; Miller,https://doi.org/10.7249/rb9921,,9,,0,,,
861,861-steele-2017,wwc-b,wwc,"Steele, J. L., Slater, R. O., Zamarro, G., Miller, T., Li, J., Burkhauser, S. & Bacon, M. (2017). Effects of dual-language immersion programs on student achievement: Evidence from lottery data. American Educational Research Journal, 50(1), 282S-306S.",6,eric,EJ1168355,Higher Education and Urban Migration for Community Resilience: Indigenous Amazonian Youth Promoting Place-Based Livelihoods and Identities in Peru,2018,"Steele, Diana",https://eric.ed.gov/?id=EJ1168355,,5,,0,,,
861,861-steele-2017,wwc-b,wwc,"Steele, J. L., Slater, R. O., Zamarro, G., Miller, T., Li, J., Burkhauser, S. & Bacon, M. (2017). Effects of dual-language immersion programs on student achievement: Evidence from lottery data. American Educational Research Journal, 50(1), 282S-306S.",7,eric,EJ1227926,Regional Approach to Musculoskeletal System Instruction May Enhance Student Performance,2018,"Steele, Janet",https://eric.ed.gov/?id=EJ1227926,https://files.eric.ed.gov/fulltext/EJ1227926.pdf,5,,0,,,
861,861-steele-2017,wwc-b,wwc,"Steele, J. L., Slater, R. O., Zamarro, G., Miller, T., Li, J., Burkhauser, S. & Bacon, M. (2017). Effects of dual-language immersion programs on student achievement: Evidence from lottery data. American Educational Research Journal, 50(1), 282S-306S.",8,eric,EJ1101494,Troubling STEM: Making a Case for an Ethics/STEM Partnership,2016,"Steele, Astrid",https://eric.ed.gov/?id=EJ1101494,,5,,0,,,
864,864-stevens-1991,wwc-b,wwc,"Stevens, R. J., Slavin, R. E., & Farnish, A. M. (1991). The effects of cooperative learning and direct instruction in reading comprehension strategies on main idea identification. Journal of Educational Psychology, 83(1), 8–16.",1,crossref,10.1037/0022-0663.83.1.8,The effects of cooperative learning and direct instruction in reading comprehension strategies on main idea identification.,1991,Stevens; Slavin; Farnish,https://doi.org/10.1037/0022-0663.83.1.8,,10,,1,api-crossref,,
864,864-stevens-1991,wwc-b,wwc,"Stevens, R. J., Slavin, R. E., & Farnish, A. M. (1991). The effects of cooperative learning and direct instruction in reading comprehension strategies on main idea identification. Journal of Educational Psychology, 83(1), 8–16.",2,crossref,10.2307/747701,Cooperative Integrated Reading and Composition: Two Field Experiments,1987,Stevens; Madden; Slavin; Farnish,https://doi.org/10.2307/747701,,6,,0,,,
864,864-stevens-1991,wwc-b,wwc,"Stevens, R. J., Slavin, R. E., & Farnish, A. M. (1991). The effects of cooperative learning and direct instruction in reading comprehension strategies on main idea identification. Journal of Educational Psychology, 83(1), 8–16.",3,eric,ED379963,AIDS Education for English Language Learners: A Guidebook for Teachers. Draft.,1991,"Stevens, Sarah",https://eric.ed.gov/?id=ED379963,https://files.eric.ed.gov/fulltext/ED379963.pdf,6,,0,,,
864,864-stevens-1991,wwc-b,wwc,"Stevens, R. J., Slavin, R. E., & Farnish, A. M. (1991). The effects of cooperative learning and direct instruction in reading comprehension strategies on main idea identification. Journal of Educational Psychology, 83(1), 8–16.",4,eric,ED341817,Stop Postponing the Rest of Your Life. [Fourth Edition.],1991,"Stevens, Paul",https://eric.ed.gov/?id=ED341817,,5,,0,,,
864,864-stevens-1991,wwc-b,wwc,"Stevens, R. J., Slavin, R. E., & Farnish, A. M. (1991). The effects of cooperative learning and direct instruction in reading comprehension strategies on main idea identification. Journal of Educational Psychology, 83(1), 8–16.",5,eric,ED341818,Planning for Me! Setting Personal Goals. [Second Edition.],1991,"Stevens, Paul",https://eric.ed.gov/?id=ED341818,,5,,0,,,
864,864-stevens-1991,wwc-b,wwc,"Stevens, R. J., Slavin, R. E., & Farnish, A. M. (1991). The effects of cooperative learning and direct instruction in reading comprehension strategies on main idea identification. Journal of Educational Psychology, 83(1), 8–16.",6,eric,ED341819,Strategies for Dual-Career Couples. [Second Edition.],1990,"Stevens, Paul",https://eric.ed.gov/?id=ED341819,,5,,0,,,
864,864-stevens-1991,wwc-b,wwc,"Stevens, R. J., Slavin, R. E., & Farnish, A. M. (1991). The effects of cooperative learning and direct instruction in reading comprehension strategies on main idea identification. Journal of Educational Psychology, 83(1), 8–16.",7,eric,ED341820,Handling Office Politics. [Second Edition.],1990,"Stevens, Paul",https://eric.ed.gov/?id=ED341820,,5,,0,,,
864,864-stevens-1991,wwc-b,wwc,"Stevens, R. J., Slavin, R. E., & Farnish, A. M. (1991). The effects of cooperative learning and direct instruction in reading comprehension strategies on main idea identification. Journal of Educational Psychology, 83(1), 8–16.",8,eric,ED341821,How To Network and Select a Mentor. [Second Edition.],1991,"Stevens, Paul",https://eric.ed.gov/?id=ED341821,,5,,0,,,
874,874-suppes-2013,wwc-b,wwc,"Suppes, P., Holland, P. W., Hu, Y., Vu, M. (2013). Effectiveness of an Individualized Computer-Driven Online Math K-5 Course in Eight California Title I Elementary Schools. Educational Assessment, 18, 162-181.",1,crossref,10.1080/10627197.2013.814516,Effectiveness of an Individualized Computer-Driven Online Math K-5 Course in Eight California Title I Elementary Schools,2013,Suppes; Holland; Hu; Vu,https://doi.org/10.1080/10627197.2013.814516,,11,eric:EJ1023953,1,api-crossref,,
874,874-suppes-2013,wwc-b,wwc,"Suppes, P., Holland, P. W., Hu, Y., Vu, M. (2013). Effectiveness of an Individualized Computer-Driven Online Math K-5 Course in Eight California Title I Elementary Schools. Educational Assessment, 18, 162-181.",2,crossref,10.1080/10627197.2013.846679,Students' Perception of School Violence and Math Achievement in Middle Schools of Southern Italy,2013,Caputo,https://doi.org/10.1080/10627197.2013.846679,,3,,0,,,
874,874-suppes-2013,wwc-b,wwc,"Suppes, P., Holland, P. W., Hu, Y., Vu, M. (2013). Effectiveness of an Individualized Computer-Driven Online Math K-5 Course in Eight California Title I Elementary Schools. Educational Assessment, 18, 162-181.",3,crossref,10.1007/bf00411092,Computer-assisted instruction in elementary logic at the university level,1976,Goldberg; Suppes,https://doi.org/10.1007/bf00411092,,3,,0,,,
874,874-suppes-2013,wwc-b,wwc,"Suppes, P., Holland, P. W., Hu, Y., Vu, M. (2013). Effectiveness of an Individualized Computer-Driven Online Math K-5 Course in Eight California Title I Elementary Schools. Educational Assessment, 18, 162-181.",4,crossref,10.3102/01623737018004285,Upgrading the High School Math Curriculum: Math Course-Taking Patterns in Seven High Schools in California and New York,1996,White; Gamoran; Smithson; Porter,https://doi.org/10.3102/01623737018004285,,1,,0,,,
874,874-suppes-2013,wwc-b,wwc,"Suppes, P., Holland, P. W., Hu, Y., Vu, M. (2013). Effectiveness of an Individualized Computer-Driven Online Math K-5 Course in Eight California Title I Elementary Schools. Educational Assessment, 18, 162-181.",5,crossref,10.1080/19345747.2023.2191604,Which Students Benefit from Computer-Based Individualized Instruction? Experimental Evidence from Public Schools in India,2023,de Barros; Ganimian,https://doi.org/10.1080/19345747.2023.2191604,,0,,0,,,
879,879-swanlund-2012,wwc-b,wwc,"Swanlund, A., Dahlke, K., Tucker, N., Kleidon, B., Kregor, J., Davidson-Gibbs, D., & Halberg, K. (2012). Striving Readers: Impact study and project evaluation report—Wisconsin Department of Public Instruction (with Milwaukee Public Schools). American Institutes for Research. https://eric.ed.gov/?id=ED595200",1,citation,ED595200,"Swanlund, A., Dahlke, K., Tucker, N., Kleidon, B., Kregor, J., Davidson-Gibbs, D., & Halberg, K. (2012). Striving Readers: Impact study and project evaluation report—Wisconsin Department of Public Ins",2012,swanlund,https://eric.ed.gov/?id=ED595200,https://files.eric.ed.gov/fulltext/ED595200.pdf,9,,1,eric-in-citation,,
926,926-tuttle-2015,wwc-b,wwc,"Tuttle, C. C., Gleason, P., Knechtel, V., Nichols-Barrer, I., Booker, K., Chojnacki, G., ... Goble, L. (2015). Understanding the effect of KIPP as it scales: Volume I, Impacts on achievement and other outcomes. Final report of KIPP’s Investing in Innovation grant evaluation [Middle School; RCT]. Washington, DC: Mathematica Policy Research.",1,eric,ED567594,Do Charter School Networks Deflate as They Expand? Trends in the Impacts of KIPP Schools during a Period of Rapid Growth in the KIPP Network,2016,"Nichols-Barrer, Ira; Gleason, Phil; Tuttle, Christina; Coen, Thomas; Knechtel, Virginia",https://eric.ed.gov/?id=ED567594,https://files.eric.ed.gov/fulltext/ED567594.pdf,8,,0,low-margin,,
926,926-tuttle-2015,wwc-b,wwc,"Tuttle, C. C., Gleason, P., Knechtel, V., Nichols-Barrer, I., Booker, K., Chojnacki, G., ... Goble, L. (2015). Understanding the effect of KIPP as it scales: Volume I, Impacts on achievement and other outcomes. Final report of KIPP’s Investing in Innovation grant evaluation [Middle School; RCT]. Washington, DC: Mathematica Policy Research.",2,crossref,10.1162/edfp_a_00119,Do KIPP Schools Boost Student Achievement?,2014,Gleason; Tuttle; Gill; Nichols-Barrer; Teh,https://doi.org/10.1162/edfp_a_00119,,7,,0,,,
926,926-tuttle-2015,wwc-b,wwc,"Tuttle, C. C., Gleason, P., Knechtel, V., Nichols-Barrer, I., Booker, K., Chojnacki, G., ... Goble, L. (2015). Understanding the effect of KIPP as it scales: Volume I, Impacts on achievement and other outcomes. Final report of KIPP’s Investing in Innovation grant evaluation [Middle School; RCT]. Washington, DC: Mathematica Policy Research.",3,crossref,10.3102/0162373714564215,"Student Selection, Attrition, and Replacement in KIPP Middle Schools",2016,Nichols-Barrer; Gleason; Gill; Tuttle,https://doi.org/10.3102/0162373714564215,,7,eric:EJ1089924,0,,,
926,926-tuttle-2015,wwc-b,wwc,"Tuttle, C. C., Gleason, P., Knechtel, V., Nichols-Barrer, I., Booker, K., Chojnacki, G., ... Goble, L. (2015). Understanding the effect of KIPP as it scales: Volume I, Impacts on achievement and other outcomes. Final report of KIPP’s Investing in Innovation grant evaluation [Middle School; RCT]. Washington, DC: Mathematica Policy Research.",4,eric,EJ1039347,Does Student Attrition Explain KIPP's Success?,2014,"Nichols-Barrer, Ira; Gill, Brian P.; Gleason, Philip; Tuttle, Christina Clark",https://eric.ed.gov/?id=EJ1039347,,7,,0,,,
926,926-tuttle-2015,wwc-b,wwc,"Tuttle, C. C., Gleason, P., Knechtel, V., Nichols-Barrer, I., Booker, K., Chojnacki, G., ... Goble, L. (2015). Understanding the effect of KIPP as it scales: Volume I, Impacts on achievement and other outcomes. Final report of KIPP’s Investing in Innovation grant evaluation [Middle School; RCT]. Washington, DC: Mathematica Policy Research.",5,eric,EJ1084494,Do Charter Schools Improve Student Achievement?,2015,Melissa A. Clark; Philip M. Gleason; Christina Clark Tuttle; Marsha K. Silverberg,https://eric.ed.gov/?id=EJ1084494,https://files.eric.ed.gov/fulltext/EJ1084494.pdf,6,,0,,,
926,926-tuttle-2015,wwc-b,wwc,"Tuttle, C. C., Gleason, P., Knechtel, V., Nichols-Barrer, I., Booker, K., Chojnacki, G., ... Goble, L. (2015). Understanding the effect of KIPP as it scales: Volume I, Impacts on achievement and other outcomes. Final report of KIPP’s Investing in Innovation grant evaluation [Middle School; RCT]. Washington, DC: Mathematica Policy Research.",6,eric,EJ1105354,The Intersection of Dominican Values and Women's and Gender Studies Pedagogy,2016,"Tuttle, Tara M.",https://eric.ed.gov/?id=EJ1105354,,5,,0,,,
926,926-tuttle-2015,wwc-b,wwc,"Tuttle, C. C., Gleason, P., Knechtel, V., Nichols-Barrer, I., Booker, K., Chojnacki, G., ... Goble, L. (2015). Understanding the effect of KIPP as it scales: Volume I, Impacts on achievement and other outcomes. Final report of KIPP’s Investing in Innovation grant evaluation [Middle School; RCT]. Washington, DC: Mathematica Policy Research.",7,eric,EJ1115172,Engineering Motion,2016,"Tuttle, Nicole; Stanley, Wendy; Bieniek, Tracy",https://eric.ed.gov/?id=EJ1115172,,5,,0,,,
926,926-tuttle-2015,wwc-b,wwc,"Tuttle, C. C., Gleason, P., Knechtel, V., Nichols-Barrer, I., Booker, K., Chojnacki, G., ... Goble, L. (2015). Understanding the effect of KIPP as it scales: Volume I, Impacts on achievement and other outcomes. Final report of KIPP’s Investing in Innovation grant evaluation [Middle School; RCT]. Washington, DC: Mathematica Policy Research.",8,eric,EJ1080084,Teacher Evaluation in the Arts Disciplines: Three State Perspectives,2015,"Gates, Karol; Hansen, Deb; Tuttle, Lynn",https://eric.ed.gov/?id=EJ1080084,,5,,0,,,
938,938-vadasy-2015,wwc-b,wwc,"Vadasy, P. F., Sanders, E. A., & Logan Herrera, B. (2015). Efficacy of rich vocabulary instruction in fourth- and fifth-grade classrooms. Journal of Research on Educational Effectiveness, 8(3), 325-365.",1,crossref,10.1080/19345747.2014.933495,Efficacy of Rich Vocabulary Instruction in Fourth- and Fifth-Grade Classrooms,2014,Vadasy; Sanders; Logan Herrera,https://doi.org/10.1080/19345747.2014.933495,,9,eric:EJ1068559,1,api-crossref,,
938,938-vadasy-2015,wwc-b,wwc,"Vadasy, P. F., Sanders, E. A., & Logan Herrera, B. (2015). Efficacy of rich vocabulary instruction in fourth- and fifth-grade classrooms. Journal of Research on Educational Effectiveness, 8(3), 325-365.",2,crossref,10.1080/19345747.2015.1033120,Effectiveness of Supplemental Kindergarten Vocabulary Instruction for English Learners: A Randomized Study of Immediate and Longer-Term Effects of Two Approaches,2015,Vadasy; Sanders; Nelson,https://doi.org/10.1080/19345747.2015.1033120,https://files.eric.ed.gov/fulltext/ED557796.pdf,7,eric:EJ1078810 eric:ED557796,0,,,
938,938-vadasy-2015,wwc-b,wwc,"Vadasy, P. F., Sanders, E. A., & Logan Herrera, B. (2015). Efficacy of rich vocabulary instruction in fourth- and fifth-grade classrooms. Journal of Research on Educational Effectiveness, 8(3), 325-365.",3,eric,EJ1051576,Incremental Learning of Difficult Words in Story Contexts: The Role of Spelling and Pronouncing New Vocabulary,2015,"Vadasy, Patricia F.; Sanders, Elizabeth A.",https://eric.ed.gov/?id=EJ1051576,https://files.eric.ed.gov/fulltext/ED550749.pdf,7,eric:ED550749,0,,,
938,938-vadasy-2015,wwc-b,wwc,"Vadasy, P. F., Sanders, E. A., & Logan Herrera, B. (2015). Efficacy of rich vocabulary instruction in fourth- and fifth-grade classrooms. Journal of Research on Educational Effectiveness, 8(3), 325-365.",4,eric,EJ1100465,Attention to Orthographic and Phonological Word Forms in Vocabulary Instruction for Kindergarten English Learners,2016,"Vadasy, Patricia F.; Sanders, Elizabeth A.",https://eric.ed.gov/?id=EJ1100465,,7,,0,,,
938,938-vadasy-2015,wwc-b,wwc,"Vadasy, P. F., Sanders, E. A., & Logan Herrera, B. (2015). Efficacy of rich vocabulary instruction in fourth- and fifth-grade classrooms. Journal of Research on Educational Effectiveness, 8(3), 325-365.",5,crossref,10.3102/0034654314540943,Vocabulary Instruction in Fifth Grade and Beyond,2015,Ford-Connors; Paratore,https://doi.org/10.3102/0034654314540943,,5,,0,,,
938,938-vadasy-2015,wwc-b,wwc,"Vadasy, P. F., Sanders, E. A., & Logan Herrera, B. (2015). Efficacy of rich vocabulary instruction in fourth- and fifth-grade classrooms. Journal of Research on Educational Effectiveness, 8(3), 325-365.",6,crossref,10.1177/0741932507312013,Benefits of Repeated Reading Intervention for Low-Achieving Fourth- and Fifth-Grade Students,2008,Vadasy; Sanders,https://doi.org/10.1177/0741932507312013,,5,,0,,,
938,938-vadasy-2015,wwc-b,wwc,"Vadasy, P. F., Sanders, E. A., & Logan Herrera, B. (2015). Efficacy of rich vocabulary instruction in fourth- and fifth-grade classrooms. Journal of Research on Educational Effectiveness, 8(3), 325-365.",7,crossref,10.1007/s11423-015-9391-8,"Technology integration in third, fourth and fifth grade classrooms in a Florida school district",2015,Pittman; Gaines,https://doi.org/10.1007/s11423-015-9391-8,,2,,0,,,
956,956-vaughn-2017,wwc-b,wwc,"Vaughn, S., Martinez, L. R., Wanzek, J., Roberts, G., Swanson, E., & Fall, A. (2017). Improving content knowledge and comprehension for English language learners: Findings from a randomized control trial. Journal of Educational Psychology, 109(1), 22-34.",1,crossref,10.1037/edu0000069,Improving content knowledge and comprehension for English language learners: Findings from a randomized control trial.,2017,Vaughn; Martinez; Wanzek; Roberts; Swanson; Fall,https://doi.org/10.1037/edu0000069,,12,crossref:10.1037/edu0000069.supp,1,api-crossref,,
956,956-vaughn-2017,wwc-b,wwc,"Vaughn, S., Martinez, L. R., Wanzek, J., Roberts, G., Swanson, E., & Fall, A. (2017). Improving content knowledge and comprehension for English language learners: Findings from a randomized control trial. Journal of Educational Psychology, 109(1), 22-34.",2,crossref,10.1177/0022219418775117,Class Percentage of Students With Reading Difficulties on Content Knowledge and Comprehension,2018,Vaughn; Fall; Roberts; Wanzek; Swanson; Martinez,https://doi.org/10.1177/0022219418775117,,10,,0,,,
956,956-vaughn-2017,wwc-b,wwc,"Vaughn, S., Martinez, L. R., Wanzek, J., Roberts, G., Swanson, E., & Fall, A. (2017). Improving content knowledge and comprehension for English language learners: Findings from a randomized control trial. Journal of Educational Psychology, 109(1), 22-34.",3,crossref,10.1037/edu0000794,Promoting adolescents’ comprehension of text: A randomized control trial of its effectiveness.,2023,Roberts; Vaughn; Wanzek; Furman; Martinez; Sargent,https://doi.org/10.1037/edu0000794,,7,,0,,,
956,956-vaughn-2017,wwc-b,wwc,"Vaughn, S., Martinez, L. R., Wanzek, J., Roberts, G., Swanson, E., & Fall, A. (2017). Improving content knowledge and comprehension for English language learners: Findings from a randomized control trial. Journal of Educational Psychology, 109(1), 22-34.",4,crossref,10.1007/s10648-014-9274-2,Improving Middle-School Students’ Knowledge and Comprehension in Social Studies: a Replication,2014,Vaughn; Roberts; Swanson; Wanzek; Fall; Stillman-Spisak,https://doi.org/10.1007/s10648-014-9274-2,,7,,0,,,
956,956-vaughn-2017,wwc-b,wwc,"Vaughn, S., Martinez, L. R., Wanzek, J., Roberts, G., Swanson, E., & Fall, A. (2017). Improving content knowledge and comprehension for English language learners: Findings from a randomized control trial. Journal of Educational Psychology, 109(1), 22-34.",5,eric,EJ1090239,Re-Envisioning Literacy in a Teacher Inquiry Group in a Native American Context,2016,"Vaughn, Margaret",https://eric.ed.gov/?id=EJ1090239,,6,,0,,,
956,956-vaughn-2017,wwc-b,wwc,"Vaughn, S., Martinez, L. R., Wanzek, J., Roberts, G., Swanson, E., & Fall, A. (2017). Improving content knowledge and comprehension for English language learners: Findings from a randomized control trial. Journal of Educational Psychology, 109(1), 22-34.",6,eric,ED591623,Examining Teachers' Visions during Literacy Instruction across Multiple Rural Contexts,2017,"Vaughn, Margaret",https://eric.ed.gov/?id=ED591623,,6,,0,,,
956,956-vaughn-2017,wwc-b,wwc,"Vaughn, S., Martinez, L. R., Wanzek, J., Roberts, G., Swanson, E., & Fall, A. (2017). Improving content knowledge and comprehension for English language learners: Findings from a randomized control trial. Journal of Educational Psychology, 109(1), 22-34.",7,eric,ED650802,The Role of the DLPFC in Bilingual and Monolingual Switching: Evidence from MVPA and tDCS,2018,Kelly Vaughn,https://eric.ed.gov/?id=ED650802,,5,,0,,,
956,956-vaughn-2017,wwc-b,wwc,"Vaughn, S., Martinez, L. R., Wanzek, J., Roberts, G., Swanson, E., & Fall, A. (2017). Improving content knowledge and comprehension for English language learners: Findings from a randomized control trial. Journal of Educational Psychology, 109(1), 22-34.",8,eric,EJ1174165,Making Sense of Student Agency in the Early Grades,2018,"Vaughn, Margaret",https://eric.ed.gov/?id=EJ1174165,,5,,0,,,
958,958-vaughn-2019,wwc-b,wwc,"Vaughn, S., Roberts, G. J., Miciak, J., Taylor, P., & Fletcher, J. M. (2019). Efficacy of a word- and text-based intervention for students with significant reading difficulties. Journal of Learning Disabilities, 52(1), 31–44. https://eric.ed.gov/?id=EJ1199703",1,crossref,10.1177/0022219418775113,Efficacy of a Word- and Text-Based Intervention for Students With Significant Reading Difficulties,2018,Vaughn; Roberts; Miciak; Taylor; Fletcher,https://doi.org/10.1177/0022219418775113,,12,,1,api-crossref,,
958,958-vaughn-2019,wwc-b,wwc,"Vaughn, S., Roberts, G. J., Miciak, J., Taylor, P., & Fletcher, J. M. (2019). Efficacy of a word- and text-based intervention for students with significant reading difficulties. Journal of Learning Disabilities, 52(1), 31–44. https://eric.ed.gov/?id=EJ1199703",2,crossref,10.1177/0014402918782618,How Initial Word Reading and Language Skills Affect Reading Comprehension Outcomes for Students With Reading Difficulties,2018,Vaughn; Roberts; Capin; Miciak; Cho; Fletcher,https://doi.org/10.1177/0014402918782618,,9,,0,,,
958,958-vaughn-2019,wwc-b,wwc,"Vaughn, S., Roberts, G. J., Miciak, J., Taylor, P., & Fletcher, J. M. (2019). Efficacy of a word- and text-based intervention for students with significant reading difficulties. Journal of Learning Disabilities, 52(1), 31–44. https://eric.ed.gov/?id=EJ1199703",3,crossref,10.1177/0741932519865263,Problem Behaviors and Response to Reading Intervention for Upper Elementary Students With Reading Difficulties,2019,Roberts; Vaughn; Roberts; Miciak,https://doi.org/10.1177/0741932519865263,,8,,0,,,
958,958-vaughn-2019,wwc-b,wwc,"Vaughn, S., Roberts, G. J., Miciak, J., Taylor, P., & Fletcher, J. M. (2019). Efficacy of a word- and text-based intervention for students with significant reading difficulties. Journal of Learning Disabilities, 52(1), 31–44. https://eric.ed.gov/?id=EJ1199703",4,crossref,10.1177/07419325231213876,An Extensive Reading Intervention for Emergent Bilingual Students With Significant Reading Difficulties in Middle School,2023,Capin; Miciak; H. Bhat; Roberts; Steinle; Fletcher; Vaughn,https://doi.org/10.1177/07419325231213876,,7,,0,,,
958,958-vaughn-2019,wwc-b,wwc,"Vaughn, S., Roberts, G. J., Miciak, J., Taylor, P., & Fletcher, J. M. (2019). Efficacy of a word- and text-based intervention for students with significant reading difficulties. Journal of Learning Disabilities, 52(1), 31–44. https://eric.ed.gov/?id=EJ1199703",5,crossref,10.1177/0731948721989973,Examining the Reading and Cognitive Profiles of Students With Significant Reading Comprehension Difficulties,2021,Capin; Cho; Miciak; Roberts; Vaughn,https://doi.org/10.1177/0731948721989973,,6,,0,,,
958,958-vaughn-2019,wwc-b,wwc,"Vaughn, S., Roberts, G. J., Miciak, J., Taylor, P., & Fletcher, J. M. (2019). Efficacy of a word- and text-based intervention for students with significant reading difficulties. Journal of Learning Disabilities, 52(1), 31–44. https://eric.ed.gov/?id=EJ1199703",6,eric,EJ1212606,Adaptive Teaching during Reading Instruction: A Multi-Case Study,2019,"Vaughn, Margaret",https://eric.ed.gov/?id=EJ1212606,,6,,0,,,
958,958-vaughn-2019,wwc-b,wwc,"Vaughn, S., Roberts, G. J., Miciak, J., Taylor, P., & Fletcher, J. M. (2019). Efficacy of a word- and text-based intervention for students with significant reading difficulties. Journal of Learning Disabilities, 52(1), 31–44. https://eric.ed.gov/?id=EJ1199703",7,eric,ED650802,The Role of the DLPFC in Bilingual and Monolingual Switching: Evidence from MVPA and tDCS,2018,Kelly Vaughn,https://eric.ed.gov/?id=ED650802,,5,,0,,,
958,958-vaughn-2019,wwc-b,wwc,"Vaughn, S., Roberts, G. J., Miciak, J., Taylor, P., & Fletcher, J. M. (2019). Efficacy of a word- and text-based intervention for students with significant reading difficulties. Journal of Learning Disabilities, 52(1), 31–44. https://eric.ed.gov/?id=EJ1199703",8,eric,EJ1174165,Making Sense of Student Agency in the Early Grades,2018,"Vaughn, Margaret",https://eric.ed.gov/?id=EJ1174165,,5,,0,,,
959,959-vaughn-2016,wwc-b,wwc,"Vaughn, S., Solís, M., Miciak, J., Taylor, W. P., & Fletcher, J. M. (2016). Effects from a randomized control trial comparing researcher and school-implemented treatments with fourth graders with significant reading difficulties. Journal of Research on Educational Effectiveness, 9(sup1), 23–44. https://eric.ed.gov/?id=EJ1115339",1,crossref,10.1080/19345747.2015.1126386,Effects From a Randomized Control Trial Comparing Researcher and School-Implemented Treatments With Fourth Graders With Significant Reading Difficulties,2016,Vaughn; Solís; Miciak; Taylor; Fletcher,https://doi.org/10.1080/19345747.2015.1126386,,12,,1,api-crossref,,
959,959-vaughn-2016,wwc-b,wwc,"Vaughn, S., Solís, M., Miciak, J., Taylor, W. P., & Fletcher, J. M. (2016). Effects from a randomized control trial comparing researcher and school-implemented treatments with fourth graders with significant reading difficulties. Journal of Research on Educational Effectiveness, 9(sup1), 23–44. https://eric.ed.gov/?id=EJ1115339",2,crossref,10.1111/ldrp.12159,The Effects of One versus Two Years of Intensive Reading Intervention Implemented with Late Elementary Struggling Readers,2017,Miciak; Roberts; Taylor; Solis; Ahmed; Vaughn; Fletcher,https://doi.org/10.1111/ldrp.12159,,10,,0,,,
959,959-vaughn-2016,wwc-b,wwc,"Vaughn, S., Solís, M., Miciak, J., Taylor, W. P., & Fletcher, J. M. (2016). Effects from a randomized control trial comparing researcher and school-implemented treatments with fourth graders with significant reading difficulties. Journal of Research on Educational Effectiveness, 9(sup1), 23–44. https://eric.ed.gov/?id=EJ1115339",3,crossref,10.1177/0022219418775113,Efficacy of a Word- and Text-Based Intervention for Students With Significant Reading Difficulties,2018,Vaughn; Roberts; Miciak; Taylor; Fletcher,https://doi.org/10.1177/0022219418775113,,7,,0,,,
959,959-vaughn-2016,wwc-b,wwc,"Vaughn, S., Solís, M., Miciak, J., Taylor, W. P., & Fletcher, J. M. (2016). Effects from a randomized control trial comparing researcher and school-implemented treatments with fourth graders with significant reading difficulties. Journal of Research on Educational Effectiveness, 9(sup1), 23–44. https://eric.ed.gov/?id=EJ1115339",4,crossref,10.1177/07419325231213876,An Extensive Reading Intervention for Emergent Bilingual Students With Significant Reading Difficulties in Middle School,2023,Capin; Miciak; H. Bhat; Roberts; Steinle; Fletcher; Vaughn,https://doi.org/10.1177/07419325231213876,,6,,0,,,
959,959-vaughn-2016,wwc-b,wwc,"Vaughn, S., Solís, M., Miciak, J., Taylor, W. P., & Fletcher, J. M. (2016). Effects from a randomized control trial comparing researcher and school-implemented treatments with fourth graders with significant reading difficulties. Journal of Research on Educational Effectiveness, 9(sup1), 23–44. https://eric.ed.gov/?id=EJ1115339",5,crossref,10.1080/10888438.2023.2254871,Investigating the Reading Profiles of Middle School Emergent Bilinguals with Significant Reading Comprehension Difficulties,2023,Capin; Vaughn; Miller; Miciak; Fall; Roberts; Cho; Barth; Steinle; Fletcher,https://doi.org/10.1080/10888438.2023.2254871,,6,,0,,,
959,959-vaughn-2016,wwc-b,wwc,"Vaughn, S., Solís, M., Miciak, J., Taylor, W. P., & Fletcher, J. M. (2016). Effects from a randomized control trial comparing researcher and school-implemented treatments with fourth graders with significant reading difficulties. Journal of Research on Educational Effectiveness, 9(sup1), 23–44. https://eric.ed.gov/?id=EJ1115339",6,eric,EJ1090239,Re-Envisioning Literacy in a Teacher Inquiry Group in a Native American Context,2016,"Vaughn, Margaret",https://eric.ed.gov/?id=EJ1090239,,6,,0,,,
959,959-vaughn-2016,wwc-b,wwc,"Vaughn, S., Solís, M., Miciak, J., Taylor, W. P., & Fletcher, J. M. (2016). Effects from a randomized control trial comparing researcher and school-implemented treatments with fourth graders with significant reading difficulties. Journal of Research on Educational Effectiveness, 9(sup1), 23–44. https://eric.ed.gov/?id=EJ1115339",7,eric,ED591623,Examining Teachers' Visions during Literacy Instruction across Multiple Rural Contexts,2017,"Vaughn, Margaret",https://eric.ed.gov/?id=ED591623,,6,,0,,,
959,959-vaughn-2016,wwc-b,wwc,"Vaughn, S., Solís, M., Miciak, J., Taylor, W. P., & Fletcher, J. M. (2016). Effects from a randomized control trial comparing researcher and school-implemented treatments with fourth graders with significant reading difficulties. Journal of Research on Educational Effectiveness, 9(sup1), 23–44. https://eric.ed.gov/?id=EJ1115339",8,eric,EJ1049667,"Building on Past Successes: Designing, Evaluating, and Providing Effective Treatments for Persons for Whom Typical Instruction Is Not Effective",2015,"Vaughn, Sharon",https://eric.ed.gov/?id=EJ1049667,,5,,0,,,
960,960-vaughn-2013,wwc-b,wwc,"Vaughn, S., Swanson, E. A., Roberts, G., Wanzek, J., Stillman-Spisak, S. J., Solis, M., & Simmons, D. (2013). Improving reading comprehension and social studies knowledge in middle school. Reading Research Quarterly, 48(1) 77&ndash;93.",1,crossref,10.1002/rrq.039,Improving Reading Comprehension and Social Studies Knowledge in Middle School,2013,Vaughn; Swanson; Roberts; Wanzek; Stillman‐Spisak; Solis; Simmons,https://doi.org/10.1002/rrq.039,,13,crossref:10.1177/0014402914563704,0,low-margin,,
960,960-vaughn-2013,wwc-b,wwc,"Vaughn, S., Swanson, E. A., Roberts, G., Wanzek, J., Stillman-Spisak, S. J., Solis, M., & Simmons, D. (2013). Improving reading comprehension and social studies knowledge in middle school. Reading Research Quarterly, 48(1) 77&ndash;93.",2,crossref,10.1007/s10648-014-9274-2,Improving Middle-School Students’ Knowledge and Comprehension in Social Studies: a Replication,2014,Vaughn; Roberts; Swanson; Wanzek; Fall; Stillman-Spisak,https://doi.org/10.1007/s10648-014-9274-2,,12,,0,,,
960,960-vaughn-2013,wwc-b,wwc,"Vaughn, S., Swanson, E. A., Roberts, G., Wanzek, J., Stillman-Spisak, S. J., Solis, M., & Simmons, D. (2013). Improving reading comprehension and social studies knowledge in middle school. Reading Research Quarterly, 48(1) 77&ndash;93.",3,crossref,10.1080/10573569.2014.910718,Literacy and Text Reading in Middle and High School Social Studies and English Language Arts Classrooms,2015,Swanson; Wanzek; McCulley; Stillman-Spisak; Vaughn; Simmons; Fogarty; Hairrell,https://doi.org/10.1080/10573569.2014.910718,,7,,0,,,
960,960-vaughn-2013,wwc-b,wwc,"Vaughn, S., Swanson, E. A., Roberts, G., Wanzek, J., Stillman-Spisak, S. J., Solis, M., & Simmons, D. (2013). Improving reading comprehension and social studies knowledge in middle school. Reading Research Quarterly, 48(1) 77&ndash;93.",4,crossref,10.1080/10573569.2015.1072068,Middle School Reading Comprehension and Content Learning Intervention for Below-Average Readers,2016,Swanson; Wanzek; Vaughn; Fall; Roberts; Hall; Miller,https://doi.org/10.1080/10573569.2015.1072068,,7,,0,,,
960,960-vaughn-2013,wwc-b,wwc,"Vaughn, S., Swanson, E. A., Roberts, G., Wanzek, J., Stillman-Spisak, S. J., Solis, M., & Simmons, D. (2013). Improving reading comprehension and social studies knowledge in middle school. Reading Research Quarterly, 48(1) 77&ndash;93.",5,eric,EJ1032212,Aligning Visions: Striking a Balance between Personal Convictions for Teaching and Instructional Goals,2014,"Vaughn, Margaret",https://eric.ed.gov/?id=EJ1032212,,5,,0,,,
960,960-vaughn-2013,wwc-b,wwc,"Vaughn, S., Swanson, E. A., Roberts, G., Wanzek, J., Stillman-Spisak, S. J., Solis, M., & Simmons, D. (2013). Improving reading comprehension and social studies knowledge in middle school. Reading Research Quarterly, 48(1) 77&ndash;93.",6,eric,EJ1423071,A View from the Field: How NCLB's Good Intentions of Accountability Damage Our Educational Leaders and Our Schools,2014,Vance Vaughn,https://eric.ed.gov/?id=EJ1423071,https://files.eric.ed.gov/fulltext/EJ1423071.pdf,5,,0,,,
960,960-vaughn-2013,wwc-b,wwc,"Vaughn, S., Swanson, E. A., Roberts, G., Wanzek, J., Stillman-Spisak, S. J., Solis, M., & Simmons, D. (2013). Improving reading comprehension and social studies knowledge in middle school. Reading Research Quarterly, 48(1) 77&ndash;93.",7,eric,EJ1001142,Examining Teacher Agency: Why Did Les Leave the Building?,2013,"Vaughn, Margaret",https://eric.ed.gov/?id=EJ1001142,,5,,0,,,
960,960-vaughn-2013,wwc-b,wwc,"Vaughn, S., Swanson, E. A., Roberts, G., Wanzek, J., Stillman-Spisak, S. J., Solis, M., & Simmons, D. (2013). Improving reading comprehension and social studies knowledge in middle school. Reading Research Quarterly, 48(1) 77&ndash;93.",8,eric,EJ980031,The Changing Face of Professional Development,2012,"Branom, Vaughn",https://eric.ed.gov/?id=EJ980031,,5,,0,,,
961,961-vaughn-2010,wwc-b,wwc,"Vaughn, S., Wanzek, J., Wexler, J., Barth, A., Cirino, P. T., Fletcher, J., Romain, M., Denton, C. A., Roberts, G., & Francis, D. (2010). The relative effects of group size on reading progress of older students with reading difficulties. Reading and Writing: An Interdisciplinary Journal, 23(8), 931–956. https://eric.ed.gov/?id=EJ893981",1,citation,EJ893981,"Vaughn, S., Wanzek, J., Wexler, J., Barth, A., Cirino, P. T., Fletcher, J., Romain, M., Denton, C. A., Roberts, G., & Francis, D. (2010). The relative effects of group size on reading progress of olde",2010,vaughn,https://eric.ed.gov/?id=EJ893981,https://files.eric.ed.gov/fulltext/EJ893981.pdf,9,,1,eric-in-citation,,
1000,1000-wijekumar-2012,wwc-b,wwc,"Wijekumar, K., Meyer, B. J. F., & Lei, P. (2012). Large-scale randomized controlled trial with 4th graders using intelligent tutoring of the structure strategy to improve nonfiction reading comprehension. Educational Technology Research and Development, 60(6), 987-1013.",1,crossref,10.1007/s11423-012-9263-4,Large-scale randomized controlled trial with 4th graders using intelligent tutoring of the structure strategy to improve nonfiction reading comprehension,2012,Wijekumar; Meyer; Lei,https://doi.org/10.1007/s11423-012-9263-4,,10,eric:EJ986753,1,api-crossref,,
1000,1000-wijekumar-2012,wwc-b,wwc,"Wijekumar, K., Meyer, B. J. F., & Lei, P. (2012). Large-scale randomized controlled trial with 4th graders using intelligent tutoring of the structure strategy to improve nonfiction reading comprehension. Educational Technology Research and Development, 60(6), 987-1013.",2,crossref,10.1016/j.compedu.2013.05.021,High-fidelity implementation of web-based intelligent tutoring system improves fourth and fifth graders content area reading comprehension,2013,Wijekumar; Meyer; Lei,https://doi.org/10.1016/j.compedu.2013.05.021,,8,,0,,,
1000,1000-wijekumar-2012,wwc-b,wwc,"Wijekumar, K., Meyer, B. J. F., & Lei, P. (2012). Large-scale randomized controlled trial with 4th graders using intelligent tutoring of the structure strategy to improve nonfiction reading comprehension. Educational Technology Research and Development, 60(6), 987-1013.",3,crossref,10.1037/a0021606,Individualizing a web-based structure strategy intervention for fifth graders' comprehension of nonfiction.,2011,Meyer; Wijekumar; Lin,https://doi.org/10.1037/a0021606,,7,eric:EJ914858,0,,,
1000,1000-wijekumar-2012,wwc-b,wwc,"Wijekumar, K., Meyer, B. J. F., & Lei, P. (2012). Large-scale randomized controlled trial with 4th graders using intelligent tutoring of the structure strategy to improve nonfiction reading comprehension. Educational Technology Research and Development, 60(6), 987-1013.",4,crossref,10.1037/edu0000168,Web-based text structure strategy instruction improves seventh graders’ content area reading comprehension.,2017,Wijekumar; Meyer; Lei,https://doi.org/10.1037/edu0000168,,6,,0,,,
1000,1000-wijekumar-2012,wwc-b,wwc,"Wijekumar, K., Meyer, B. J. F., & Lei, P. (2012). Large-scale randomized controlled trial with 4th graders using intelligent tutoring of the structure strategy to improve nonfiction reading comprehension. Educational Technology Research and Development, 60(6), 987-1013.",5,crossref,10.1002/dys.1634,Supplementing teacher knowledge using web‐based Intelligent Tutoring System for the Text Structure Strategy to improve content area reading comprehension with fourth‐ and fifth‐grade struggling readers,2019,Wijekumar; Meyer; Lei; Beerwinkle; Joshi,https://doi.org/10.1002/dys.1634,,6,,0,,,
1017,1017-woodworth-2017,wwc-b,wwc,"Woodworth, K., Arshan, N., & Gallagher, H.A. (2017). UC Irvine Writing Project’s Pathway to Academic Success program: An Investing in Innovation (i3) validation grant evaluation. Technical report. Menlo Park, CA: SRI International.  https://www.sri.com/wp-content/uploads/pdf/pathway_i3_sri_technical_report_21dec17_final_in_jan.pdf",1,eric,EJ1147938,Impact of the National Writing Project's College-Ready Writers Program in High-Need Rural Districts,2017,"Gallagher, H. Alix; Arshan, Nicole; Woodworth, Katrina",https://eric.ed.gov/?id=EJ1147938,https://files.eric.ed.gov/fulltext/ED567632.pdf,8,eric:ED567632,1,api-eric,,
1017,1017-woodworth-2017,wwc-b,wwc,"Woodworth, K., Arshan, N., & Gallagher, H.A. (2017). UC Irvine Writing Project’s Pathway to Academic Success program: An Investing in Innovation (i3) validation grant evaluation. Technical report. Menlo Park, CA: SRI International.  https://www.sri.com/wp-content/uploads/pdf/pathway_i3_sri_technical_report_21dec17_final_in_jan.pdf",2,crossref,10.2172/6762606,Transportation energy conservation studies: program plan,1978,,https://doi.org/10.2172/6762606,,0,,0,,,
1017,1017-woodworth-2017,wwc-b,wwc,"Woodworth, K., Arshan, N., & Gallagher, H.A. (2017). UC Irvine Writing Project’s Pathway to Academic Success program: An Investing in Innovation (i3) validation grant evaluation. Technical report. Menlo Park, CA: SRI International.  https://www.sri.com/wp-content/uploads/pdf/pathway_i3_sri_technical_report_21dec17_final_in_jan.pdf",3,crossref,10.2172/6792922,"Transportation energy conservation studies. Technical status report No. 1, April 24-June 3, 1978",1978,,https://doi.org/10.2172/6792922,,0,,0,,,
1017,1017-woodworth-2017,wwc-b,wwc,"Woodworth, K., Arshan, N., & Gallagher, H.A. (2017). UC Irvine Writing Project’s Pathway to Academic Success program: An Investing in Innovation (i3) validation grant evaluation. Technical report. Menlo Park, CA: SRI International.  https://www.sri.com/wp-content/uploads/pdf/pathway_i3_sri_technical_report_21dec17_final_in_jan.pdf",4,crossref,10.2172/7151382,Technology assessment of alternative transportation fuels. Annual report,1978,,https://doi.org/10.2172/7151382,,0,,0,,,
1017,1017-woodworth-2017,wwc-b,wwc,"Woodworth, K., Arshan, N., & Gallagher, H.A. (2017). UC Irvine Writing Project’s Pathway to Academic Success program: An Investing in Innovation (i3) validation grant evaluation. Technical report. Menlo Park, CA: SRI International.  https://www.sri.com/wp-content/uploads/pdf/pathway_i3_sri_technical_report_21dec17_final_in_jan.pdf",5,crossref,10.2172/6867394,"Solar energy research and development: program balance. Annex, Volume I",1978,,https://doi.org/10.2172/6867394,,0,crossref:10.2172/6643289,0,,,
1028,1028-young-2017,wwc-b,wwc,"Young, V., Schmidt, R., Wang, H., Cassidy, L., & Laguarda, K. (2017). A comprehensive model of teacher induction: Implementation and impact on teachers and students. Evaluation of the New Teacher Center’s i3 validation grant, final report. Menlo Park, CA: SRI International. https://www.sri.com/publication/a-comprehensive-model-of-teacher-induction-implementation-and-impact-on-teachers-and-students-evaluation-of-the-new-teacher-centers-i3-validation-grant-final-report/",1,eric,EJ1208593,We Can Achieve if We Receive: Examining the Effects of Out-of-School Time Activities on Black Student Achievement in Mathematics,2018,"Young, Jamaal; Young, Jemimah Lea",https://eric.ed.gov/?id=EJ1208593,,6,,0,low-margin,,
1028,1028-young-2017,wwc-b,wwc,"Young, V., Schmidt, R., Wang, H., Cassidy, L., & Laguarda, K. (2017). A comprehensive model of teacher induction: Implementation and impact on teachers and students. Evaluation of the New Teacher Center’s i3 validation grant, final report. Menlo Park, CA: SRI International. https://www.sri.com/publication/a-comprehensive-model-of-teacher-induction-implementation-and-impact-on-teachers-and-students-evaluation-of-the-new-teacher-centers-i3-validation-grant-final-report/",2,eric,EJ1169076,The Structural Relationship between Out-of-School Time Enrichment and Black Student Participation in Advanced Science,2018,"Young, Jamaal; Young, Jemimah",https://eric.ed.gov/?id=EJ1169076,,5,,0,,,
1028,1028-young-2017,wwc-b,wwc,"Young, V., Schmidt, R., Wang, H., Cassidy, L., & Laguarda, K. (2017). A comprehensive model of teacher induction: Implementation and impact on teachers and students. Evaluation of the New Teacher Center’s i3 validation grant, final report. Menlo Park, CA: SRI International. https://www.sri.com/publication/a-comprehensive-model-of-teacher-induction-implementation-and-impact-on-teachers-and-students-evaluation-of-the-new-teacher-centers-i3-validation-grant-final-report/",3,eric,ED670309,1:1 Laptops in Education and Achievement Test Results in One Rural High School,2017,William Young,https://eric.ed.gov/?id=ED670309,,5,,0,,,
1028,1028-young-2017,wwc-b,wwc,"Young, V., Schmidt, R., Wang, H., Cassidy, L., & Laguarda, K. (2017). A comprehensive model of teacher induction: Implementation and impact on teachers and students. Evaluation of the New Teacher Center’s i3 validation grant, final report. Menlo Park, CA: SRI International. https://www.sri.com/publication/a-comprehensive-model-of-teacher-induction-implementation-and-impact-on-teachers-and-students-evaluation-of-the-new-teacher-centers-i3-validation-grant-final-report/",4,eric,EJ1124356,"Knowledge, Experts and Accountability in School Governing Bodies",2017,"Young, Helen",https://eric.ed.gov/?id=EJ1124356,,5,,0,,,
1028,1028-young-2017,wwc-b,wwc,"Young, V., Schmidt, R., Wang, H., Cassidy, L., & Laguarda, K. (2017). A comprehensive model of teacher induction: Implementation and impact on teachers and students. Evaluation of the New Teacher Center’s i3 validation grant, final report. Menlo Park, CA: SRI International. https://www.sri.com/publication/a-comprehensive-model-of-teacher-induction-implementation-and-impact-on-teachers-and-students-evaluation-of-the-new-teacher-centers-i3-validation-grant-final-report/",5,eric,EJ1112960,Toy Pigs Teach Statistics,2016,"Young, Lanee",https://eric.ed.gov/?id=EJ1112960,,5,,0,,,
1028,1028-young-2017,wwc-b,wwc,"Young, V., Schmidt, R., Wang, H., Cassidy, L., & Laguarda, K. (2017). A comprehensive model of teacher induction: Implementation and impact on teachers and students. Evaluation of the New Teacher Center’s i3 validation grant, final report. Menlo Park, CA: SRI International. https://www.sri.com/publication/a-comprehensive-model-of-teacher-induction-implementation-and-impact-on-teachers-and-students-evaluation-of-the-new-teacher-centers-i3-validation-grant-final-report/",6,eric,EJ1114493,Assessing Faculty Perceptions of Free Educational Resources: One Institution's Experience,2016,"Young, Brian",https://eric.ed.gov/?id=EJ1114493,,5,,0,,,
1028,1028-young-2017,wwc-b,wwc,"Young, V., Schmidt, R., Wang, H., Cassidy, L., & Laguarda, K. (2017). A comprehensive model of teacher induction: Implementation and impact on teachers and students. Evaluation of the New Teacher Center’s i3 validation grant, final report. Menlo Park, CA: SRI International. https://www.sri.com/publication/a-comprehensive-model-of-teacher-induction-implementation-and-impact-on-teachers-and-students-evaluation-of-the-new-teacher-centers-i3-validation-grant-final-report/",7,eric,EJ1148373,Busy yet Passive: (Non-)Decision-Making in School Governing Bodies,2017,"Young, Helen",https://eric.ed.gov/?id=EJ1148373,,5,,0,,,
1028,1028-young-2017,wwc-b,wwc,"Young, V., Schmidt, R., Wang, H., Cassidy, L., & Laguarda, K. (2017). A comprehensive model of teacher induction: Implementation and impact on teachers and students. Evaluation of the New Teacher Center’s i3 validation grant, final report. Menlo Park, CA: SRI International. https://www.sri.com/publication/a-comprehensive-model-of-teacher-induction-implementation-and-impact-on-teachers-and-students-evaluation-of-the-new-teacher-centers-i3-validation-grant-final-report/",8,eric,EJ1160251,Teaching Particle Physics in Secondary Schools: Why Do Physicists Want to Smash Matter to Bits?,2017,"Young, Clive",https://eric.ed.gov/?id=EJ1160251,,5,,0,,,
