study_id,key,batch,sources,citation,year,resolution_status,service,external_id,title,url,oa_url,also,note
31,31-augustine-2016,bee-a,bee,Augustine et al. (2016),2016,manual,crossref,10.7249/rr1557,Learning from Summer: Effects of Voluntary Summer Learning Programs on Low-Income Urban Youth,https://doi.org/10.7249/rr1557,,,"RAND RR-1557 is the full National Summer Learning Project report; the three 2016 candidates are the report, its brief (rb9924), and a one-page infographic (ig127). Kraft's outcomes (GRADE and GMADE after two summers, grades 3-4, n 4,484 to 4,505) are the two-summer results reported only in RR-1557; the 2014 and 2015 candidates cover the first summer. Also in ERIC as ED605457."
54,54-barrow-2009,bee-a,bee,"Barrow, Markman, and Rouse, 2009",2009,manual,crossref,10.1257/pol.1.1.52,Technology's Edge: The Educational Benefits of Computer-Aided Instruction,https://doi.org/10.1257/pol.1.1.52,,10.3386/w14240 10.2139/ssrn.1083781,"Journal version (American Economic Journal: Economic Policy, 2009) of the NBER w14240 candidate, matching Kraft's year 2009; math (I Can Learn algebra and pre-algebra) with about 1,605 students in three districts, which is n_max. The ERIC runner-ups are a voucher review and unrelated Barrows."
70,70-becker-1994,bee-a,bee,"Becker, 1994",1994,manual,crossref,10.1016/0883-0355(94)90024-8,Mindless or mindful use of integrated learning systems,https://doi.org/10.1016/0883-0355(94)90024-8,,,"Becker, H. J. (1994), International Journal of Educational Research 21(1), 65-79, the only Becker 1994 in the BEE reference lists (Slavin and Lake 2008 elementary math; Slavin et al. 2009 elementary reading); an ILS evaluation with CAT math and reading outcomes in grades 2-5, consistent with Kraft's CAT outcomes and class-level samples of 187 to 400. All five candidates were German-language books."
98,98-borman-2007,bee-a,bee,"Borman, Dowling, and Schneck, 2007",2007,auto,eric,EJ951752,A Multisite Cluster Randomized Field Trial of Open Court Reading,https://eric.ed.gov/?id=EJ951752,,,api-eric
128,128-cabalo-2007,bee-a,bee,"Cabalo and Vu, 2007",2007,manual,eric,ED538963,Comparative Effectiveness of Carnegie Learning's Cognitive Tutor Algebra I Curriculum: A Report of a Randomized Experiment in the Maui School District,https://eric.ed.gov/?id=ED538963,,ED616574 ED538958,"BEE secondary math (Slavin, Lake, Groff) table for Cabalo and Vu (2007): 281 treatment plus 260 control = 541 students, grades 8-13, NWEA Math Goals outcomes, matching n_max 541 and Kraft's ES set (-0.25, +0.03). The runner-up ED616551 is a whiteboard PD study with different coauthors."
141,141-campuzano-2009,bee-a,bee,"Campuzzano et al., 2009",2009,auto,eric,ED504657,Effectiveness of Reading and Mathematics Software Products: Findings From Two Student Cohorts. NCEE 2009-4041,https://eric.ed.gov/?id=ED504657,https://files.eric.ed.gov/fulltext/ED504657.pdf,,api-eric
225,225-denverpublicschools-2016,bee-a,bee,"Denver Public Schools, 2016",2016,unresolved,,,,,,,"Work identified but no copy or identifier found. BEE secondary reading (Baye, Lake, Inns, Slavin 2019) cites Denver Public Schools (2016), Final report to the U.S. Department of Education on Collaborative Strategic Reading, Denver, CO: Author; its table gives 16 middle schools, 5,660 students (3,101 E, 2,559 C), grades 6-8, GMRT +0.03, matching n_max and grades. The i3 grant is U396B100143 (DPS with CU Boulder). Not in ERIC, Crossref, WWC, Evidence for ESSA, or on the DPS site; all five candidates were unrelated."
226,226-deussen-2012,bee-a,bee,"Deussen et al., 2012",2012,auto,eric,ED565842,Washington Striving Readers: Year 1 Evaluation Report,https://eric.ed.gov/?id=ED565842,https://files.eric.ed.gov/fulltext/ED565842.pdf,,api-eric
239,239-dominguez-2006,bee-a,bee,"Dominguez et al., 2006",2006,manual,eric,ED510045,Experimental Methods and Results in a Study of PBS TeacherLine Math Courses,https://eric.ed.gov/?id=ED510045,,,"BEE elementary math table for Dominguez et al. (2006): 87 teachers, 1,119 students (523 E, 596 C), grades 3-5, algebra test -0.02 and +0.03, geometry test +0.08, an exact match to n_max 1,119 and Kraft's three effect sizes. The runner-up ED510046 is a South Carolina review-team report, not a math intervention."
249,249-watts-2018,bee-a,bee,Duncan et al. (2018),2018,manual,web,https://ies.ed.gov/use-work/awards/math-all-assessing-efficacy-professional-development-program-elementary-school-teachers?ID=1516,Assessing the impact of the Math for All professional development program on elementary school teachers and their students,https://ies.ed.gov/use-work/awards/math-all-assessing-efficacy-professional-development-program-elementary-school-teachers?ID=1516,,,"Kraft's citation Duncan et al. (2018) is Duncan, T., Moeller, B., Schoeneberger, J., and Hitchcock, J. (2018), the Math for All efficacy study in Chicago; the BEE elementary math table gives 29 schools, grades 4-5, 881 students (423 E, 458 C), NWEA MAP +0.11, an exact match to n_max 881, ES 0.11, and the outcome test. Kraft's surname columns (watts, duncan, clements, sarama) belong to a different paper, Watts et al. 2018 in Child Development (top candidate 10.1111/cdev.12713, a preschool follow-up), so those author columns look mis-entered. BEE's URL for the report (mathforall.cct.edc.org/resources) now redirects and no longer lists it; the IES grant record for the study is the only stable page found."
252,252-campuzano-2007,bee-a,bee,Dynarski et al. (2007); Campuzano et al. (2009),2007,auto,eric,ED496015,Effectiveness of Reading and Mathematics Software Products: Findings from the First Student Cohort. Report to Congress,https://eric.ed.gov/?id=ED496015,https://files.eric.ed.gov/fulltext/ED496015.pdf,,api-eric
254,254-dynarski-2007,bee-a,bee,"Dynarski et al., 2007a",2007,auto,eric,ED496015,Effectiveness of Reading and Mathematics Software Products: Findings from the First Student Cohort. Report to Congress,https://eric.ed.gov/?id=ED496015,https://files.eric.ed.gov/fulltext/ED496015.pdf,,api-eric
264,264-eddy-2011,bee-a,bee,Eddy et al. (2011),2011,manual,web,http://donaldrbear.com/wp-content/uploads/2019/10/wtw-final-report-revised.pdf,Pearson Words Their Way: Word Study in Action Intervention Efficacy Study Final Report,http://donaldrbear.com/wp-content/uploads/2019/10/wtw-final-report-revised.pdf,,,"Eddy, R. M., Ruitman, H. T., Hankel, N., Matelski, M. H., and Schmalstig, M. (2011), Cobblestone Applied Research and Evaluation; BEE struggling readers table for Eddy et al. (2011): 257 students, grades 2 and 4, 18 weeks, ES +0.06, an exact match to n_max 257 and Kraft's ES. Kraft's second surname easton-brooks belongs to a different 2011 pair of papers by Colleen Eddy and Easton-Brooks (the two Crossref candidates), which are not interventions; that author column looks mis-entered. PDF verified at the URL (74 pages, Cobblestone title page)."
265,265-eddy-2010,bee-a,bee,"Eddy et al., 2010",2010,override,override,https://ies.ed.gov/ncee/wwc/docs/interventionreports/wwc_pearson_112117.pdf,"WWC intervention report, Prentice Hall/Pearson Literature (2007-15), November 2017 (reviews Eddy, Ruitman, Hankel, and Sloper 2010)",https://ies.ed.gov/ncee/wwc/docs/interventionreports/wwc_pearson_112117.pdf,,,"Resolution to WWC study 82674 was right, but retrieval followed the WWC page's template link and saved the 2016 ED non-regulatory ESSA evidence guidance PDF. The Cobblestone efficacy report (Eddy et al. 2010; grades 7-10; n 1,518; GMRT ES -0.10) is not online anywhere found (not ERIC, Crossref, OpenAlex, or Pearson's site). The WWC intervention report is a substitute, not the cited document: it describes the Eddy et al. 2010 trial's setting, sample (1,518 students in grades 7, 8, and 10 in eight schools in four states), and outcomes. Coders should treat it as secondary. Recorded by hand 2026-09-18."
271,271-faddis-2011,bee-a,bee,"Faddis et al., 2011a",2011,auto,eric,ED600852,Portland Public Schools' Striving Readers Program: Year 5 Evaluation Report,https://eric.ed.gov/?id=ED600852,https://files.eric.ed.gov/fulltext/ED600852.pdf,,api-eric
290,290-fogarty-2014,bee-a,bee,"Fogarty et al., 2014",2014,manual,crossref,10.1007/s10648-014-9270-6,Examining the Effectiveness of a Multicomponent Reading Comprehension Intervention in Middle Schools: A Focus on Treatment Fidelity,https://doi.org/10.1007/s10648-014-9270-6,,,"ERIC EJ1040794 abstract: 3 schools, 14 teachers, 859 students in grades 6-8 ELA classes, exactly n_max 859; author order Fogarty, Oslund, Simmons, Davis, Simmons, Anderson matches Kraft's surnames. The runner-up Simmons et al. 2014 (JREE) is a companion paper from the same project with Simmons first."
339,339-gallagher-2017,bee-a,bee,"Gallagher et al., 2017",2017,auto,crossref,10.1080/19345747.2017.1300361,Impact of the National Writing Project's College-Ready Writers Program in High-Need Rural Districts,https://doi.org/10.1080/19345747.2017.1300361,,,api-crossref
347,347-gatti-2008,bee-a,bee,"Gatti and Giordano, 2008",2008,override,override,https://ies.ed.gov/ncee/wwc/Docs/InterventionReports/wwc_investigations_021213.pdf,"WWC intervention report, Investigations in Number, Data, and Space, February 2013 (reviews Gatti and Giordano 2010, the final report of the trial whose 2007-08 year-one report Kraft cites)",https://ies.ed.gov/ncee/wwc/Docs/InterventionReports/wwc_investigations_021213.pdf,,,"Resolution to WWC study 82125 was right, but retrieval followed the WWC page's template link and saved the 2016 ED non-regulatory ESSA evidence guidance PDF. Neither Gatti and Giordano's 2008 year-one report (grades 1 and 4; n 1,363; GMADE ES -0.14 and -0.31, the figures in Kraft's rows) nor their 2010 final report is online. The WWC intervention report is a substitute, not the cited document: it describes the same Gatti Evaluation RCT's setting and sample. Coders should treat it as secondary. Recorded by hand 2026-09-18."
386,386-kim-2016,bee-a,bee,Guryan et al. (2016),2016,override,override,https://www.nber.org/system/files/working_papers/w20918/w20918.pdf,Motivation and Incentives in Education: Evidence from a Summer Reading Experiment (NBER Working Paper 20918),https://www.nber.org/system/files/working_papers/w20918/w20918.pdf,,,"Resolver accepted Kim, Guryan, White, Quinn, Capotosto, and Kingston 2016 (JREE, 6,383 students, 10.1080/19345747.2016.1164780), which does not fit n 397. Kraft's BEE row comes from the BEE summer-programs synthesis (Xie and Cheung 2020), whose table lists Guryan et al. (2016) as 9 schools, 397 students, grades 3-4, urban northeastern district, GMRT Total ES -0.10; that is Guryan, Kim, and Park 2016, Economics of Education Review 55, 1-20, DOI 10.1016/j.econedurev.2016.08.002 (n = 397 for GMRT total in its tables). The subject is reading (GMRT), not math as Kraft's row says. No open copy of the journal article; the NBER w20918 working-paper PDF is the same study. Corrected by hand 2026-09-18."
432,432-jaciw-2016,bee-a,bee,"Jaciw et al., 2016",2016,auto,crossref,10.1080/19345747.2016.1164777,"Assessing Impacts ofMath in Focus, a “Singapore Math” Program",https://doi.org/10.1080/19345747.2016.1164777,https://files.eric.ed.gov/fulltext/ED562089.pdf,eric:EJ1115242 eric:ED562089,api-crossref
435,435-jacob-2015,bee-a,bee,Jacob et al. (2015),2015,auto,crossref,10.1080/19345747.2016.1138560,Leveraging Volunteers: An Experimental Evaluation of a Tutoring Program for Struggling Readers,https://doi.org/10.1080/19345747.2016.1138560,,,api-crossref
464,464-jordan-2009,bee-a,bee,"Jordan, 2009",2009,unresolved,,,,,,,"Work identified but no copy or identifier found. BEE elementary math cites Jordan, J. (2009), Cincinnati, OH: University of Cincinnati Evaluation Services Center; its table gives 139 teachers, 1,897 students (844 E, 1,053 C), grades 2 and 4, TerraNova, grade 2 +0.08 and grade 4 -0.04, an exact match to n_max 1,897 and Kraft's ES. Not in ERIC, Crossref, WWC, or on the web; all five candidates were other Jordans."
470,470-karper-1993,bee-a,bee,"Karper and Melnick, 1993",1993,manual,web,https://www.proquest.com/openview/e5a87ab597d8e2f9eb4e64a1059e06ec/1,The Effectiveness of Team Accelerated Instruction on High Achievers in Mathematics,https://www.proquest.com/openview/e5a87ab597d8e2f9eb4e64a1059e06ec/1,,,"Karper, J., and Melnick, S. A. (1993), Journal of Instructional Psychology 20(1), 49-54, cited in BEE elementary math (Slavin and Lake 2008; Pellegrini et al. 2021); no DOI or ERIC record exists, ProQuest page is the only stable pointer. Sample-size check fails: BEE describes 165 students in grades 4-5 in Hershey, PA, with a district test (ES -0.11), while Kraft's bee row says n 588, grades 6-12, Short CTBS, ES 0.21 and the fryer row says 247 in grades 3-5; the citation is unambiguous, but Kraft's sample and grade fields for this row look transcribed from another TAI study. All five candidates were unrelated."
476,476-kim-2010,bee-a,bee,Kim & Guryan (2010),2010,manual,crossref,10.1037/a0017270,The efficacy of a voluntary summer book reading intervention for low-income Latino children from language minority families,https://doi.org/10.1037/a0017270,,,"Kim and Guryan (2010), Journal of Educational Psychology (ERIC EJ876307): 370 fourth graders randomized, so n 317 is a plausible analytic sample; grade 4 matches. Subject check: Kraft codes this row Math, but its outcome is 'GMRT Total', a reading test, and the paper has only reading outcomes, so the subject field looks like a coding error. The other candidates were Korean-language or unrelated Kims."
477,477-kim-2008,bee-a,bee,Kim & White (2008),2008,manual,crossref,10.1080/10888430701746849,Scaffolding Voluntary Summer Reading for Children in Grades 3 to 5: An Experimental Study,https://doi.org/10.1080/10888430701746849,,,"Kim and White (2008), Scientific Studies of Reading (ERIC EJ785499): 24 teachers and 400 children in grades 3-5 randomized, outcomes ITBS and DIBELS, an exact match to n_max 400, grades, and Kraft's outcome field. Candidates were a polymer handbook and unrelated Kims."
479,479-kim-2006,bee-a,bee,Kim (2006),2006,manual,crossref,10.3102/01623737028004335,Effects of a Voluntary Summer Reading Intervention on Reading Achievement: Results From a Randomized Field Trial,https://doi.org/10.3102/01623737028004335,,,"Kim (2006), Educational Evaluation and Policy Analysis (ERIC EJ759814): 552 fourth graders in 10 schools, ITBS reading, so n 486 is a plausible analytic sample; grade 4 and ITBS/DIBELS match. The 2007 JEP paper is a different study. All five candidates were unrelated engineering and economics Kims."
482,482-kim-2010,bee-a,bee,Kim et al. (2010),2010,auto,crossref,10.1007/s11145-009-9198-2,"A randomized experiment of a mixed-methods literacy intervention for struggling readers in grades 4–6: effects on word reading efficiency, reading comprehension and vocabulary, and oral reading fluency",https://doi.org/10.1007/s11145-009-9198-2,,,api-crossref
483,483-kim-2011,bee-a,bee,Kim et al. (2011),2011,manual,crossref,10.3102/0162373711399148,Can a Mixed-Method Literacy Intervention Improve the Reading Achievement of Low-Performing Elementary School Students in an After-School Program? Results From a Randomized Controlled Trial of READ 180 Enterprise,https://doi.org/10.3102/0162373711399148,,,"Kim, Capotosto, Hartry, and Fitzgerald (2011), EEPA (ERIC EJ927617): 312 students in grades 4-6, outcomes SAT-10 and DIBELS oral reading fluency, matching Kraft's grades 4-6, 'SAT-10, DORF', and n 306. Surname check fails: Kraft's columns (olson, scarcella, kramer, pearson, van dyk) belong to the other Kim et al. (2011), the Pathway Project writing study in JREE (grades 6-12, CST ELA, thousands of students), which fits none of the grade, outcome, or sample fields, so Kraft's author columns look mis-entered for this row. All five candidates were unrelated Kims."
485,485-olson-2012,bee-a,bee,"Kim et al., 2011; Olsen et al., 2012",2012,auto,crossref,10.3102/0002831212439434,Enhancing the Interpretive Reading and Analytical Writing of Mainstreamed English Learners in Secondary School,https://doi.org/10.3102/0002831212439434,,,api-crossref
486,486-kim-2016,bee-a,bee,"Kim et al., 2016",2016,auto,crossref,10.1002/rrq.171,Engaging Struggling Adolescent Readers to Improve Reading Skills,https://doi.org/10.1002/rrq.171,,,api-crossref
506,506-konstantopoulos-2016,bee-a,bee,"Konstantopoulos et al., 2016",2016,manual,crossref,10.1080/19345747.2015.1116031,Effects of Interim Assessments on Student Achievement: Evidence From a Large-Scale Experiment,https://doi.org/10.1080/19345747.2015.1116031,,ED562166 EJ1115334,"BEE elementary math cites Konstantopoulos, Miller, van der Ploeg, and Li (2016), JREE 9(sup1), for its 2016 entry; its table gives 55 schools, 13,944 students, grades 3-6, ISTEP+ +0.13 and a K-2 TerraNova row of 6,249 students at -0.22, both matching Kraft's rows exactly. Kraft's author order (Li second) matches the sibling 2015 EPM and 2016 JER papers (candidates 1 and 2), but BEE's cited study is this one; author order differs from Kraft's. ERIC EJ1115334."
507,507-kozlow-2004,bee-a,bee,"Kozlow and Bellamy, 2004",2004,manual,web,https://educationnorthwest.org/sites/default/files/resources/Student_Achievement_in_Writing.pdf,Experimental Study on the Impact of the 6+1 Trait Writing Model on Student Achievement in Writing,https://educationnorthwest.org/sites/default/files/resources/Student_Achievement_in_Writing.pdf,,,"Kozlow, M., and Bellamy, P. (2004), Northwest Regional Educational Laboratory; BEE writing synthesis (Slavin et al. 2019) table: 1,592 students, grades 3-6, essay outcome, ES +0.04, an exact match to n_max 1,592 and Kraft's ES. Subject check: the outcome is writing, which Kraft filed under Reading. PDF verified at the Education Northwest URL; no ERIC record. All candidates were unrelated."
521,521-lin-2016,bee-a,bee,"Lawrence et al., 2016",2016,auto,crossref,10.1080/00933104.2016.1203852,Assessing Adolescents’ Communicative Self-Efficacy to Discuss Controversial Issues: Findings From a Randomized Study of the Word Generation Program,https://doi.org/10.1080/00933104.2016.1203852,,,api-crossref
526,526-lenard-2019,bee-a,bee,Lenard & Rhea (2019),2019,manual,web,https://www.semanticscholar.org/paper/ae0f69d3032ff5325e289af1fdd5b82faf466f29,Adaptive Math and Student Achievement: Evidence from a Randomized Controlled Trial of DreamBox Learning,https://www.semanticscholar.org/paper/ae0f69d3032ff5325e289af1fdd5b82faf466f29,,,"Lenard, M., and Rhea, A. (2019), paper presented at the SREE spring conference, Washington, DC (also listed on Lenard's CV); BEE elementary math table: 24 schools, 12,467 students (6,084 E, 6,048 C), K-5, Number Knowledge Test +0.12 and NC End-of-Grade +0.03, mean +0.08, an exact match to n_max 12,467, the outcome field, and Kraft's ES. No PDF found (Semantic Scholar record has no open-access file; not in ERIC or on the WCPSS site); candidates were other WCPSS reports."
534,534-little-2014,bee-a,bee,"Little et al., 2014",2014,manual,crossref,10.1177/1932202x14549250,Effects of Differentiated Reading Instruction on Student Achievement in Middle School,https://doi.org/10.1177/1932202x14549250,,,"Little, McCoach, and Reis (2014), Journal of Advanced Academics (ERIC EJ1043639): 4 middle schools, 47 teachers, 2,150 students randomized, grades 6-8; BEE secondary reading table gives 2,028 analytic students, GMRT comprehension +0.10, matching n_max 2,028 and Kraft's ES. The runner-up (Wilson et al. 2014) is a self-concept model, and Reis et al. 2011 is the elementary SEM-R study."
551,551-mie-2015,bee-b,bee,"MIE, 2015",2015,manual,eric,ED581278,Promoting Alternative Thinking Strategies (PATHS): Evaluation Report and Executive Summary,https://eric.ed.gov/?id=ED581278,,,"Kraft's MIE is the Manchester Institute of Education, the EEF evaluator (Humphrey, Barlow, Wigelsworth et al. 2015); the BEE 2018 elementary math table lists MIE (2015) with 45 schools, 2,699 students in Years 5-6 (US grades 4-5), Key Stage 2 math ES +0.03, 0.00, -0.03, an exact match to n_max 2699 and the three effect sizes; resolver candidates were unrelated authors named Mie."
552,552-madden-2011,bee-b,bee,"Madden et al., 2011",2011,unresolved,,,,,,,"No work fits all constraints. The only 2011 publication by Madden, Slavin, Calderon, Chamberlain, and Hennessy is the transitional bilingual education RCT (EEPA 2011, EJ918010; CRRE 2010 report ED539723, Slavin first), but the BEE ELL review gives it 247 students at kindergarten entry and 115 at grade 4 with negative English reading effects, which cannot produce n_max 922 in grades 3-4 with ES 0.17, 0.08, 0.12; no Madden-first 2011 entry appears in the BEE struggling readers (2011, 2019, 2021), elementary reading (2009), ELL (2012), technology-reading (2012), or secondary reading (2019) reference lists; ERIC, Crossref, and OpenAlex searches on the author set return only the TBE study; resolver candidates are the 2011 struggling readers review, a first-grade tutoring study, and a grade 4-5 writing study, none of which fit."
632,632-dumont-2012,bee-b,bee,Newman et al. (2012),2012,manual,eric,ED529587,"Evaluation of the Effectiveness of the Alabama Math, Science, and Technology Initiative (AMSTI). Final Report. NCEE 2012-4008",https://eric.ed.gov/?id=ED529587,,,"Kraft's citation string Newman et al. (2012) is the AMSTI cluster RCT (Newman, Finney, Bell, Turner, Jaciw, Zacamy, Gould), grade 4-8 math with roughly 82 schools, consistent with n_max 9370; the surnames in study-list.csv (Dumont, Trautwein, Ludtke) belong to an unrelated German homework study and look like a parsing error."
662,662-hamm-2019,bee-b,bee,Parker et al. (2019),2019,manual,crossref,10.1080/19345747.2019.1571653,Evaluation of a Math Intervention Program Implemented With Community Support,https://doi.org/10.1080/19345747.2019.1571653,,,"Kraft's citation string Parker et al. (2019) is the JREE Math Corps RCT (Parker, Nelson, Zaslofsky, Kanive, Foegen, Kaiser, Heisted; ServeMinnesota), grade 4-6 math; n_max 284 and ES 0.20 are identical to row 802 ServeMinnesota 2017, the earlier report of the same trial, so Kraft appears to count one trial twice; the study-list surnames (Hamm, Perry, Chipperfield) belong to unrelated motivation papers and look like a parsing error."
694,694-prast-2018,bee-b,bee,Prast et al. (2018),2018,manual,crossref,10.1016/j.learninstruc.2018.01.009,Differentiated instruction in primary mathematics: Effects of teacher professional development on student achievement,https://doi.org/10.1016/j.learninstruc.2018.01.009,,,"Second candidate; the BEE elementary math table lists Prast et al. (2018) with 30 Dutch schools, 3,514 students in grades 1-6, Cito math ES +0.11, exact match to n_max 3514; the top candidate (Prast et al. 2018 in Contemporary Educational Psychology, with Miocevic) is a correlational motivation study, which is where the study-list surname Miocevic comes from."
712,712-ragosta-1983,bee-b,bee,"Ragosta, 1983",1983,manual,eric,EJ290190,Computer-Assisted Instruction and Compensatory Education: A Longitudinal Analysis.,https://eric.ed.gov/?id=EJ290190,,,"Ragosta 1983, Machine-Mediated Learning 1(1); the ETS/LAUSD randomized CAI evaluation in grades 1-6 with CTBS math outcomes, cited in the BEE elementary math (Slavin and Lake 2007) and technology-math reviews; n_max 1440 plausible for the four-school longitudinal sample; other candidates were unrelated Ragosta items."
729,729-reis-2008,bee-b,bee,"Reis, Eckhert, McCoach, Jacobs, and Coyne, 2008",2008,auto,crossref,10.3200/joer.101.5.299-315,"Using Enrichment Reading Practices to Increase Reading Fluency, Comprehension, and Attitudes",https://doi.org/10.3200/joer.101.5.299-315,,,api-crossref
733,733-resendez-2005,bee-b,bee,"Resendez and Manley, 2005",2005,override,override,https://ies.ed.gov/ncee/wwc/Docs/InterventionReports/wwc_sfaw_052913.pdf,"WWC intervention report, Scott Foresman-Addison Wesley Elementary Mathematics, May 2013 (reviews Resendez and Manley 2005)",https://ies.ed.gov/ncee/wwc/Docs/InterventionReports/wwc_sfaw_052913.pdf,,,"Resolution to WWC study 77321 was right, but retrieval followed the WWC page's template link and saved the 2016 ED non-regulatory ESSA evidence guidance PDF. The PRES Associates final report (Resendez and Manley 2005; 35 teachers of second- and fourth-grade students; n 645; TerraNova ES -0.04, -0.21, 0.10) is not online and the PRES Associates site is gone. The WWC intervention report is a substitute, not the cited document: it describes the Resendez and Manley 2005 trial's setting and sample and distinguishes it from the Resendez and Azin 2006 grade 3 and 5 trial. Coders should treat it as secondary. Recorded by hand 2026-09-18."
734,734-resendez-2009,bee-b,bee,"Resendez et al., 2009",2009,unresolved,,,,,,,"Identified but no persistent identifier or URL found: Resendez, Azin, and Strobel 2009, PRES Associates (Jackson, WY); BEE elementary math table lists Resendez et al. (2009) with 44 teachers, 659 students in grades 2-3 and 4-5, MAT and GRADE ES -0.13, +0.06, -0.06, -0.04, exact match to n_max 659 and the four effect sizes; the WWC enVisionMATH report cites it as an additional source for Resendez and Azin 2008."
735,735-resendez-2009,bee-b,bee,"Resendez, 2009",2009,unresolved,,,,,,,"Same report as row 734 (Resendez, Azin, and Strobel 2009): the two-year enVisionMATH RCT's final sample was 708 students (330 treatment, 378 control) per the WWC review, matching n_max 708 and grades 2-5; Kraft therefore appears to have entered this report twice, once with the BEE analytic sample (659) and once with the full two-year sample; the ES 0.35 does not match any BEE table value and should be checked; no DOI, ERIC record, or URL found."
736,736-resendez-2005,bee-b,bee,"Resendez, Azin, and Sridharan, 2005",2005,unresolved,,,,,,,"Identified but no identifier or URL found: PRES Associates 2005 evaluation of Prentice Hall Algebra 1, cited in the BEE middle and high school math review as both Resendez and Azin (2005a) and Resendez and Sridharan (2005a), which explains Kraft's merged author string; table lists 731 students taught by 24 teachers at 7 schools, grades 8-9 with some 10-12, ETS Algebra +0.05, TerraNova Algebra -0.04, unstructured-response test -0.22, exact match to n_max 731 and the effect sizes."
742,742-rimm-kaufman-2014,bee-b,bee,"Rimm-Kaufman et al., 2014",2014,manual,crossref,10.3102/0002831214523821,"Efficacy of the Responsive Classroom Approach: Results From a 3-Year, Longitudinal Randomized Controlled Trial",https://doi.org/10.3102/0002831214523821,,,"Top candidate; AERJ 2014, Rimm-Kaufman, Larsen, Baroody, Curby, Ko, Thomas et al.; 24-school RCT with grade 3-5 math outcomes, sample in the low thousands fits n_max 2904; ES -0.13 consistent with the reported null-to-negative math effect."
744,744-ritter-2000,bee-b,bee,Ritter (2000),2000,manual,web,https://www.proquest.com/openview/a21ec816a85293d8edeade98919b6aca/1,The academic impact of volunteer tutoring in urban public elementary schools: Results of an experimental design evaluation,https://www.proquest.com/openview/a21ec816a85293d8edeade98919b6aca/1,,,"Gary W. Ritter's 2000 University of Pennsylvania dissertation on the West Philadelphia Tutoring Project; the BEE struggling readers table lists Ritter (2000) with 328 students in grades 2-5 and ES -0.11, exact match; no DOI or ERIC record, ProQuest page used as identifier (UPenn repository record AAI9965556 returns 403); resolver candidates were unrelated Ritters."
786,786-schenckjr-2011,bee-b,bee,"Schenck et al., 2011",2011,manual,web,https://www.researchgate.net/publication/228751415_A_study_of_the_impact_of_Project_Lead_the_Way_on_achievement_outcomes_in_Iowa,A study of the impact of Project Lead the Way on achievement outcomes in Iowa,https://www.researchgate.net/publication/228751415_A_study_of_the_impact_of_Project_Lead_the_Way_on_achievement_outcomes_in_Iowa,,,"Working paper dated 29 September 2011 by Schenk Jr., Rethwisch, Chapman, Laanan, Starobin, and Zhang (Iowa Department of Education and Iowa State), matching all six study-list surnames; uses Iowa statewide assessments including reading for middle school PLTW participants, n_max 1295 plausible; no DOI or ERIC record, ResearchGate page is the only stable location found; row 787 is the 2012 conference version of the same evaluation."
787,787-rethwisch-2012,bee-b,bee,"Schenck et al., 2012",2012,manual,crossref,10.18260/1-2--20867,A Study of the Impact of Project Lead The Way on Achievement Outcomes in Iowa,https://doi.org/10.18260/1-2--20867,,,"Second candidate; 2012 ASEE Annual Conference paper by Rethwisch, Chapman Haynes, Starobin, Laanan, and Schenk (Crossref has no year but the conference was 2012), matching the study-list surnames with Rethwisch first while Kraft cites it as Schenck et al.; Iowa PLTW evaluation with ITED reading and math outcomes in grades 7-8, n_max 1269 plausible; the top candidate (Starobin et al. 2013) is about community college pathways."
790,790-schiller-2012,bee-b,bee,"Schiller et al., 2012",2012,manual,eric,ED600883,A Randomized Controlled Trial of the Impact of the Fusion Reading Intervention on Reading Achievement and Motivation for Adolescent Struggling Readers,https://eric.ed.gov/?id=ED600883,,,"SRI International 2012 report by Schiller, Wei, Thayer, Blackorby, Javitz, Williamson; Fusion Reading RCT in grades 6-10 across 7 schools, fits reading subject and n_max 837; ED535544 is the SREE abstract of the same study; the resolver's candidates were other Schiller papers."
800,800-seeetal-2018,bee-b,bee,See et al. (2018),2018,manual,crossref,10.1080/13803611.2019.1686031,Evaluation of the impact of Maths Counts delivered by teaching assistants on primary school pupils' attainment in maths,https://doi.org/10.1080/13803611.2019.1686031,,,"See, Morris, Gorard, and Siddiqui, Educational Research and Evaluation (published 2019; Kraft has 2018, within one year, the EEF report year); ERIC abstract gives 291 Year 3-6 pupils individually randomised in 35 schools with ES +0.12 for maths, matching n_max 291 and grades 3-6; all resolver candidates were unrelated."
802,802-serveminnesota-2017,bee-b,bee,"ServeMinnesota, 2017",2017,manual,web,https://minnesotamathcorps.org/sites/default/files/Math%20Corps%20White%20Paper.pdf,Research brief: Minnesota Math Corps,https://minnesotamathcorps.org/sites/default/files/Math%20Corps%20White%20Paper.pdf,,,"ServeMinnesota 2017 research brief, cited with this URL in the BEE 2018 elementary math review, which lists 284 students (183E, 101C) in grades 4-6 with STAR Math ES +0.20, exact match; this is the same trial later published as Parker et al. 2019 (row 662), so Kraft counts it twice; the URL may no longer resolve."
806,806-shanoski-1986,bee-b,bee,"Shanoski, 1986",1986,unresolved,,,,,,,"Identified but no identifier or URL found: Shanoski 1986, unpublished doctoral dissertation, Indiana University of Pennsylvania, cited in the BEE technology-math review; Slavin and Lake's synthesis describes it as a rural Pennsylvania courseware study in grades 2-6 with 4 schools, 32 classes, and 832 students, exact match to n_max 832; not in ProQuest search results, Crossref, or ERIC."
815,815-simmons-2014,bee-b,bee,"Simmons et al., 2014",2014,manual,crossref,10.1080/19345747.2013.836766,Integrating Content Knowledge-Building and Student-Regulated Comprehension Practices in Secondary English Language Arts Classes,https://doi.org/10.1080/19345747.2013.836766,,,"Top candidate; JREE 2014, Simmons, Fogarty, Oslund, Simmons, Hairrell, Davis et al., matches all six surnames in order; grade 7-10 reading comprehension RCT, n_max 786 plausible; runner-up Fogarty et al. 2014 is the fidelity paper on the same trial with a different first author."
816,816-simon-2011,bee-b,bee,"Simon et al., 2011",2011,manual,eric,ED600938,Chicago Public Schools Striving Readers Initiative: Year Four Evaluation Report,https://eric.ed.gov/?id=ED600938,,,"Simon, Tunik, Alemany, Zhu et al. 2011, Metis Associates; cited in the BEE secondary reading review (Baye et al.) with ES -0.01 for Chicago Striving Readers, a grade 6-8 program across 31 schools, consistent with n_max 8127 as a whole-school sample; the study-list surname Taverniers comes from an unrelated top candidate."
822,822-sivin-kachala-2012,bee-b,bee,"Sivin-Kachala and Bialo, 2012",2012,unresolved,,,,,,,"Identified but no identifier or URL found: Sivin-Kachala and Bialo 2012, Interactive Educational Systems Design (New York); BEE secondary reading table lists 276 students (137E, 139C) in grades 6-8 in one urban New Jersey middle school with ES +0.15, +0.18, +0.20, +0.22, exact match to n_max 276 and four of the six effect sizes; not in ERIC, Crossref, or on Scholastic's site."
825,825-slavin-1984,bee-b,bee,"Slavin and Karweit, 1984",1984,manual,crossref,10.2307/1162997,Mastery Learning and Student Teams: A Factorial Experiment in Urban General Mathematics Classes,https://doi.org/10.2307/1162997,,10.3102/00028312021004725,"Second candidate; AERJ 1984; the WWC review of this study (ED535811) reports 588 ninth-grade general math students in 16 Philadelphia high schools, exact match to n_max 588; the top candidate (ED242559/1985 AERJ) is the grade 3-6 individualization study; note Kraft's grade band 6-12 covers a grade 9 sample."
866,866-sun-2017,bee-b,bee,"Strobel et al., 2017",2017,unresolved,,,,,,,"Identified but no identifier or URL found: Strobel, Resendez, and DuBose 2017, Strobel Consulting (Thayne, WY); BEE elementary math table lists Strobel et al. (2017) with 33 teachers, 495 students (285E, 210C) in grades 1-2 and 4-5, TerraNova ES +0.02, exact match; the study-list surnames (Sun, Strobel, Newby) belong to an unrelated teacher-technology paper and look like a parsing error."
873,873-suppes-2013,bee-b,bee,"Suppes et al., 2013",2013,auto,crossref,10.1080/10627197.2013.814516,Effectiveness of an Individualized Computer-Driven Online Math K-5 Course in Eight California Title I Elementary Schools,https://doi.org/10.1080/10627197.2013.814516,,eric:EJ1023953,api-crossref
898,898-torgerson-2018,bee-b,bee,"Torgerson et al., 2018",2018,override,override,https://d2tic4wvo1iusb.cloudfront.net/production/documents/projects/IPEELL_1.pdf,"Calderdale Excellence Partnership: IPEELL. Evaluation report and executive summary (Education Endowment Foundation, November 2018)",https://d2tic4wvo1iusb.cloudfront.net/production/documents/projects/IPEELL_1.pdf,,,"Resolver accepted the Torgerson, Brooks, Gascoine, and Higgins 2019 phonics tertiary review (10.1080/02671522.2017.1420816), a review, not a trial. Kraft's eight BEE rows (KS2 reading, writing, spelling, and maths; n 2,465 for the one-year trial and 2,196 for the two-year trial; Years 5-6, US grades 4-5; ES 0.11 to -0.30) are the EEF IPEELL re-grant evaluation, Torgerson, Ainsworth, Bell, Elliott, Fountain, Gascoine, Hewitt, Kasim, Kokotsaki, and Torgerson, November 2018, whose summary table reports exactly those sample sizes. PDF on the EEF file host. Corrected by hand 2026-09-18."
942,942-sullivan-2015,bee-b,bee,"Vaden-Kiernan et al., 2015",2015,manual,eric,ED567630,Findings from a Multi-Year Scale-up Effectiveness Trial of Everyday Mathematics,https://eric.ed.gov/?id=ED567630,,,"SREE 2015 paper, Vaden-Kiernan, Borman, Caverly, Bell, Ruiz de Castilla, Sullivan, Rodriguez; K-5 math scale-up RCT of Everyday Mathematics, large multi-district sample fits n_max 4467 and ES -0.01; ED562455 is the preliminary version; the study-list surnames (Sullivan, Bell, Jones, Caverly) list later authors first, and Jones is not on this version."
945,945-vandusen-1994,bee-b,bee,"VanDusen and Worthen, 1994",1994,manual,crossref,10.1016/0883-0355(94)90020-5,The impact of integrated learning system implementation on student outcomes: Implications for research and evaluation,https://doi.org/10.1016/0883-0355(94)90020-5,,,"Van Dusen and Worthen 1994, International Journal of Educational Research 21(1); ILS evaluation in elementary schools with math outcomes (cited in the BEE elementary math CAI section), consistent with K-6 math and n_max 4612; resolver candidates were unrelated Worthen items."
948,948-vaughan-2006,bee-b,bee,"Vaughan, Serido, and Wilhelm, 2006",2006,unresolved,,,,,,,"Identified but no identifier or URL found: Vaughan, Serido, and Wilhelm 2006, Arizona Board of Regents (Phoenix); BEE upper elementary reading review table lists a randomized study in 4 schools in 3 states with 284 students (127E, 157C) in grades 2-4, ES +0.24 and +0.22, exact match to n_max 284 and both effect sizes; not in ERIC or Crossref."
952,952-vaughn-2019,bee-b,bee,Vaughn et al. (2019),2019,auto,crossref,10.1037/edu0000289,Efficacy of a high school extensive reading intervention for English learners with reading difficulties.,https://doi.org/10.1037/edu0000289,,,api-crossref
953,953-vaughn-2011,bee-b,bee,"Vaughn et al., 2011",2011,auto,crossref,10.3102/0002831211410305,Efficacy of Collaborative Strategic Reading With Middle School Students,https://doi.org/10.3102/0002831211410305,,,api-crossref
970,970-wang-2011,bee-b,bee,"Wang and Woodworth, 2011b",2011,manual,eric,ED528686,A Randomized Controlled Trial of Two Online Mathematics Curricula,https://eric.ed.gov/?id=ED528686,,,"Wang and Woodworth 2011b, SREE 2011 paper (SRI International) covering DreamBox in K-1 and Reasoning Mind in grades 2-5 at Rocketship schools; BEE elementary math table lists the 2011b grade 2-5 arm with 651 students (521E, 130C) and NWEA ES -0.02, -0.05, +0.01, -0.08, +0.11, -0.02, matching n_max 651 and all six effect sizes; 2011a is the separate DreamBox report."
974,974-wanzek-2017,bee-b,bee,Wanzek et al. (2017),2017,override,override,ED581509,Effects of a Year Long Supplemental Reading Intervention for Students with Reading Difficulties in Fourth Grade,https://eric.ed.gov/?id=ED581509,,,"Resolver accepted Petscher et al. 2017 on reading mindset (10.1080/10888438.2017.1313846) and retrieval then matched ERIC ED604029 by title. Kraft's BEE row (Wanzek, Petscher, Al Otaiba, Rivas, Jones, Kent 2017; reading; n 451; grade 4; ES 0.12) is Wanzek et al. 2017, Journal of Educational Psychology 109(8), DOI 10.1037/edu0000184, a year-long RCT of a supplemental reading intervention for fourth graders with reading difficulties. ERIC ED581509 is the author manuscript with full text (journal record EJ1160638). Corrected by hand 2026-09-18."
999,999-wijekumar-2009,bee-b,bee,"Wijekumar, 2009",2009,manual,eric,ED507314,A Multisite Cluster Randomized Trial of the Effects of CompassLearning Odyssey Math on the Math Achievement of Selected Grade 4 Students in the Mid-Atlantic Region. Final Report. NCEE 2009-4068,https://eric.ed.gov/?id=ED507314,,,"Top candidate; Wijekumar, Hitchcock, Turner, Lei, Peck 2009 grade 4 math RCT with about 2,456 students, exact match for n_max 2456 and ES 0.02; runner-ups are Wijekumar reading and technology pieces."
1029,1029-ysseldkye-2006,bee-b,bee,"Ysseldkye and Bolt, 2006",2006,manual,crossref,10.1080/02796015.2007.12087933,Effect of Technology-Enhanced Continuous Progress Monitoring on Math Achievement,https://doi.org/10.1080/02796015.2007.12087933,,,"Ysseldyke and Bolt, School Psychology Review 2007 (Kraft has 2006 and misspells Ysseldkye); classroom-randomized Accelerated Math progress monitoring trial with standardized math tests, n_max 1000 plausible; year within one; resolver candidates were unrelated Bolt items."
49,49-barlow-2015,eef,eef,"Barlow, Wigelsworth, Lendrum, Pert, Joyce, Stephens, Wo, Squires, Woods, Calam, Harrison, Turner, Humphrey, 2015",2015,auto,crossref,10.1016/j.jsp.2016.07.002,A cluster randomized controlled trial of the Promoting Alternative Thinking Strategies (PATHS) curriculum,https://doi.org/10.1016/j.jsp.2016.07.002,,,api-crossref
112,112-boylan-2018,eef,eef,"Boylan, Demack, Wolstenholme, Reidy, Reaney-Wood, 2018",2018,manual,eef,https://d2tic4wvo1iusb.cloudfront.net/production/documents/projects/ScratchMaths.pdf,ScratchMaths: Evaluation Report and Executive Summary,https://d2tic4wvo1iusb.cloudfront.net/production/documents/projects/ScratchMaths.pdf,,,"EEF report (Sheffield Hallam, December 2018); evaluators Boylan, Demack, Wolstenholme, Reidy, Reaney-Wood match Kraft's five surnames exactly; KS2 maths outcome, Years 5-6; report gives n = 5,818 ITT and 1,632 FSM, matching n 1632-5818. The 2019 Mathematics Teacher Exchange candidate rejected (different author set, no pupil trial)"
206,206-craig-2013,eef,eef,"Craig (2013), The impact of a technology-based mathematics after-school program using ALEKS on student's knowledge and behaviors",2013,auto,crossref,10.1016/j.compedu.2013.06.010,The impact of a technology-based mathematics after-school program using ALEKS on student's knowledge and behaviors,https://doi.org/10.1016/j.compedu.2013.06.010,,,api-crossref
213,213-culliney-2019,eef,eef,"Culliney, Moore, Coldwell, Demack, 2019",2019,manual,eef,https://d2tic4wvo1iusb.cloudfront.net/production/documents/projects/Integrating_English.pdf,Integrating English: Evaluation Report,https://d2tic4wvo1iusb.cloudfront.net/production/documents/projects/Integrating_English.pdf,,,"EEF report (Sheffield Hallam, September 2019) by Culliney, Moore, Coldwell, Demack; Years 5-6 KS2 writing and reading outcomes; report gives n = 3,607 (ES -0.05) and 1,291 (ES +0.01), matching n 1291-3607 and es_list"
253,253-dynarski-2007,eef,eef,"Dynarski et al., 2007",2007,auto,eric,ED496015,Effectiveness of Reading and Mathematics Software Products: Findings from the First Student Cohort. Report to Congress,https://eric.ed.gov/?id=ED496015,https://files.eric.ed.gov/fulltext/ED496015.pdf,,api-eric
373,373-gorard-2016,eef,eef,"Gorard, See, Siddiqui, Smith, White, 2016",2016,manual,eric,ED581107,Youth Social Action Trials: Youth United. Evaluation Report and Executive Summary,https://eric.ed.gov/?id=ED581107,,,"EEF report by Gorard, See, Siddiqui, Smith, White (2016); Year 9 (grade 8) trial; report tables give n = 3,170 with ES -0.09 for both English and maths, matching n_max 3170 and es_list -0.09;-0.09"
374,374-gorard-2014,eef,eef,"Gorard, Siddiqui, See, 2014",2014,manual,eric,ED581128,Future Foundations: Evaluation Report and Executive Summary,https://eric.ed.gov/?id=ED581128,,,"EEF report by Gorard, Siddiqui, See (2014); Years 5-6 summer school; report gives n = 310 for English (ES +0.17) and 306 for maths (ES 0.00), matching n 306-310 and es_list 0.00;0.17"
375,375-gorard-2015,eef,eef,"Gorard, Siddiqui, See, 2015",2015,manual,eric,ED581147,Philosophy for Children: Evaluation Report and Executive Summary,https://eric.ed.gov/?id=ED581147,,,"EEF report by Gorard, Siddiqui, See (2015); Years 4-5; report gives n = 1529 overall and 498 FSM pupils, matching n 498-1529; ES list (0.10 maths, 0.03 writing, FSM 0.29/0.20/0.17) matches es_list"
376,376-gorard-2017,eef,eef,"Gorard, Siddiqui, See,Smith, White, 2017",2017,manual,eric,ED581159,Children's University: Evaluation Report and Executive Summary,https://eric.ed.gov/?id=ED581159,,,"EEF report by Gorard, Siddiqui, See, Smith, White (2017); Years 5-6; report gives n = 1,231 (KS2 maths ES 0.15, reading 0.12) and 493 EverFSM (reading 0.03), matching n 493-1231 and es_list"
411,411-hodgen-2019,eef,eef,"Hodgen, Adkins, Ainsworth, Evans, 2019",2019,manual,eef,https://d2tic4wvo1iusb.cloudfront.net/production/documents/projects/Catch_Up_Numeracy.pdf,Catch Up Numeracy: Evaluation Report and Executive Summary,https://d2tic4wvo1iusb.cloudfront.net/production/documents/projects/Catch_Up_Numeracy.pdf,,,"EEF effectiveness-trial report (February 2019) by Hodgen, Adkins, Ainsworth, Evans; maths outcome; report gives n = 1481 (ES -0.04) and 551 FSM (ES -0.14), matching n 551-1481 and es_list. Note the same cloudfront filename once served the 2014 NFER report; the file fetched today is the 2019 one. The 2022 journal article candidate is the later write-up"
422,422-humphrey-2020,eef,eef,"Humphrey, Squires, Choudry, Byrne, Demkowicz, Troncoso, Wo, 2020.",2020,auto,openalex,10.13140/rg.2.2.18956.33920,Achievement for All Evaluation Report,https://research.manchester.ac.uk/en/publications/db6de561-5c3b-4859-9496-fca3bdfde546,https://research.manchester.ac.uk/en/publications/db6de561-5c3b-4859-9496-fca3bdfde546,,api-openalex
425,425-husain-2016,eef,eef,"Husain, Jabin, Haywood, Kasim, Paylor, 2016",2016,auto,eric,ED581143,Parent Academy: Evaluation Report and Executive Summary,https://eric.ed.gov/?id=ED581143,https://files.eric.ed.gov/fulltext/ED581143.pdf,,api-eric
443,443-jay-2017,eef,eef,"Jay, Willis, Thomas, Taylor, Moore, Burnett, Merchant, Stevens, 2017",2017,auto,openalex,https://openalex.org/W2768481422,Dialogic Teaching : Evaluation Report and Executive Summary,http://shura.shu.ac.uk/17014/1/Dialogic_Teaching_Evaluation_Report.pdf,http://shura.shu.ac.uk/17014/1/Dialogic_Teaching_Evaluation_Report.pdf,,api-openalex
447,447-jerrim-2016,eef,eef,"Jerrim, Macmillan, Micklewright, Sawtell, Wiggins, 2016",2016,auto,crossref,10.3368/jhr.53.4.0516.7952r,Does Teaching Children How to Play Cognitively Demanding Games Improve Their Educational Attainment?,https://doi.org/10.3368/jhr.53.4.0516.7952r,,,api-crossref
481,481-kim-2008,eef,eef,"Kim (2008), Scaffolding Voluntary Summer Reading for Children in Grades 3 to 5: An Experimental Study",2008,manual,crossref,10.1080/10888430701746849,Scaffolding Voluntary Summer Reading for Children in Grades 3 to 5: An Experimental Study,https://doi.org/10.1080/10888430701746849,,,"Kim and White (2008), Scientific Studies of Reading; Kraft's citation carries the title; 400 children in grades 3-5 randomized, ITBS reading outcome, matching n_max 400 and Reading. Not an EEF report despite the source tag"
536,536-lloyd-2015,eef,eef,"Lloyd, Edovald, Kiss, Morris, Skipp, Ahmed, 2015",2015,auto,openalex,https://openalex.org/W2903262520,Paired Reading: Evaluation report and Executive summary,https://dera.ioe.ac.uk//31487/1/Paired_Reading.pdf,https://dera.ioe.ac.uk//31487/1/Paired_Reading.pdf,,api-openalex
537,537-lloyd-2015,eef,eef,"Lloyd, Edovald, Morris, Kiss, Skipp, Haywood, 2015",2015,override,override,https://d2tic4wvo1iusb.cloudfront.net/production/documents/projects/shared_maths_-_evaluation_report_v.1.1.0.pdf,Durham Shared Maths Project: Evaluation report and Executive summary,https://d2tic4wvo1iusb.cloudfront.net/production/documents/projects/shared_maths_-_evaluation_report_v.1.1.0.pdf,,,"Resolver auto-accepted the same authors' 2016 methods essay in Educational Research and Evaluation (10.1080/13803611.2016.1259113); Kraft's row (math, grades 2 and 4, n about 2,700, EEF source) is the July 2015 EEF evaluation report of the Durham Shared Maths cluster RCT (82 schools, four local authorities). Corrected by hand 2026-09-18; PDF fetched from the EEF file host."
592,592-menzies-2016,eef,eef,"Menzies, Kasim, Kokotsaki, Hewitt, Akhter, Collyer, Younger, Wiggins, Torgerson, 2016",2016,auto,eric,ED581257,Project Based Learning: Evaluation Report and Executive Summary,https://eric.ed.gov/?id=ED581257,https://files.eric.ed.gov/fulltext/ED581257.pdf,,api-eric
595,595-mertes-2013,eef,eef,"Mertes (2013), A Mathematics Education Comparative Analysis of ALEKS Technology and Direct Classroom Instruction",2013,auto,eric,ED556586,A Mathematics Education Comparative Analysis of ALEKS Technology and Direct Classroom Instruction,https://eric.ed.gov/?id=ED556586,,,api-eric
607,607-miller-2016,eef,eef,"Miller, Davison, Yohanis, Sloan, Gildea, Thurston, 2016",2016,manual,eric,ED581121,Texting Parents: Evaluation Report and Executive Summary,https://eric.ed.gov/?id=ED581121,,,"EEF report by Miller, Davison, Yohanis, Sloan, Gildea, Thurston (report dated 2016, ERIC year 2017); Years 7, 9, 11; report gives n = 5,376 English and 5,613 maths, matching n 5376-5613"
653,653-ohare-2019,eef,eef,"O‚ÄôHare, Stark, Cockerill, Lloyd, McConnellogue, Gildea, Biggart, Connolly, Bower, 2019",2019,manual,eef,https://d2tic4wvo1iusb.cloudfront.net/production/documents/projects/Reciprocal_Reading.pdf,Reciprocal Reading: Evaluation Report,https://d2tic4wvo1iusb.cloudfront.net/production/documents/projects/Reciprocal_Reading.pdf,,,"EEF report (Queen's University Belfast, September 2019) by O'Hare, Stark, Cockerill, Lloyd, McConnellogue, Gildea, Biggart, Connolly, Bower, matching all nine surnames; reading outcomes, ages 8-11; report gives n = 3198 (universal) and 1270 (targeted), matching n 1270-3198. The 2018 protocol and 2023 BJEP article candidates are the protocol and journal versions"
741,741-rienzo-2016,eef,eef,"Rienzo, Rolfe, Wilkinson, 2016",2016,manual,eric,ED581274,Powerful Learning Conversations: Evaluation Report and Executive Summary,https://eric.ed.gov/?id=ED581274,,,"EEF report by Rienzo, Rolfe, Wilkinson (2016); Year 9 (grade 8) English and maths; report gives n = 1,722 and 276, matching n 276-1722. Changing Mindsets (ED581132) rejected: Year 5 pupils and 2015"
761,761-roy-2019,eef,eef,"Roy, Rutt, Buchanan, Rennie, Martin, Walker, 2019",2019,manual,eef,https://d2tic4wvo1iusb.cloudfront.net/production/documents/projects/Catch_Up_Literacy.pdf,Catch Up Literacy: Evaluation Report and Executive Summary,https://d2tic4wvo1iusb.cloudfront.net/production/documents/projects/Catch_Up_Literacy.pdf,,,"EEF report (NFER, February 2019) by Roy, Rutt, Buchanan, Rennie, Martin, Walker; reading outcome; report gives n = 1,006 (ES 0.01) and 494 FSM (ES 0.10), matching n 494-1006 and es_list 0.01;0.10"
762,762-roy-2019,eef,eef,"Roy, Rutt, Easton, Sims, Bradshaw, McNamara, 2019",2019,manual,eef,https://d2tic4wvo1iusb.cloudfront.net/production/documents/projects/Stop_and_Think.pdf,Stop and Think: Learning Counterintuitive Concepts. Evaluation Report,https://d2tic4wvo1iusb.cloudfront.net/production/documents/projects/Stop_and_Think.pdf,,,"EEF report (NFER, September 2019) by Roy, Rutt, Easton, Sims, Bradshaw, McNamara, matching all six surnames; Years 3 and 5 maths and science; report gives maths n = 2,702 with ES 0.09, matching n_max 2702 and es_list"
765,765-rudd-2017,eef,eef,"Rudd, Villaneuva Aguilera, Elliott, Chambers, 2017",2017,auto,eric,ED581151,MathsFlip: Flipped Learning. Evaluation Report and Executive Summary,https://eric.ed.gov/?id=ED581151,https://files.eric.ed.gov/fulltext/ED581151.pdf,,api-eric
801,801-see-2018,eef,eef,"See, Morris, Gorard, Siddiqui, 2018",2018,manual,eef,https://d2tic4wvo1iusb.cloudfront.net/production/documents/projects/Maths_Counts.pdf,Maths Counts: Evaluation Report and Executive Summary,https://d2tic4wvo1iusb.cloudfront.net/production/documents/projects/Maths_Counts.pdf,,,"EEF report (Durham, November 2018) by See, Morris, Gorard, Siddiqui, matching surnames and year; KS2 maths catch-up; report gives n = 291 with ES +0.12, matching n_max 291 and es_list. The 2019 journal version (EJ1239263, doi 10.1080/13803611.2019.1686031) is the same trial but Kraft's 2018 date points to the report"
876,876-sutherland-2019,eef,eef,"Sutherland, Broeks, Sim, Brown, Iakovidou, Ilie, Jarke, Belanger, 2019",2019,auto,crossref,10.7249/rr4208,Evaluation of a Technology-based Intervention for Reading in UK Classroom Settings,https://doi.org/10.7249/rr4208,,,api-crossref
888,888-thurston-2016,eef,eef,"Thurston, 2016",2016,manual,eric,ED581531,Talk of the Town: Evaluation Report and Executive Summary,https://eric.ed.gov/?id=ED581531,,,"EEF report by Thurston (May 2016), sole author matching Kraft's single surname; reading (NGRT) outcomes; report gives n = 2696 (ES -0.03) and 292 (ES 0.11), matching n 292-2696 and es_list"
896,896-torgerson-2018,eef,eef,Torgerson et al. (2018),2018,manual,eef,https://d2tic4wvo1iusb.cloudfront.net/production/documents/projects/IPEELL_1.pdf,Calderdale Excellence Partnership: IPEELL. Evaluation Report and Executive Summary,https://d2tic4wvo1iusb.cloudfront.net/production/documents/projects/IPEELL_1.pdf,,,"EEF report (Durham and York, November 2018) by Torgerson, Ainsworth, Bell, Elliott, Fountain, Gascoine, Hewitt, Kasim, Kokotsaki, Torgerson; Kraft's shorter author list is a subset; Trial 1 (Year 6) analysis n = 2196 with ES 0.11 matches n_max 2196. Same report as study 899 (Kraft split the two trials)"
899,899-torgerson-2018,eef,eef,"Torgerson, Ainsworth, Bell, Elliott, Fountain, Gascoine, Hewitt, Kasim, Kokotsaki, Torgerson, 2018",2018,manual,eef,https://d2tic4wvo1iusb.cloudfront.net/production/documents/projects/IPEELL_1.pdf,Calderdale Excellence Partnership: IPEELL. Evaluation Report and Executive Summary,https://d2tic4wvo1iusb.cloudfront.net/production/documents/projects/IPEELL_1.pdf,,,"EEF report (Durham and York, November 2018); author list matches Kraft's ten surnames exactly; Trial 2 (Years 5-6) n = 2465 (ES -0.09) and 811 FSM (ES 0.14) match n 811-2465 and es_list. Same report as study 896"
947,947-vaughan-2006,eef,eef,"Vaughan, Serido, & Wilhelm, 2006",2006,unresolved,,,,,,,"Citation identified as Vaughan, J., Serido, J., and Wilhelm, M. (2006), The effects of My Reading Coach on reading achievement of elementary education students, Phoenix, AZ: Arizona Board of Regents (unpublished report cited in Slavin et al. 2009 BEE synthesis, ERIC ED527637). No DOI, ERIC record, or hosted copy found (WWC 2007 intervention report lists no eligible study), so the n_max 284 and grades 2-4 could not be checked against the source. Same study as 1069. Not an EEF report despite the source tag"
949,949-vaughn-2011,eef,eef,"Vaughn (2011), 'Efficacy of Collaborative Strategic Reading with Middle School Students'",2011,auto,crossref,10.3102/0002831211410305,Efficacy of Collaborative Strategic Reading With Middle School Students,https://doi.org/10.3102/0002831211410305,,,api-crossref
992,992-wigelsworth-2018,eef,eef,"Wigelsworth, Squires, Birchinall, Kalambouka, Lendrum, Black, Troncoso, Santos, Ashworth, Britteon, 2018",2018,override,override,https://pure.manchester.ac.uk/ws/files/82889819/FRIENDS.pdf,FRIENDS for Life: Evaluation report and executive summary,https://pure.manchester.ac.uk/ws/files/82889819/FRIENDS.pdf,,,"Resolver fetched the EEF Good Behaviour Game report (Humphrey et al. 2018, Year 3). Kraft's surnames (Wigelsworth, Squires, Birchinall, Kalambouka, Lendrum, Black, Troncoso, Santos, Ashworth, Britteon) are the FRIENDS for Life evaluation team (EEF 2018, Year 5, n about 1,500). Found by the reliability recoder 2026-09-18; PDF on the Manchester repository."
994,994-wiggins-2019,eef,eef,"Wiggins, Jerrim, Tripney, Khatwa, Gough, 2019",2019,manual,eef,https://discovery.ucl.ac.uk/id/eprint/10115663/1/RISE_Report_final.pdf,The RISE Project: Evidence-informed School Improvement. Evaluation Report,https://discovery.ucl.ac.uk/id/eprint/10115663/1/RISE_Report_final.pdf,,,"EEF report (UCL Institute of Education, May 2019) by Wiggins, Jerrim, Tripney, Khatwa, Gough, matching all five surnames; Years 10-11 maths and English; report gives n = 6814 maths (ES 0.09) and 6639 English (ES 0.03), matching n 6639-6814 and es_list. URL is the UCL Discovery copy; the EEF cloudfront filename was not found"
995,995-wiggins-2017,eef,eef,"Wiggins, Sawtell, Jerrim, 2017",2017,auto,crossref,10.3368/jhr.53.4.0516.7952r,Does Teaching Children How to Play Cognitively Demanding Games Improve Their Educational Attainment?,https://doi.org/10.3368/jhr.53.4.0516.7952r,,,api-crossref
1040,1040-campuzano-2009,eef,eef,"campuzano et al., 2009",2009,manual,eric,ED504657,Effectiveness of Reading and Mathematics Software Products: Findings From Two Student Cohorts. NCEE 2009-4041,https://eric.ed.gov/?id=ED504657,,,"Campuzano, Dynarski, Agodini, Rall (2009) NCEE report; grades 1 and 4 reading products; the report's grade 4 Academy of Reading sample is 899 students, matching n_max 899. Not an EEF report despite the source tag; the 2010 journal article candidate is a later write-up"
1044,1044-dynarski-2008,eef,eef,"dynarski et al., 2008",2008,auto,eric,ED504657,Effectiveness of Reading and Mathematics Software Products: Findings From Two Student Cohorts. NCEE 2009-4041,https://eric.ed.gov/?id=ED504657,https://files.eric.ed.gov/fulltext/ED504657.pdf,,api-eric
1062,1062-rouse-2004,eef,eef,"rouse and krueger, 2004",2004,auto,crossref,10.3386/w10315,"Putting Computerized Instruction to the Test: A Randomized Evaluation of a ""Scientifically-based"" Reading Program",https://doi.org/10.3386/w10315,,crossref:10.1016/j.econedurev.2003.10.005 eric:EJ730375,api-crossref
1069,1069-vaughn-2006,eef,eef,"vaughn, serido, and wilhelm, 2006",2006,unresolved,,,,,,,"Duplicate of study 947 (Kraft spells the first author vaughn here): Vaughan, Serido, and Wilhelm (2006), My Reading Coach report, Arizona Board of Regents. No persistent identifier or hosted copy found; n_max 284 and grades 2-4 unchecked. Not an EEF report despite the source tag"
1,1-abdulkadiroglu-2011,fryer-a,fryer,"Abdulkadiroglu et al., 2011",2011,auto,crossref,10.1093/qje/qjr017,Accountability and Flexibility in Public Schools: Evidence from Boston's Charters And Pilots,https://doi.org/10.1093/qje/qjr017,,,fryer-reflist+crossref
19,19-abdulkadiroglu-2011,fryer-a,fryer,"Angrist et al., 2011",2011,auto,crossref,10.1093/qje/qjr017,Accountability and Flexibility in Public Schools: Evidence from Boston's Charters And Pilots,https://doi.org/10.1093/qje/qjr017,,,fryer-reflist+crossref
53,53-barrow-2009,fryer-a,fryer,"Barrow et al, 2009",2009,manual,crossref,10.1257/pol.1.1.52,Technology's Edge: The Educational Benefits of Computer-Aided Instruction,https://doi.org/10.1257/pol.1.1.52,,10.3386/w14240 10.2139/ssrn.1083781,"Fryer Appendix Table: Barrow et al. 2009, 3 districts, 17 schools, N = 3,451, math outcome; Kraft n_max 3451 matches. Authors Barrow, Markman, Rouse match Kraft's order. Chose the 2009 AEJ: Economic Policy article over the 2008 NBER w14240 candidate because Kraft's year is 2009."
76,76-bettinger-2012,fryer-a,fryer,"Bettinger, 2012",2012,auto,crossref,10.1162/rest_a_00217,Paying to Learn: The Effect of Financial Incentives on Elementary School Test Scores,https://doi.org/10.1162/rest_a_00217,,,fryer-reflist+crossref
82,82-bifulco-2009,fryer-a,fryer,"Bifulco et al., 2009",2009,auto,crossref,10.3102/0162373709340917,Can Interdistrict Choice Boost Student Achievement? The Case of Connecticut’s Interdistrict Magnet School Program,https://doi.org/10.3102/0162373709340917,,,fryer-reflist+crossref
88,88-black-2009,fryer-a,fryer,"Black et al., 2009",2009,manual,eric,ED506725,The Evaluation of Enhanced Academic Instruction in After-School Programs: Final Report. NCEE 2009-4077,https://eric.ed.gov/?id=ED506725,,,"Fryer Appendix Table: Black et al. 2009, 27 schools, N = 1,218, grades 2-5, math and reading; Kraft n_max 1218 matches. ERIC authors Black, Somers, Doolittle, Unterman, Grossman match Kraft's five surnames in order. None of the resolver's candidates was right."
95,95-borman-2008,fryer-a,fryer,"Borman et al., 2008",2008,auto,crossref,10.3102/0162373708326283,A Multisite Cluster Randomized Field Trial of Open Court Reading,https://doi.org/10.3102/0162373708326283,,,api-crossref
106,106-bosetal-2012,fryer-a,fryer,"Bos et al., 2012",2012,manual,eric,ED529843,Evaluation of Quality Teaching for English Learners (QTEL) Professional Development. Final Report. NCEE 2012-4005,https://eric.ed.gov/?id=ED529843,,,"Fryer Appendix Table: Bos et al. 2012, 8 districts, 52 schools, 303 teachers, N = 8,720, grades 6-8, ELA outcome; Kraft n_max 8720 matches. ERIC first author Bos, Johannes M., 2012. Kraft recorded only 'bos et al.' as the surname field. None of the resolver's candidates was right."
116,116-brandt-2013,fryer-a,fryer,"Brandt et al., 2013",2013,manual,web,https://emints.org/wp-content/uploads/2022/03/The-Impact-of-eMINTS-Professional-Development-on-Teacher-Instruction-and-Student-Achievement-%E2%80%93-Year-1-Report-January-2013.pdf,The Impact of eMINTS Professional Development on Teacher Instruction and Student Achievement: Year 1 Report,https://emints.org/wp-content/uploads/2022/03/The-Impact-of-eMINTS-Professional-Development-on-Teacher-Instruction-and-Student-Achievement-%E2%80%93-Year-1-Report-January-2013.pdf,,,"Fryer Appendix Table: Brandt et al. 2013, 60 schools, 191 teachers, N = 3,610, grades 7-8, Missouri; the January 2013 AIR Year 1 report (Brandt, Meyers, Molefe) states 191 teachers and 3,610 grade 7-8 students, so n_max 3610 matches. No DOI or ERIC record for the 2013 report; the Crossref candidate 10.3102/0162373716638446 is the 2016 EEPA article on the same trial with a different author order (Meyers, Molefe, Brandt) and later-year sample, so it was not chosen."
137,137-campbell-2011,fryer-a,fryer,"Campbell and Malkus, 2011",2011,auto,crossref,10.1086/657654,The Impact of Elementary Mathematics Coaches on Student Achievement,https://doi.org/10.1086/657654,,,api-crossref
144,144-cantrell-2008,fryer-a,fryer,"Cantrell et al., 2008",2008,auto,crossref,10.3386/w14608,National Board Certification and Teacher Effectiveness: Evidence from a Random Assignment Experiment,https://doi.org/10.3386/w14608,,eric:ED503841,api-crossref
150,150-carlson-2011,fryer-a,fryer,"Carlson et al., 2011",2011,auto,crossref,10.3102/0162373711412765,A Multistate District-Level Cluster Randomized Trial of the Impact of Data-Driven Reform on Reading and Mathematics Achievement,https://doi.org/10.3102/0162373711412765,,,fryer-reflist+crossref
168,168-clark-2013,fryer-a,fryer,"Clark et al., 2013",2013,auto,crossref,10.1002/pam.21958,Supplying Disadvantaged Schools with Effective Teachers: Experimental Evidence on Secondary Math Teachers from Teach For America,https://doi.org/10.1002/pam.21958,,,fryer-reflist+crossref
184,184-cole-1992,fryer-a,fryer,"Cole, 1992",1992,unresolved,,,,,,,"Fryer Appendix Table: Cole 1992, 1 school, 12 teachers, N = 268, grade 4, Mississippi, math and reading; Kraft n_max 268 matches. Study identified as a 1992 University of Mississippi doctoral dissertation (Cole, D. C.; UMI 9232258, as cited by Kennedy 2016), but no DOI, ERIC record, or URL was found in Crossref, ERIC, or the web; OpenAlex was rate-limited. None of the resolver's candidates is this study."
193,193-constantine-2009,fryer-a,fryer,"Constantine et al, 2009",2009,auto,fryer,,"Constantine, Jill, Daniel Player, Tim Silva, Kristin Hallgren, Mary Grider, and John Deke. 2009. “An Evaluation of Teachers Trained Through Different Routes to Certification.” Washington, D.C.: Na- tional Center for Education Evaluation and Regional Assistance.",,,,fryer-reflist
195,195-cook-1999,fryer-a,fryer,"Cook et al, 1999",1999,auto,crossref,10.2307/1163550,"Comer's School Development Program in Prince George's County, Maryland: A Theory-Based Evaluation",https://doi.org/10.2307/1163550,,crossref:10.3102/00028312036003543,api-crossref
202,202-courtney-2008,fryer-a,fryer,"Courtney et al., 2008",2008,auto,crossref,10.1037/e659832010-001,"Evaluation of the Early Start to Emancipation Preparation -Tutoring Program Los Angeles County, California: Final Report",https://doi.org/10.1037/e659832010-001,,,fryer-reflist+crossref
203,203-cowen-2008,fryer-a,fryer,"Cowen, 2008",2008,manual,crossref,10.1111/j.1541-0072.2008.00268.x,"School Choice as a Latent Variable: Estimating the ""Complier Average Causal Effect"" of Vouchers in Charlotte",https://doi.org/10.1111/j.1541-0072.2008.00268.x,,,"Fryer Appendix Table: Cowen 2008, N = 1,143, grades 2-8, Charlotte NC, math and reading; Kraft n_max 1143 matches. Policy Studies Journal 36(2), 2008, sole author Cowen. None of the resolver's candidates was right."
212,212-cullen-2006,fryer-a,fryer,"Cullen et al., 2006",2006,auto,crossref,10.1111/j.1468-0262.2006.00702.x,The Effect of School Choice on Participants: Evidence from Randomized Lotteries,https://doi.org/10.1111/j.1468-0262.2006.00702.x,,,fryer-reflist+crossref
237,237-dobbie-2011,fryer-a,fryer,"Dobbie and Fryer, 2011",2011,auto,crossref,10.1257/app.3.3.158,Are High-Quality Schools Enough to Increase Achievement Among the Poor? Evidence from the Harlem Children's Zone,https://doi.org/10.1257/app.3.3.158,,,fryer-reflist+crossref
273,273-fairlie-2013,fryer-a,fryer,"Fairlie and Robinson, 2013",2013,auto,crossref,10.1257/app.5.3.211,Experimental Evidence on the Effects of Home Computers on Academic Achievement among Schoolchildren,https://doi.org/10.1257/app.5.3.211,,,fryer-reflist+crossref
297,297-fryer-2015,fryer-a,fryer,"Fryer et al., 2015",2015,override,override,https://www.nber.org/system/files/working_papers/w18237/w18237.pdf,Enhancing the Efficacy of Teacher Incentives Through Loss Aversion: A Field Experiment (NBER Working Paper 18237),https://www.nber.org/system/files/working_papers/w18237/w18237.pdf,,,"Resolver accepted Fryer, Levitt, and List 2015, Parental Incentives and Early Childhood Achievement (NBER w21477), which is the source of only the four prekindergarten rows (n 257) that Kraft folded into study 297. The two benchmark-cell rows (math, n 2,150, grades K-8, ES 0.10 and 0.20; the PPVT label on those rows is a carry-over from the prek rows) come from Fryer's reference 105, Fryer, Levitt, List, and Sadoff 2015, the Chicago Heights teacher-incentive experiment in nine K-8 schools, whose analysis samples are 2,144 to 2,347 students. NBER w18237 PDF (DOI 10.3386/w18237; published later in AEJ: Economic Policy). Corrected by hand 2026-09-18."
298,298-fryer-2011,fryer-a,fryer,"Fryer, 2011",2011,manual,crossref,10.1093/qje/qjr045,Financial Incentives and Student Achievement: Evidence from Randomized Trials,https://doi.org/10.1093/qje/qjr045,,,"Fryer Appendix Table: Fryer 2011, N about 27,000, grades 2 (Dallas), 4 and 7 (NYC), 9 (Chicago), math and reading; Kraft n_max 27000 matches. QJE 126(4), 2011, reference [94] in the chapter's list. Chose the 2011 journal article over NBER w15898 (2010) because Kraft's year is 2011."
300,300-fryer-2013,fryer-a,fryer,"Fryer, 2013b",2013,manual,crossref,10.1086/667757,Teacher Incentives and Student Achievement: Evidence from New York City Public Schools,https://doi.org/10.1086/667757,,,"Fryer Appendix Table: Fryer 2013, 396 schools, N = 185,612, grades K-12, New York City, math and reading; Kraft n_max 185612 matches. Journal of Labor Economics 31(2), 2013, reference [96]. Kraft's 2013b distinguishes it from Fryer 2013 'Information and Student Achievement' (cell phone experiment, candidate 10.3386/w19113), which has a different sample."
301,301-fryer-2014,fryer-a,fryer,"Fryer, 2014a",2014,manual,crossref,10.1093/qje/qju011,Injecting Charter School Best Practices into Traditional Public Schools: Evidence from Field Experiments,https://doi.org/10.1093/qje/qju011,,,"Fryer Appendix Table: Fryer 2014, 20 schools, N = 39,464, grades K-5, Houston, math and reading; Kraft n_max 39464 matches. QJE 129(3), 2014, reference [97] (the chapter's list misprints 'Nest' for 'Best'). Kraft's 2014a distinguishes it from the duplicated Fryer 2014 teacher-incentive entry [98]. None of the resolver's candidates was right."
357,357-glassman-1989,fryer-a,fryer,"Glassman, 1989",1989,manual,eric,ED294926,"A Study of Cooperative Learning in Mathematics, Writing and Reading as Implemented in Third, Fourth and Fifth Grade Classes: A Focus upon Achievement, Attitudes and Self-Esteem for Males, Females, Blacks, Hispanics and Anglos",https://eric.ed.gov/?id=ED294926,,,"Fryer Appendix Table: Glassman 1989, 2 schools, 24 classrooms, N = 441, grades 3-5, Bay Shore NY, math and reading; Kraft n_max 441. ERIC ED294926 (1988, Phyllis Glassman) describes the same study: two Bay Shore intermediate schools, 24 grade 3-5 teachers and classrooms, Iowa Tests of Basic Skills. Fryer cites the 1989 Hofstra University dissertation version, which has no persistent identifier; ED294926 is its 1988 conference-paper version, within one year. Note: ERIC describes the design as quasi-experimental."
359,359-glazerman-2006,fryer-a,fryer,"Glazerman et al., 2006",2006,auto,crossref,10.1002/pam.20157,Alternative routes to teaching: The impacts of Teach for America on student achievement and other outcomes,https://doi.org/10.1002/pam.20157,,,fryer-reflist+crossref
360,360-glazerman-2009,fryer-a,fryer,"Glazerman et al., 2009",2009,override,override,ED507502,An Evaluation of the Teacher Advancement Program (TAP) in Chicago: Year One Impact Report. Final Report,https://eric.ed.gov/?id=ED507502,,,"Retrieval fetched Jacob and Lefgren NBER w8916 through the NBER-twin title step; the Fryer-list resolution itself was right but carried no identifier. Kraft's row (Glazerman, McKie, Carey 2009; math and reading; ISAT; n 3,501; grades K-8; ES -0.04 both) is the Mathematica Chicago TAP year-one impact report, ERIC ED507502 with full text. Corrected by hand 2026-09-18."
361,361-glazerman-2013,fryer-a,fryer,"Glazerman et al., 2013",2013,override,override,ED544269,Transfer Incentives for High-Performing Teachers: Final Results from a Multisite Randomized Experiment. NCEE 2014-4003,https://eric.ed.gov/?id=ED544269,,,"Resolver accepted Protik, Glazerman, Bruch, Teh 2015 (Education Finance and Policy, 10.1162/edfp_a_00174), and retrieval then pulled an unrelated Silverchair PDF (Kraft's Charlotte layoffs article). Fryer's reference 114 and Kraft's row (Glazerman, Protik, Teh, Bruch, Max 2013; math ES 0.12, reading ES 0.06; state tests; n 7,000; grades K-8) are the NCEE Talent Transfer Initiative final report, November 2013, ERIC ED544269 with full text. Corrected by hand 2026-09-18."
365,365-gleason-2010,fryer-b,fryer,"Gleason et al., 2010",2010,auto,fryer,,"Gleason, Phillip, Melissa Clark, Christina Tuttle, and Emily Dwoyer. 2010. “The Evaluation of Char- ter School Impacts.” Washington, D.C.: National Center for Education Evaluation and Regional As- sistance.",,,,fryer-reflist
381,381-greenwood-1989,fryer-b,fryer,"Greenwood et al., 1989",1989,manual,crossref,10.1037/0022-0663.81.3.371,Longitudinal effects of classwide peer tutoring.,https://doi.org/10.1037/0022-0663.81.3.371,,10.1037//0022-0663.81.3.371,"Fryer w22130 Appendix Table 3 lists Greenwood et al. 1989, N students = 416, grades 1-4, math and reading on the Metropolitan Achievement Test, matching n_max 416 and both subjects; JEP 81(3). Canonical single-slash DOI used; the candidate list carried the double-slash variant of the same record."
417,417-hoxby-2009,fryer-b,fryer,"Hoxby and Murarka, 2009",2009,auto,crossref,10.3386/w14852,Charter Schools in New York City: Who Enrolls and How They Affect Their Students' Achievement,https://doi.org/10.3386/w14852,,,fryer-reflist+crossref
431,431-isenberg-2009,fryer-b,fryer,"Isenberg et al., 2009",2009,auto,eric,ED511788,Impacts of Comprehensive Teacher Induction: Results from the Second Year of a Randomized Controlled Study. NCEE 2009-4072,https://eric.ed.gov/?id=ED511788,https://files.eric.ed.gov/fulltext/ED511788.pdf,eric:ED503061 eric:ED565837,api-eric
441,441-james-burdumy-2005,fryer-b,fryer,"James-Burdumy et al., 2005",2005,override,override,ED485162,When Schools Stay Open Late: The National Evaluation of the 21st Century Community Learning Centers Program. Final Report,https://eric.ed.gov/?id=ED485162,,,"Resolver matched the surname james-burdumy to the first name in ""Kim, James 2005"" in the Fryer list; corrected by hand to the James-Burdumy et al. 2005 NCEE final report (ERIC ED485162), 2026-09-18."
473,473-kemple-2000,fryer-b,fryer,"Kemple and Snipes, 2000",2000,manual,eric,ED441075,Career Academies: Impacts on Students' Engagement and Performance in High School.,https://eric.ed.gov/?id=ED441075,,,"Fryer Appendix Table 3 lists Kemple and Snipes 2000 Career Academies, N students = 1,764, grades 8-9, math and reading, matching n_max 1764 and both subjects; MDRC report in ERIC."
487,487-kim-2006,fryer-b,fryer,"Kim, 2006",2006,manual,crossref,10.3102/01623737028004335,Effects of a Voluntary Summer Reading Intervention on Reading Achievement: Results From a Randomized Field Trial,https://doi.org/10.3102/01623737028004335,,,"Fryer Appendix Table 3 lists Kim 2006 under this title, N schools = 10, N students = 552, grades 3-5, reading, matching n_max 552; EEPA 28(4). The resolver's Crossref candidates were all unrelated Kim papers."
488,488-kim-2007,fryer-b,fryer,"Kim, 2007",2007,manual,crossref,10.1037/0022-0663.99.3.505,The effects of a voluntary summer reading intervention on reading activities and reading achievement.,https://doi.org/10.1037/0022-0663.99.3.505,,,"Fryer Appendix Table 3 lists Kim 2007 under this title, N students = 331, grades 1-5, reading on the Stanford Achievement Test, matching n_max 331; JEP 99(3). The resolver's candidates were all unrelated Kim papers."
574,574-mayer-2002,fryer-b,fryer,"Mayer et al., 2002",2002,auto,fryer,,"Mayer, Daniel, Paul Peterson, David Myers, Christina Clark Tuttle, William Howell. 2002. “School Choice in New York City After Three Years: An Evaluation of the School Choice Scholarships Pro- gram. Final Report.” Princeton, NJ: Mathematica Policy Research. 93",,,,fryer-reflist
576,576-maynard-1979,fryer-b,fryer,"Maynard & Murname, 1979",1979,auto,crossref,10.2307/145317,The Effects of a Negative Income Tax on School Performance: Results of an Experiment,https://doi.org/10.2307/145317,,,fryer-reflist+crossref
605,605-miller-2007,fryer-b,fryer,"Miller and Jaciw, 2007",2007,manual,eric,ED539939,"Comparative Effectiveness of ""Scott Foresman Science"": A Report of Randomized Experiments in Five School Districts. Research Report",https://eric.ed.gov/?id=ED539939,,,"Fryer Appendix Table 4 lists Miller and Jaciw 2007 Scott Foresman Science in five districts, N students = 2,638, grades 3-5, NWEA reading subtest, matching n_max 2638 and the reading outcome. Empirical Education report; Kraft omitted the third author Ma. ERIC also holds the five single-district reports, which are not the pooled study."
633,633-dumont-2012,fryer-b,fryer,"Newman et al., 2012",2012,manual,eric,ED529587,"Evaluation of the Effectiveness of the Alabama Math, Science, and Technology Initiative (AMSTI). Final Report. NCEE 2012-4008",https://eric.ed.gov/?id=ED529587,,,"Kraft's citation string is Newman et al. 2012 and Fryer Appendix Table 3 lists the AMSTI evaluation (Newman et al., 2012) with N schools = 82, N teachers about 780, N students about 20,000, grades 4-8, math and reading; n_max 780 is the teacher count. Kraft's recorded surnames (dumont, trautwein, luedtke, neumann, niggli, schnyder) are wrong for this row: they belong to Dumont et al. 2012, a German correlational homework study, and Kraft's own bee rows for study 633 carry newman, finney, bell, turner, jaciw, zacamy. Actual authors: Newman, Finney, Bell, Turner, Jaciw, Zacamy, Gould."
642,642-nunnery-2006,fryer-b,fryer,"Nunnery et al., 2006",2006,auto,crossref,10.1207/s15327671espr1101_1,A Randomized Experimental Evaluation of the Impact of Accelerated Reader/Reading Renaissance Implementation on Reading Achievement in Grades 3 to 6,https://doi.org/10.1207/s15327671espr1101_1,,eric:EJ733705,api-crossref
643,643-nussbaum-2010,fryer-b,fryer,"Nussbaum, 2010",2010,manual,eric,ED517276,"The Effects of ""Brain Gym"" as a General Education Intervention: Improving Academic Performance and Behaviors",https://eric.ed.gov/?id=ED517276,,,"Fryer Appendix Table 3 lists Nussbaum 2010 Brain Gym, N students = 364, grades 2-6, TAKS math and reading, matching n_max 364 and both subjects; dissertation in ERIC."
717,717-randel-2011,fryer-b,fryer,"Randel et al., 2011",2011,auto,crossref,10.1080/00220671.2014.992581,Impacts of professional development in classroom assessment on teacher and student outcomes,https://doi.org/10.1080/00220671.2014.992581,,,fryer-reflist+crossref
728,728-reis-2008,fryer-b,fryer,"Reis et al., 2008",2008,manual,crossref,10.3200/joer.101.5.299-315,"Using Enrichment Reading Practices to Increase Reading Fluency, Comprehension, and Attitudes",https://doi.org/10.3200/joer.101.5.299-315,,,"Fryer Appendix Table 4 lists Reis et al. 2008 under this title, N schools = 2, N students = 558, grades 3-5, ITBS reading comprehension, matching n_max 558 and Kraft's ITBS outcome; Journal of Educational Research 101(5). Kraft's second surname renzulli is not an author; the paper is Reis, Eckert, McCoach, Jacobs, and Coyne."
740,740-riccio-2010,fryer-b,fryer,"Riccio et al., 2010",2010,manual,web,https://www.mdrc.org/work/publications/toward-reduced-poverty-across-generations,Toward Reduced Poverty Across Generations: Early Findings from New York City's Conditional Cash Transfer Program,https://www.mdrc.org/work/publications/toward-reduced-poverty-across-generations,,ED517881,"Fryer Appendix Table 3 lists Riccio et al. 2010 under this title, N families = 4,750, N students = 11,311, grades 4, 7, 9, NY state tests in math and reading, matching n_max 11311 and both subjects. MDRC report by Riccio, Dechausay, Greenberg, Miller, Rucks, and Verma (2010); no DOI. ERIC holds only the 10-page SREE abstract (ED517881, Miller and Riccio 2011) and the WWC quick review (ED512006). Kraft's surnames sullivan and cohen are wrong; they belong to an unrelated 2010 Riccio neuropsychology book that was the resolver's top candidate."
750,750-rockoff-2012,fryer-b,fryer,"Rockoff et al., 2012",2012,auto,crossref,10.1257/aer.102.7.3184,Information and Employee Evaluation: Evidence from a Randomized Intervention in Public Schools,https://doi.org/10.1257/aer.102.7.3184,,,fryer-reflist+crossref
760,760-rouse-1998,fryer-b,fryer,"Rouse, 1998",1998,auto,crossref,10.1162/003355398555685,Private School Vouchers and Student Achievement: An Evaluation of the Milwaukee Parental Choice Program,https://doi.org/10.1162/003355398555685,,,fryer-reflist+crossref
775,775-sallis-1999,fryer-b,fryer,"Sallis et al., 1999",1999,auto,crossref,10.1080/02701367.1999.10608030,Effects of Health-Related Physical Education on Academic Achievement: Project SPARK,https://doi.org/10.1080/02701367.1999.10608030,,,api-crossref
776,776-sanbonmatsu-2006,fryer-b,fryer,"Sanbonmatsu et al., 2006",2006,manual,crossref,10.3368/jhr.xli.4.649,Neighborhoods and Academic Achievement: Results from the Moving to Opportunity Experiment,https://doi.org/10.3368/jhr.xli.4.649,,10.3386/w11909 ED490834 EJ750948,"Fryer Appendix Table 3 lists Sanbonmatsu et al. 2006, N children = 5,074, ages 6-20, reading and math (Woodcock-Johnson), matching n_max 5074 and both subjects. Published JHR 41(4) version chosen over the NBER working paper w11909, which is the same study; surnames and order match."
826,826-slavin-1985,fryer-b,fryer,"Slavin and Karweit, 1985",1985,manual,crossref,10.3102/00028312022003351,"Effects of Whole Class, Ability Grouped, and Individualized Instruction on Mathematics Achievement",https://doi.org/10.3102/00028312022003351,,10.2307/1162968,"Fryer Appendix Table 3 lists Slavin and Karweit 1985 under this title, N classrooms = 22, N students = 480, grades 3-5, CTBS math, matching n_max 480 and the three effect sizes for three treatment arms. AERJ 22(3); the publisher DOI is used, and the candidate 10.2307/1162968 is the JSTOR duplicate of the same article. The 1984 PsycEXTRA record is the conference paper version."
854,854-springer-2010,fryer-b,fryer,"Springer et al., 2010",2010,auto,crossref,10.1162/edfp_a_00061,POINT/CounterPOINT: The View from the Trenches of Education Policy Research,https://doi.org/10.1162/edfp_a_00061,,,fryer-reflist+crossref
855,855-springer-2012,fryer-b,fryer,"Springer et al., 2012",2012,auto,crossref,10.3102/0162373712439094,Team Pay for Performance,https://doi.org/10.3102/0162373712439094,,,fryer-reflist+crossref
923,923-tuttle-2013,fryer-b,fryer,"Tuttle et al., 2013",2013,auto,crossref,10.1162/edfp_a_00119,Do KIPP Schools Boost Student Achievement?,https://doi.org/10.1162/edfp_a_00119,,,fryer-reflist+crossref
985,985-mitchem-2001,fryer-b,fryer,"West et al., 2001",2001,manual,crossref,10.2139/ssrn.320253,"School Choice in Dayton, Ohio after Two Years: An Evaluation of the Parents Advancing Choice in Education Scholarship Program",https://doi.org/10.2139/ssrn.320253,,,"Fryer w22130 Appendix Table 3 lists West et al. 2001 under this title, N students = 515, grades 2-9, Dayton OH voucher lottery, ITBS, with impacts 0.054 math and 0.078 reading that equal Kraft's two effect sizes exactly. The report is the 2001 Harvard PEPG paper by West, Peterson, Campbell, and Howell; the only persistent identifier found is its SSRN posting (Crossref dates it 2002 and lists West, Peterson, Campbell). Kraft's recorded surnames (mitchem, young, west, benyo) are wrong: they belong to the CWPASM article (ERIC EJ635097), a 10-student behavioral study with no test outcomes, which was the resolver's top candidate. The study is absent from the working paper's reference list; ERIC ED441275 is the one-year Dayton evaluation by Howell and Peterson (2000), not this two-year report."
997,997-wijekumar-2012,fryer-b,fryer,"Wijekumar et al., 2012",2012,manual,crossref,10.1007/s11423-012-9263-4,Large-scale randomized controlled trial with 4th graders using intelligent tutoring of the structure strategy to improve nonfiction reading comprehension,https://doi.org/10.1007/s11423-012-9263-4,,EJ986753,"Fryer Appendix Table 4 lists Wijekumar et al. 2012 under this title, N teachers = 130, N students = 2,643, grade 4, Gray Silent Reading Test, matching n_max 2643 and the reading outcome; ETR&D 2012. The 2013 and 2014 papers are follow-on studies with different samples."
1010,1010-wolf-2010,fryer-b,fryer,"Wolf et al., 2010",2010,auto,crossref,10.1002/pam.21691,"School Vouchers and Student Outcomes: Experimental Evidence from
                    W
                    ashington,
                    DC",https://doi.org/10.1002/pam.21691,,,fryer-reflist+crossref
89,89-black-2009,other,ies90,"Black, Somers, Doolittle, Unterman, and Grossman, 2009",2009,manual,eric,ED506725,The Evaluation of Enhanced Academic Instruction in After-School Programs: Final Report. NCEE 2009-4077,https://eric.ed.gov/?id=ED506725,,,"All five surnames and 2009 match; listed in the Coalition ies90 report; the math-center analysis sample is 1,144 students (Cohort 1), which equals n_max; grades 2-5 math."
108,108-bos-2012,other,ies90,"Bos, Sanchez, Tseng, Rayyes, Ortiz, and Sinicrope, 2012",2012,manual,eric,ED529843,Evaluation of Quality Teaching for English Learners (QTEL) Professional Development. Final Report. NCEE 2012-4005,https://eric.ed.gov/?id=ED529843,,,"All six surnames and 2012 match; listed in the Coalition ies90 report; grade 8 reading impact tables show 18,180 students in 50 schools, which equals n_max."
139,139-campuzano-2009,other,bee;eef,"Campuzano et al., 2009",2009,manual,eric,ED504657,Effectiveness of Reading and Mathematics Software Products: Findings From Two Student Cohorts. NCEE 2009-4041,https://eric.ed.gov/?id=ED504657,,,"Same NCEE report as row 140; Kraft surnames follow the report author order; the fourth-grade reading (LeapTrack) sample is 1,274 students, which equals n_max, and 899 (n_min) is another product sample. The Crossref runner-up (Dynarski, Agodini, Campuzano 2010) is a journal version with a different author order and year, so not chosen."
140,140-campuzano-2009,other,ies90,"Campuzano, Dynarski, Agodini, and Rall, 2009",2009,manual,eric,ED504657,Effectiveness of Reading and Mathematics Software Products: Findings From Two Student Cohorts. NCEE 2009-4041,https://eric.ed.gov/?id=ED504657,,,"All four surnames and 2009 match; listed in the Coalition ies90 report; the first-grade sample is 1,371 students, which equals n_max; reading. Same report as row 139."
197,197-cordray-2012,other,ies90,"Cordray, Pion, Brandt, Molefe, and Toby, 2012",2012,auto,eric,ED537982,The Impact of the Measures of Academic Progress (MAP) Program on Student Reading Achievement. Final Report. NCEE 2013-4000,https://eric.ed.gov/?id=ED537982,https://files.eric.ed.gov/fulltext/ED537982.pdf,eric:ED564093,api-eric
484,484-kim-2011,other,bee;fryer,"Kim et al., 2011",2011,manual,crossref,10.1080/19345747.2010.523513,A Randomized Experiment of a Cognitive Strategies Approach to Text-Based Analytical Writing for Mainstreamed Latino English Language Learners in Grades 6 to 12,https://doi.org/10.1080/19345747.2010.523513,,,"Surnames (Kim, Olson, Scarcella, Kramer, Pearson, van Dyk) and 2011 match; JREE 4(3). n_max 4,459 is the BEE writing review table figure for Kim et al. 2011 / Olson et al. 2012 pooled two cohorts (2,200 E, 2,259 C), grades 6-11, not the Year 1 paper alone; Kraft grade span 4-11 looks wrong. Not in the Fryer 2017 reference list."
505,505-konstantopoulos-2013,other,bee;fryer,"Konstantopoulos et al., 2013",2013,manual,crossref,10.3102/0162373713498930,The Impact of Indiana’s System of Interim Assessments on Mathematics and Reading Achievement,https://doi.org/10.3102/0162373713498930,,EJ1019178,"Surnames (Konstantopoulos, Miller, van der Ploeg) and 2013 match; EEPA 35(4); math and reading, K-8, 59 Indiana schools; the AIR paper states 20,000 students participated in 2009-10, which equals n_max. Not in the Fryer 2017 reference list."
564,564-mastrorilli-2014,other,i3,"Mastrorilli et al., 2014",2014,auto,crossref,10.21977/d910119266,"Arts Achieve, Impacting Student Success in the Arts: Preliminary Findings After One Year of Implementation",https://doi.org/10.21977/d910119266,https://files.eric.ed.gov/fulltext/EJ1050608.pdf,eric:EJ1050608,api-crossref
599,599-meyers-2015,other,bee;i3,"Meyers et al., 2015",2015,auto,crossref,10.3102/0162373716638446,Impact Results of the eMINTS Professional Development Validation Study,https://doi.org/10.3102/0162373716638446,,,api-crossref
622,622-loera-2013,other,i3,"Nakamoto et al., 2013",2013,manual,eric,ED560945,"The Beaverton School District Arts for Learning (A4L) Lessons Project, an Investing in Innovation (i3) Development Grant: Student Impact Findings from Years 1, 2, and 3",https://eric.ed.gov/?id=ED560945,,,"Kraft cites a 2013 Nakamoto report (probably the Year 1 interim report, which is not findable); the 2015 WestEd report contains that finding: one-year OAKS reading sample 5,719 + 6,110 = 11,829 students, which equals n_max, and ES -0.03, which equals es_list. Year is two off. Kraft author list for this row (Loera, Nakamoto, Oh, Rueda) is wrong; those are authors of a 2013 CTE journal article. i3 report lists A4L."
623,623-nakamoto-2014,other,i3,"Nakamoto et al., 2014",2014,manual,eric,ED560945,"The Beaverton School District Arts for Learning (A4L) Lessons Project, an Investing in Innovation (i3) Development Grant: Student Impact Findings from Years 1, 2, and 3",https://eric.ed.gov/?id=ED560945,,,"Surnames (Nakamoto, Sobolew-Shubin, Orland) match; Kraft cites a 2014 (Year 2) report; the 2015 WestEd report gives the two-year OAKS reading ES -0.01, which equals es_list. n_max 11,829 is the one-year sample (the two-year sample is 6,915), so Kraft reused the Year 1 n. Same report as row 622."
624,624-nakamoto-2015,other,i3,"Nakamoto et al., 2015",2015,auto,eric,ED560945,"The Beaverton School District Arts for Learning (A4L) Lessons Project, an Investing in Innovation (i3) Development Grant: Student Impact Findings from Years 1, 2, and 3",https://eric.ed.gov/?id=ED560945,https://files.eric.ed.gov/fulltext/ED560945.pdf,,api-eric
706,706-quint-2015,other,i3,"Quint et al., 2015",2015,manual,eric,ED579089,Scaling up the Success for All: Model of School Reform. Final Report from the Investing in Innovation (i3) Evaluation,https://eric.ed.gov/?id=ED579089,,ED579090,"Surnames (Quint, Zhu, Balu, Rappaport, DeLaurentis) in the same order and 2015 match; K-6 reading; n_min 1,625 equals the third-year TOWRE and WJ Passage Comprehension samples; 1,659 (n_max) was not found in the report (samples run 1,623 to 1,635). The 2014 SSRN interim report has a different author list, so not chosen."
719,719-randel-2011,other,ies90,"Randel, beesley, apthorp, clark, wang, cicchinelli, and williams, 2011",2011,auto,eric,ED517969,Classroom Assessment for Student Learning: Impact on Elementary School Mathematics in the Central Region. Final Report. NCEE 2011-4005,https://eric.ed.gov/?id=ED517969,https://files.eric.ed.gov/fulltext/ED517969.pdf,,api-eric
751,751-rockoff-2015,other,i3,"Rockoff, 2015",2015,manual,web,https://www.classsizematters.org/wp-content/uploads/2019/02/Rockoff-evaluation-of-the-school-of-one-Sept.-2015.pdf,Evaluation Report on the School of One i3 Expansion,https://www.classsizematters.org/wp-content/uploads/2019/02/Rockoff-evaluation-of-the-school-of-one-Sept.-2015.pdf,,,"Rockoff, Columbia Business School, September 2015; i3 evaluation of the NYC School of One middle school math program; the results table reports 5,070 students, which equals n_max; grades 6-8 NY State math test. No DOI or ERIC record; the i3 report lists School of One."
922,922-turner-1985,other,bee;fryer,"Turner, 1985",1985,manual,web,https://files.eric.ed.gov/fulltext/ED527642.pdf,An evaluation of the effects of paired learning in a mathematics computer-assisted-instruction program,https://files.eric.ed.gov/fulltext/ED527642.pdf,,,"Turner, L. G. (1985), unpublished doctoral dissertation, Arizona State University; no DOI, ERIC record, or online copy found. The URL is the BEE elementary math review (Slavin and Lake 2007, ED527642) whose CAI table row for Turner (1985) shows 275 students, grades 3-4, 15 weeks, CTBS ES +0.37, all matching n_max, grades, and es_list. Not in the Fryer 2017 reference list."
924,924-tuttle-2015,other,i3,"Tuttle et al., 2015",2015,manual,eric,ED560079,"Understanding the Effect of KIPP as It Scales: Volume I, Impacts on Achievement and Other Outcomes. Final Report of KIPP's Investing in Innovation Grant Evaluation",https://eric.ed.gov/?id=ED560079,,,"Surnames (Tuttle, Gleason, Knechtel, Nichols-Barrer, Booker, Chojnacki) in the same order and 2015 match; the lottery-based middle school sample is 608 students, which equals n_max; math and reading; i3 report lists KIPP."
954,954-vaughn-2013,other,bee;fryer,"Vaughn et al., 2013",2013,override,override,10.1080/19345747.2012.741661,Collaborative Strategic Reading: Findings From Experienced Implementers,https://doi.org/10.1080/19345747.2012.741661,,,"Resolver accepted Vaughn and Parsons 2013 in Language Arts (10.58680/la201324283), an essay on adaptive teaching. Kraft's study 954 merges two Vaughn et al. 2013 RCTs: the three BEE rows (n 472, grades 7-8, GMRT and TOSREC, ES 0.10 and 0.11) are, per the BEE secondary reading table (48 classes, 472 students, grades 7-8, same teachers and schools as Vaughn et al. 2011), Vaughn, Roberts, Klingner, Swanson, Boardman, Stillman-Spisak, Mohammed, and Leroux 2013, JREE 6(2), 137-163, ERIC EJ998840; the one Fryer row (n 419, grade 8, GMRT 0.195) is Vaughn, Swanson, Roberts, Wanzek, Stillman-Spisak, Solis, and Simmons 2013, RRQ 48(1), DOI 10.1002/rrq.039, ERIC EJ996121. Resolved to the JREE CSR study that carries n_max and three of four effects; neither article has an open copy. Corrected by hand 2026-09-18."
986,986-west-2016,other,bee;i3,"West et al., 2016",2016,manual,eric,ED565458,Achievement Network's Investing in Innovation Expansion: Impacts on Educator Practice and Student Achievement,https://eric.ed.gov/?id=ED565458,,,"West, Morton, and Herlihy 2016 (Kraft lists only West); full sample 21,335 equals n_max and the grades 3-5 sample 13,233 equals n_min; math and reading, grades 3-8; i3 report lists ANet."
1030,1030-ysseldyke-2007,other,bee;fryer,"Ysseldyke and Bolt, 2007",2007,manual,crossref,10.1080/02796015.2007.12087933,Effect of Technology-Enhanced Continuous Progress Monitoring on Math Achievement,https://doi.org/10.1080/02796015.2007.12087933,,EJ788347,"Ysseldyke and Bolt 2007, School Psychology Review 36(3), the only Ysseldyke and Bolt 2007 math achievement paper; BEE 2007 reports its TerraNova ES +0.03, which is in es_list; grades 2-5 per BEE, 2-8 per WWC. n_max 1,880 could not be checked because the full text is paywalled. Not in the Fryer 2017 reference list."
1046,1046-glazerman-2010,other,ies90,"glazerman, isenberg, dolfin, bleeker, johnson, grider, and jacobus, 2010",2010,override,override,ED565837,Impacts of Comprehensive Teacher Induction: Final Results from a Randomized Controlled Study. NCEE 2010-4027,https://eric.ed.gov/?id=ED565837,,,"Resolver accepted a 2012 Teachers College Record article on urban induction (10.1177/016146811211401410). Kraft's ies90 row (Glazerman, Isenberg, Dolfin, Bleeker, Johnson, Grider, Jacobus 2010; state test reading and math by grade 2 to 6; n 614 and 741 at grade 4) is the NCEE comprehensive teacher induction final report, ERIC ED565837 with full text. Corrected by hand 2026-09-18."
1047,1047-gleason-2010,other,ies90,"gleason, clark, tuttle, and dwoyer, 2010",2010,manual,eric,ED510573,The Evaluation of Charter School Impacts: Final Report. NCEE 2010-4029,https://eric.ed.gov/?id=ED510573,,,"All four surnames and 2010 match; listed in the Coalition ies90 report; student counts 2,141 (n_max) and 1,328 (n_min) appear in the impact tables; grades 6-8 math and reading."
1050,1050-hanson-2012,other,ies90,"hanson, dietsch, and zheng, 2012",2012,manual,eric,ED530370,Lessons in Character Impact Evaluation. Final Report. NCEE 2012-4004,https://eric.ed.gov/?id=ED530370,,,"All three surnames and 2012 match; listed in the Coalition ies90 report; the ELA test score sample is 4,525 students, which equals n_max; grades 4-5."
1071,1071-wilkerson-2012,other,ies90,"wilkerson, shannon, styers, grant, 2012",2012,manual,eric,ED530416,A Study of the Effectiveness of a School Improvement Intervention (Success in Sight). Final Report. NCEE 2012-4014,https://eric.ed.gov/?id=ED530416,,,"All four surnames and 2012 match; listed in the Coalition ies90 report; 8,182 students with reading scores (n_min) and 8,213 with math scores (n_max); grades 3-5."
1073,1073-wolf-2010,other,ies90,"wolf, patrick, gutmann, puma, kisida, rizzo, eissa, carr, 2010",2010,manual,eric,ED510451,Evaluation of the DC Opportunity Scholarship Program: Final Report. NCEE 2010-4018,https://eric.ed.gov/?id=ED510451,,,"Wolf, Gutmann, Puma, Kisida, Rizzo, Eissa, Carr 2010; listed in the Coalition ies90 report; 2,300 eligible applicants randomly assigned equals n_max; reading. Kraft surname list includes ""patrick"", which is Wolf's first name, not an author."
32,32-ault-2017,wwc-a,wwc,"Ault, Phyllis Campbell, Roccograndi, Angela, Burke, Art. (2017). Mentoring Early Career Teachers in Urban Alaska: Impact Findings from the Investing in Innovation (i3) Evaluation of the Alaska Statewide Mentor Project Urban Growth Opportunity. Education Northwest.",2017,auto,eric,ED607173,Mentoring Early Career Teachers in Urban Alaska: Impact Findings from the Investing in Innovation (i3) Evaluation of the Alaska Statewide Mentor Project Urban Growth Opportunity,https://eric.ed.gov/?id=ED607173,https://files.eric.ed.gov/fulltext/ED607173.pdf,,api-eric
65,65-beam-2011,wwc-a,wwc,"Beam, Margaret, Faddis, Bonnie J., Hahn, Karen. (2011). Evaluation of ""System 44."" Final Report [2011]. RMC Research Corporation.",2011,manual,eric,ED613693,"Evaluation of ""System 44."" Final Report [2011]",https://eric.ed.gov/?id=ED613693,,ED613692,"ERIC title and authors (Beam, Faddis, Hahn; RMC Research, Nov 2011) match Kraft verbatim; report tables show TOSREC analytic n = 340, matching n_max; 425 students randomized. Runner-up ED600852 is the Portland Striving Readers report, a different study."
66,66-beam-2012,wwc-a,wwc,"Beam, Margaret, Faddis, Bonnie. (2012). Evaluation of ""System 44."" Final Report [2012]. RMC Research Corporation.",2012,manual,eric,ED613692,"Evaluation of ""System 44."" Final Report [2012]",https://eric.ed.gov/?id=ED613692,,ED613693,"ERIC title and authors (Beam, Faddis; RMC Research, Sept 2012) match Kraft verbatim; report states randomized n = 368 and analytic n = 317, matching n_max exactly. Distinct from the 2011 report ED613693 (study 65)."
83,83-bifulco-2009,wwc-a,wwc,"Bifulco, R., Cobb, C. D., & Bell, C. (2009). Can interdistrict choice boost student achievement? The case of Connecticutâs interdistrict magnet school program. Educational Evaluation and Policy Analysis, 31(4), 323â345.",2009,manual,crossref,10.3102/0162373709340917,Can Interdistrict Choice Boost Student Achievement? The Case of Connecticut's Interdistrict Magnet School Program,https://doi.org/10.3102/0162373709340917,,EJ866926,"Crossref DOI is the EEPA 31(4) article Kraft cites, title, authors, and year verbatim; math and reading outcomes fit subjects. Sample of 516 not checked (article paywalled). The WWC also holds the state report version, ERIC ED527481 (Cobb, Bifulco, Bell 2009, Evaluation of Connecticut's Interdistrict Magnet Schools)."
109,109-bottge-2014,wwc-a,wwc,"Bottge, B. A., Ma, X., Gassaway, L., Toland, M.D., Butler, M., & Cho, S. (2014). Effects of blended instructional models on math performance. Exceptional Children, 80(4), 423-437.",2014,auto,crossref,10.1177/0014402914527240,Effects of Blended Instructional Models on Math Performance,https://doi.org/10.1177/0014402914527240,,eric:EJ1048512,api-crossref
113,113-bradshaw-2010,wwc-a,wwc,"Bradshaw, Catherine P.,Mitchell, Mary M.,Leaf, Philip J. (2010). Examining the Effects of Schoolwide Positive Behavioral Interventions and Supports on Student Outcomes: Results from a Randomized Controlled Effectiveness Trial in Elementary Schools. Journal of Positive Behavior Interventions, 12(3), 133-148.",2010,auto,crossref,10.1177/1098300709334798,Examining the Effects of Schoolwide Positive Behavioral Interventions and Supports on Student Outcomes,https://doi.org/10.1177/1098300709334798,,,api-crossref
117,117-brandt-2013,wwc-a,wwc,"Brandt, C., Meyers, C., & Molefe, A. (2013). The impact of eMINTS professional development on teacher instruction and student achievement: Year 1 report. Washington, DC: American Institutes for Research.",2013,manual,web,https://emints.org/wp-content/uploads/2022/03/The-Impact-of-eMINTS-Professional-Development-on-Teacher-Instruction-and-Student-Achievement-%E2%80%93-Year-1-Report-January-2013.pdf,The Impact of eMINTS Professional Development on Teacher Instruction and Student Achievement: Year 1 Report,https://emints.org/wp-content/uploads/2022/03/The-Impact-of-eMINTS-Professional-Development-on-Teacher-Instruction-and-Student-Achievement-%E2%80%93-Year-1-Report-January-2013.pdf,,,"No ERIC or Crossref record; PDF hosted by eMINTS (AIR, Brandt, Meyers, Molefe, January 2013) matches title and year, and its Year 1 MAP mathematics and communication arts analytic samples are 3,430 students each, matching n_max exactly. Resolver candidate 10.3102/0162373716638446 is the 2016 EEPA article on the later validation results, not this report."
170,170-clark-2013,wwc-a,wwc,"Clark, M. A., Chiang, H. S., Silva, T., McConnell, S., Sonnenfeld, K., Erbe, A., & Puma, M. (2013). The effectiveness of secondary math teachers from Teach For America and the Teaching Fellows programs (NCEE 2013-4015). Washington, DC: National Center for Education Evaluation and Regional Assistance, Institute of Education Sciences, U.S. Department of Education.",2013,manual,eric,ED544171,The Effectiveness of Secondary Math Teachers from Teach For America and the Teaching Fellows Programs. NCEE 2013-4015,https://eric.ed.gov/?id=ED544171,,,"ERIC record matches title, all seven authors, NCEE number, and year; full text states the TFA analysis sample was 4,573 students, matching n_max; math only fits subject. ED544180 is the executive summary; the 2016 JPAM article 10.1002/pam.21958 (Chiang, Clark, McConnell) is the journal version."
171,171-clark-2015,wwc-a,wwc,"Clark, M. A., Isenberg, E., Liu, A. Y., Makowsky, L., & Zukiewicz, M. (2015). Impacts of the Teach for America Investing in Innovation scale-up. Princeton, NJ: Mathematica Policy Research. Retrieved from http://www.mathematica-mpr.com",2015,manual,web,https://results4america.org/wp-content/uploads/2015/10/TFA_Investing_Innovation.pdf,Impacts of the Teach For America Investing in Innovation Scale-Up,https://results4america.org/wp-content/uploads/2015/10/TFA_Investing_Innovation.pdf,,10.1257/rct.184-2.0 10.1257/rct.184-1.0,"Mathematica final report dated March 4, 2015 (Clark, Isenberg, Liu, Makowsky, Zukiewicz) matches title, authors, and year; report states reading analysis includes 2,123 students, matching n_max, and math 2,065. The original mathematica-mpr.com URL is dead; this is a hosted copy. ERIC ED618270 is the 2017 Revised Final Report of the same study; Crossref 10.1257/rct.184-2.0 is only the AEA registry entry."
219,219-decesare-2017,wwc-a,wwc,"DeCesare, D., McClelland, A., & Randel, B. (2017). Impacts of the Retired Mentors for New Teachers program (REL 2017-225). Washington, DC: U.S. Department of Education, Institute of Education Sciences, National Center for Education Evaluation and Regional Assistance, Regional Educational Laboratory Central. Retrieved from http://ies.ed.gov/ncee/ edlabs.",2017,auto,eric,ED573097,Impacts of the Retired Mentors for New Teachers Program. REL 2017-225,https://eric.ed.gov/?id=ED573097,https://files.eric.ed.gov/fulltext/ED573097.pdf,,api-eric
238,238-dolfin-2019,wwc-a,wwc,"Dolfin, Sarah,Richman, Scott,Choi, Jane,Streke, Andrei,DeSaw, Cheryl,Demers, Alicia,Poznyak, Dmitriy. (2019). Evaluation of the Teacher Potential Project. Washington D.C: Mathematica.",2019,auto,eric,ED604655,Evaluation of the Teacher Potential Project,https://eric.ed.gov/?id=ED604655,https://files.eric.ed.gov/fulltext/ED604655.pdf,,api-eric
250,250-duncan-2018,wwc-a,wwc,"Duncan, T., Moeller, B., Schoeneberger, J., & Hitchcock, J. (2018). Assessing the impact of the Math for All professional development program on elementary school teachers and their students. Retrieved from https://bit.ly/2sqzUer.",2018,manual,web,https://www.dropbox.com/s/jehxx8zzd5oas2p/MFA_Y1_study_brief.pdf,Assessing the impact of the Math for All professional development program on elementary school teachers and their students,https://www.dropbox.com/s/jehxx8zzd5oas2p/MFA_Y1_study_brief.pdf,,,"Kraft's bit.ly/2sqzUer link resolves to this Dropbox PDF, whose title and authors (Duncan, Moeller, Schoeneberger, Hitchcock) match verbatim; WWC study 86097 reviews this same citation and reports a grade 5 student-level analysis of 392, matching n_max; NWEA MAP mathematics only fits subject. Crossref 10.3102/2286457 (2026 teacher-outcomes report) is a different paper."
281,281-festas-2015,wwc-a,wwc,"Festas, I., Oliveira, A. L., Rebelo, J. A., DamiÃ£o, M. H., Harris, K., & Graham, S. (2015). Professional development in self-regulated strategy development: Effects on the writing performance of eighth grade Portuguese students. Contemporary Educational Psychology, 40, 17â27.",2015,auto,crossref,10.1016/j.cedpsych.2014.05.004,Professional development in Self-Regulated Strategy Development: Effects on the writing performance of eighth grade Portuguese students,https://doi.org/10.1016/j.cedpsych.2014.05.004,,,api-crossref
284,284-fitzgerald-2008,wwc-a,wwc,"Fitzgerald, R., & Hartry, A. (2008). What works in afterschool programs: The impact of a reading intervention on student achievement in the Brockton Public Schools (phase II). Berkeley, CA: MPR Associates, Inc. and the National Partnership for Quality Afterschool Learning at SEDL.",2008,override,override,10.3102/0162373711399148,Can a Mixed-Method Literacy Intervention Improve the Reading Achievement of Low-Performing Elementary School Students in an After-School Program? Results From a Randomized Controlled Trial of READ 180 Enterprise,https://doi.org/10.3102/0162373711399148,,,"Resolution to WWC study 82599 was right, but retrieval followed the WWC page's template link and saved the 2016 ED non-regulatory ESSA evidence guidance PDF. The Fitzgerald and Hartry 2008 MPR/SEDL phase II report is not online; this is the peer-reviewed version of the same Brockton READ 180 afterschool RCT (Kim, Capotosto, Hartry, and Fitzgerald 2011, EEPA 33(2), grades 4-6, WWC study 89781), with an open author copy in Harvard DASH that Unpaywall returns for the DOI. Kraft's rows (n 185 to 296, grades 4-6, Stanford 10 reading, ES -0.01 to 0.32) are the 2008 report's cohort figures; the sample and eligibility rules are the same trial. Corrected by hand 2026-09-18."
302,302-fryer-2012,wwc-a,wwc,"Fryer, R. G., Levitt, S. D., List, J., & Sadoff, S. (2012). Enhancing the efficacy of teacher incentives through loss aversion: A field experiment. Working Paper 18237. Cambridge, MA: National Bureau of Economic Research.",2012,auto,crossref,10.3386/w18237,Enhancing the Efficacy of Teacher Incentives through Loss Aversion: A Field Experiment,https://doi.org/10.3386/w18237,,crossref:10.1257/pol.20190287 crossref:10.1257/rct.1971-1.0 crossref:10.1257/rct.1971 crossref:10.1257/rct.4171,api-crossref
322,322-fuchs-2013,wwc-a,wwc,"Fuchs, L. S., Schumacher, R. F., Long, J., Namkung, J., Hamlett, C. L., Cirino, P. T., ... Changas, P. (2013). Improving at-risk learners' understanding of fractions. Journal of Educational Psychology, 105(3), 683-700.",2013,auto,crossref,10.1037/a0032446,Improving at-risk learners’ understanding of fractions.,https://doi.org/10.1037/a0032446,,,api-crossref
323,323-fuchs-2013,wwc-a,wwc,"Fuchs, L. S., Schumacher, R. F., Long, J., Namkung, J., Hamlett, C. L., Cirino, P. T., Jordan, N. C., Siegler, R., Gersten, R., & Changas, P. (2013). Improving At-Risk Learners' Understanding of Fractions. Fractions understanding intervention vs. control. Journal of Educational Psychology, 105(3), 683â700.",2013,auto,crossref,10.1037/a0032446,Improving at-risk learners’ understanding of fractions.,https://doi.org/10.1037/a0032446,,,api-crossref
340,340-gallagher-2015,wwc-a,wwc,"Gallagher, C., Huang, K., & Van Matre, J. (2015). STEM learning opportunities providing equity: An Investing in Innovation (i3) grant final evaluation report. San Francisco, CA: WestEd.",2015,manual,eric,ED565472,STEM Learning Opportunities Providing Equity (SLOPE): An Investing in Innovation (i3) Grant. Final Evaluation Report,https://eric.ed.gov/?id=ED565472,,,"ERIC record (WestEd, 2015; Gallagher, Huang, Van Matre) matches title, authors, and year; only ERIC hit for the title. Grade 8 Algebra I outcome fits math; the report gives 1,384 students for the 2012-13 cohort and the 2,225 in n_max is not stated in that form in the text, so treat the size check as partial."
341,341-gallagher-2015,wwc-a,wwc,"Gallagher, H. A., Woodworth, K. R., & Arshan, N. L. (2015). Impact of the National Writing Projectâs College-Ready Writers Program on teachers and students. Menlo Park, CA: SRI International.",2015,auto,crossref,10.1080/19345747.2017.1300361,Impact of the National Writing Project's College-Ready Writers Program in High-Need Rural Districts,https://doi.org/10.1080/19345747.2017.1300361,,,api-crossref
362,362-glazerman-2012,wwc-a,wwc,"Glazerman, S., & Seifullah, A. (2012). An evaluation of the Chicago Teacher Advancement Program (Chicago TAP) after four years. Final report. Washington, DC: Mathematica Policy Research, Inc. http://files.eric.ed.gov/fulltext/ ED530098.pdf.",2012,auto,citation,ED530098,"Glazerman, S., & Seifullah, A. (2012). An evaluation of the Chicago Teacher Advancement Program (Chicago TAP) after four years. Final report. Washington, DC: Mathematica Policy Research, Inc. http://f",https://eric.ed.gov/?id=ED530098,https://files.eric.ed.gov/fulltext/ED530098.pdf,,eric-in-citation
363,363-glazerman-2006,wwc-a,wwc,"Glazerman, S., Mayer, D., & Decker, P. (2006). Alternative routes to teaching: The impacts of Teach for America on student achievement and other outcomes. Journal of Policy Analysis and Management, 25(1), 75â96.",2006,auto,crossref,10.1002/pam.20157,Alternative routes to teaching: The impacts of Teach for America on student achievement and other outcomes,https://doi.org/10.1002/pam.20157,,eric:EJ759352 crossref:10.1002/9781444307399.ch11,api-crossref
364,364-glazerman-2013,wwc-a,wwc,"Glazerman, S., Protik, A., Teh, B., Bruch, J., & Max, J. (2013). Transfer incentives for high-performing teachers: Final results from a multisite randomized experiment (NCEE 2014-4003). Washington, DC: National Center for Education Evaluation and Regional Assistance, Institute of Education Sciences, U.S. Department of Education.",2013,auto,eric,ED544268,Transfer Incentives for High-Performing Teachers: Final Results from a Multisite Randomized Experiment. Executive Summary. NCEE 2014-4004,https://eric.ed.gov/?id=ED544268,https://files.eric.ed.gov/fulltext/ED544268.pdf,eric:ED544269,api-eric
404,404-heppen-2012,wwc-a,wwc,"Heppen, J. B., Walters, K., Clements, M., Faria, A., Tobey, C., Sorensen, N., & Culp, K. (2012). Access to Algebra I: The effects of online mathematics for grade 8 students (NCEE 2012&ndash;4021). Washington, DC: National Center for Education Evaluation and Regional Assistance, Institute of Education Sciences, U.S. Department of Education.",2012,auto,eric,ED527394,Access to Algebra I: The Effects of Online Mathematics for Grade 8 Students. NCEE 2012-4021,https://eric.ed.gov/?id=ED527394,https://files.eric.ed.gov/fulltext/ED527394.pdf,,api-eric
405,405-herrera-2013,wwc-a,wwc,"Herrera, C., Grossman, J. B., & Linden, L. L. (2013). Staying on track: Testing Higher Achievementâs long-term impact on academic outcomes and high school choice. New York: MDRC.",2013,auto,crossref,10.59656/yd-g0463.001,Staying On Track: Testing Higher Achievement’s Long-Term Impact on Academic Outcomes and High School Choice,https://doi.org/10.59656/yd-g0463.001,,crossref:10.15868/socialsector.15918,api-crossref
406,406-hill-2016,wwc-a,wwc,"Hill, D. V., & Lenard, M. A. (2016). The impact of Achieve3000 on elementary literacy outcomes: Randomized control trial evidence, 2013-14 to 2014-15 (DRA Report No. 16.02). Cary, NC: Wake County Public School System, Data and Accountability Department.",2016,manual,eric,ED581879,"The Impact of Achieve3000 on Elementary Literacy Outcomes: Randomized Control Trial Evidence, 2013-14 to 2014-15. Eye on Evaluation. DRA Report No. 16.02",https://eric.ed.gov/?id=ED581879,,,"ERIC record matches title, DRA report number, authors (Hill, Lenard), publisher (Wake County Public School System), and year; full text contains the 12,851 sample matching n_max; reading fits subject. Related SREE abstracts: ED567483 (2016) and ED610944 (2017, three-year results)."
414,414-horner-2018,wwc-a,wwc,"Horner, R. H., Newton, J. S., Todd, A. W., Algozzine, B., Algozzine, K., Cusumano, D., & Preston, A. (2018). A randomized waitlist controlled analysis of Team-Initiated Problem Solving professional development and use. Behavioral Disorders, 43(4), 444-456.",2018,auto,crossref,10.1177/0198742917745638,A Randomized Waitlist Controlled Analysis of Team-Initiated Problem Solving Professional Development and Use,https://doi.org/10.1177/0198742917745638,,,api-crossref
438,438-jacob-2015,wwc-a,wwc,"Jacob, R. T., Armstrong, C., & Willard, J. A. (2015). Mobilizing volunteer tutors to improve student literacy: Implementation, impacts, and costs of the Reading Partners program. New York: MDRC.",2015,manual,eric,ED558508,"Mobilizing Volunteer Tutors to Improve Student Literacy: Implementation, Impacts, and Costs of the Reading Partners Program",https://eric.ed.gov/?id=ED558508,,,"ERIC record (MDRC, March 2015; Tepper Jacob, Armstrong, Willard) matches title, authors, and year; report gives a respondent sample of 1,166 students (more than 1,100 randomized), consistent with n_max 1,147 for an outcome-specific analytic sample; reading fits subject. Related: ED546647 (2014 MDRC policy brief) and ED562165 (2015 SREE abstract)."
490,490-kim-2018,wwc-a,wwc,"Kim, H. Y., Hsin, L. B., & Snow, C. E. (2018). Reducing academic inequalities for English language learners: variation in experimental effects of word generation in high-poverty schools. International Journal of Bilingual Education and Bilingualism.",2018,auto,crossref,10.1080/13670050.2018.1535574,Reducing academic inequalities for English language learners: Variation in experimental effects of Word Generation in high-poverty schools,https://doi.org/10.1080/13670050.2018.1535574,,,api-crossref
491,491-kim-2011,wwc-a,wwc,"Kim, J. S., Capotosto, L., Hartry, A., & Fitzgerald, R. (2011). Can a mixed-method literacy intervention improve the reading achievement of low-performing elementary school students in an after-school program? Results from a randomized controlled trial of READ 180 enterprise. Educational Evaluation and Policy Analysis, 33(2), 183â201. https://eric.ed.gov/?id=EJ927617",2011,auto,citation,EJ927617,"Kim, J. S., Capotosto, L., Hartry, A., & Fitzgerald, R. (2011). Can a mixed-method literacy intervention improve the reading achievement of low-performing elementary school students in an after-school",https://eric.ed.gov/?id=EJ927617,https://files.eric.ed.gov/fulltext/EJ927617.pdf,,eric-in-citation
493,493-kim-2011,wwc-a,wwc,"Kim, J. S., Olson, C. B., Scarcella, R., Kramer, J., Pearson, M., van Dyk, D., Collins, P., & Land, R. E. (2011). A randomized experiment of a cognitive strategies approach to text-based analytical writing for mainstreamed Latino English language learners in grades 6 to 12. Journal of Research on Educational Effectiveness, 4(3), 231â263.",2011,auto,crossref,10.1080/19345747.2010.523513,A Randomized Experiment of a Cognitive Strategies Approach to Text-Based Analytical Writing for Mainstreamed Latino English Language Learners in Grades 6 to 12,https://doi.org/10.1080/19345747.2010.523513,,,api-crossref
494,494-kim-2010,wwc-a,wwc,"Kim, J. S., Samson, J. F., Fitzgerald, R., & Hartry, A. (2010). A randomized experiment of a mixed-methods literacy intervention for struggling readers in grades 4â6: Effects on word reading efficiency, reading comprehension and vocabulary, and oral reading fluency. Reading and Writing, 23(9), 1109â1129. https://eric.ed.gov/?id=EJ898468",2010,auto,citation,EJ898468,"Kim, J. S., Samson, J. F., Fitzgerald, R., & Hartry, A. (2010). A randomized experiment of a mixed-methods literacy intervention for struggling readers in grades 4–6: Effects on word reading efficienc",https://eric.ed.gov/?id=EJ898468,https://files.eric.ed.gov/fulltext/EJ898468.pdf,,eric-in-citation
588,588-meisch-2011,wwc-a,wwc,"Meisch, A., Hamilton, J., Chen, E.,Â Quintanilla, P.,Â Fong, P.,Â Gray-Adams, K.,Â ...Thornton, N. (2011). Striving Readers study: Targeted and whole-school interventionsâyear 5. Rockville, MD: Westat.",2011,auto,eric,ED601086,Striving Readers Study: Targeted & Whole-School Interventions -- Year 5,https://eric.ed.gov/?id=ED601086,https://files.eric.ed.gov/fulltext/ED601086.pdf,,api-eric
600,600-meyers-2016,wwc-b,wwc,"Meyers, C. V., Molefe, A., Brandt, W. C., Zhu, B., & Dhillon, S. (2016). Impact results of the eMINTS professional development validation study. Educational Evaluation & Policy Analysis, 38(3) 455-476.",2016,auto,crossref,10.3102/0162373716638446,Impact Results of the eMINTS Professional Development Validation Study,https://doi.org/10.3102/0162373716638446,,,api-crossref
601,601-meyers-2015,wwc-b,wwc,"Meyers, C., Molefe, A., Dhillon, S., & Zhu, B. (2015). The impact of eMINTS professional development on teacher instruction and student achievement. Year 3 report. Washington, DC: American Institutes for Research.",2015,auto,crossref,10.3102/0162373716638446,Impact Results of the eMINTS Professional Development Validation Study,https://doi.org/10.3102/0162373716638446,,,api-crossref
609,609-miller-2016,wwc-b,wwc,"Miller, S., Davison, J., Yohanis, J., Sloan, S., Gildea, A., & Thurston, A. (2016). Texting Parents: Evaluation report and executive summary. London, England: Educational Endowment Foundation.",2016,manual,eric,ED581121,Texting Parents: Evaluation Report and Executive Summary,https://eric.ed.gov/?id=ED581121,,,"Exact title and all six surnames (Miller, Davison, Yohanis, Sloan, Gildea, Thurston) in ERIC ED581121; ERIC dates it 2017, within one year of 2016; EEF trial of 15,697 pupils in 36 English secondary schools with English and maths outcomes, and the report's maths analysis sample is 11,590, so Kraft n_max 11587 is an analytic subsample, consistent with Math;Reading. Full text at files.eric.ed.gov/fulltext/ED581121.pdf."
619,619-usdepartmentofeducation-2015,wwc-b,wwc,N/A. (2015). U.S. Department of Education Grant Performance Report (ED-524B): CSR Colorado. U.S. Department of Education.,2015,unresolved,,,,,,,"Kraft cites an ED-524B grant performance report with no author, no public identifier, and no copy in ERIC, Crossref, or web search. CSR Colorado is the Collaborative Strategic Reading i3 validation grant to Denver Public Schools (U396B100143; project narrative at ed.gov/media/document/u396b100143pdf-103950.pdf). The related published evaluation, Boardman et al. 2015, 10.1007/s11145-015-9570-3, is a different document and its sample was not checked against n_max 6146, so it is not accepted."
625,625-nakamoto-2015,wwc-b,wwc,"Nakamoto, J., Sobolew-Shubin, S., & Orland, M. (2015). The Beaverton School District Arts for Learning (A4L) lessons project: An Investing in Innovation (i3) development grant. San Francisco, CA: WestEd.",2015,auto,eric,ED560945,"The Beaverton School District Arts for Learning (A4L) Lessons Project, an Investing in Innovation (i3) Development Grant: Student Impact Findings from Years 1, 2, and 3",https://eric.ed.gov/?id=ED560945,https://files.eric.ed.gov/fulltext/ED560945.pdf,,api-eric
634,634-dumont-2012,wwc-b,wwc,"Newman, D., Finney, P. B., Bell, S., Turner, H., Jaciw, A. P., Zacamy, J. L., & Feagans Gould, L. (2012). Evaluation of the effectiveness of the Alabama Math, Science, and Technology Initiative (AMSTI) (NCEE 2012â4008). Washington, DC: National Center for Education Evaluation and Regional Assistance, Institute of Education Sciences, U.S. Department of Education.",2012,override,override,ED529587,"Evaluation of the Effectiveness of the Alabama Math, Science, and Technology Initiative (AMSTI). Final Report. NCEE 2012-4008",https://eric.ed.gov/?id=ED529587,,,"Resolver matched the study-list author fields (dumont, trautwein, ludtke, neumann, niggli), which are wrong in Kraft's data, to Dumont et al. 2012 on parental homework (ERIC EJ953688). Kraft's citation string is Newman, Finney, Bell, Turner, Jaciw, Zacamy, and Feagans Gould 2012, AMSTI, NCEE 2012-4008, and the row (math SAT-10 problem solving and reading; n 18,710 to 18,713; grades 4-8; ES 0.05 and 0.06) matches that report. ERIC ED529587 with full text. Corrected by hand 2026-09-18."
650,650-olson-2020,wwc-b,wwc,"Olson, Carol Booth; Woodworth, Katrina; Arshan, Nicole; Black, Rebecca; Chung, Huy Q.; D'Aoust, Catherine; Dewar, Tim; Friedrich, Linda; Godfrey, Lauren; Land, Robert; Matuchniak, Tina; Scarcella, Robin; Stowell, Laurie. (2020). The Pathway to Academic Success: Scaling Up a Text-Based Analytical Writing Intervention for Latinos and English Learners in Secondary School. Journal of Educational Psychology v112 n4 p701-717.",2020,auto,crossref,10.1037/edu0000387,The pathway to academic success: Scaling up a text-based analytical writing intervention for Latinos and English learners in secondary school.,https://doi.org/10.1037/edu0000387,,,api-crossref
658,658-pane-2013,wwc-b,wwc,"Pane, J. F., Griffin, B. A., McCaffrey, D. F., & Karam, R. (2013). Effectiveness of Cognitive Tutor Algebra I at scale [Middle school]. Educational Evaluation and Policy Analysis, 36, 127â144.",2013,auto,crossref,10.3102/0162373713507480,Effectiveness of Cognitive Tutor Algebra I at Scale,https://doi.org/10.3102/0162373713507480,,eric:EJ1024233,api-crossref
661,661-park-2021,wwc-b,wwc,"Park, C., Arshan, N., Milby, A., & Goetz, R. (2021). Evaluation of the College, Career, and Community Writers Program: Findings from the i3 Scale-up Grant. Technical Report. Menlo Park, CA: SRI International.",2021,manual,eric,ED611837,"Evaluation of the College, Career, and Community Writers Program: Findings from the i3 Scale-Up Grant. Technical Report",https://eric.ed.gov/?id=ED611837,,,"Exact title, year 2021, and authors Park, Arshan, Milby, Goetz in ERIC ED611837; cluster RCT of 48 rural districts with a source-based argument writing outcome (Reading). The 2023 JREE article by Arshan, Park, Goetz (10.1080/19345747.2023.2179953; ERIC EJ1408303) is the journal version of the same study; Kraft cites the technical report. Sample size not stated in the ERIC abstract; n_max 1856 not directly checked."
665,665-patel-2018,wwc-b,wwc,"Patel, D., Wei, X., Laguarda, K., Stites, R., Cheever, H., & Goetz, R. (2018). Evaluation of Education Connections: Supporting teachers with standards-based instruction for English learners in mainstream classrooms. Final report. Menlo Park, CA: SRI International. https://www.sri.com/wp-content/uploads/pdf/evaluation_of_edconx_final_report_3-22-18_final.pdf",2018,manual,web,https://www.sri.com/publication/evaluation-of-education-connections-supporting-teachers-with-standards-based-instruction-for-english-learners-in-mainstream-classrooms/,Evaluation of Education Connections: Supporting Teachers with Standards-Based Instruction for English Learners in Mainstream Classrooms. Final Report,https://www.sri.com/publication/evaluation-of-education-connections-supporting-teachers-with-standards-based-instruction-for-english-learners-in-mainstream-classrooms/,,,"Not in ERIC or Crossref. The SRI publication page (Kraft PDF URL now 404; current PDF at sri.com/wp-content/uploads/2021/12/evaluation_of_edconx_final_report_3-22-18_final.pdf) carries the exact title, February 2018, authors Patel, Wei, Laguarda, Stites, Cheever, Goetz; the report Exhibit 3 gives a student analytic sample of 924 and a composite ES of 0.05, matching n_max 924 and es_list."
698,698-programevaluationgroupcollegeofeducationuniversityofgeorgia-2015,wwc-b,wwc,"Program Evaluation Group, College of Education, University of Georgia. (2015). EngageME P.L.E.A.S.E impact study results [Middle school]. Athens, GA: Author.",2015,manual,web,https://www.ed.gov/media/document/investing-innovation-i3-grantee-results-survey-forsyth-county-schools-engageme-please-2010-2015-6567.pdf,"Investing in Innovation (i3) Grantee Results Summary: Forsyth County Schools, EngageME P.L.E.A.S.E. (Development grant, 2010-2015)",https://www.ed.gov/media/document/investing-innovation-i3-grantee-results-survey-forsyth-county-schools-engageme-please-2010-2015-6567.pdf,,,"The cited Program Evaluation Group report is not in ERIC, Crossref, or web search, and the only link to it (forsyth.k12.ga.us i3_Forsyth_Impact_Report.pdf) returns 404. Accepted the ED.gov i3 results summary, which names the source as EngageMe P.L.E.A.S.E. Impact Study Results from Program Evaluation Group, University of Georgia, and reproduces its design (school-level RCT, 8 middle and 4 high schools, 2013-14) and sample sizes: middle school ELA 3,839 + 4,020 = 7,859 = n_max and math 3,811 + 3,992 = 7,803 = n_min. This is a summary of the study, not the report itself; flagged for the caller."
724,724-rappaport-2017,wwc-b,wwc,"Rappaport, S., Grossman, J., Garcia, I., Zhu, P., Avila, O., & Granito, K. (2017). Group Work is Not Cooperative Learning: An Evaluation of PowerTeaching in Middle Schools. A Report from the Investing in Innovation (i3) Evaluation. New York, NY: MDRC.",2017,auto,eric,ED575643,Group Work is Not Cooperative Learning: An Evaluation of PowerTeaching in Middle Schools. A Report from the Investing in Innovation (i3) Evaluation,https://eric.ed.gov/?id=ED575643,https://files.eric.ed.gov/fulltext/ED575643.pdf,,api-eric
755,755-roschelle-2010,wwc-b,wwc,"Roschelle, J., Shechtman, N., Tatar, D., Hegedus, S., Hopkins, B., Empson, S., Knudsen, J., & Gallagher, L. (2010). Integration of technology, curriculum, and professional development for advancing middle school mathematics: Three large-scale studies. American Educational Research Journal, 47(4), 833â878.",2010,auto,crossref,10.3102/0002831210367426,"Integration of Technology, Curriculum, and Professional Development for Advancing Middle School Mathematics",https://doi.org/10.3102/0002831210367426,,eric:EJ906914 crossref:10.1007/978-94-007-5696-0_8,api-crossref
778,778-sato-2010,wwc-b,wwc,"Sato, E., Rabinowitz, S., Gallagher, C., & Huang, C.-W. (2010). Accommodations for English language learner students: The effect of linguistic modification of math test item sets (NCEE 2009-4079). Washington, DC: National Center for Education Evaluation and Regional Assistance, Institute of Education Sciences, U.S. Department of Education.",2010,manual,eric,ED510556,Accommodations for English Language Learner Students: The Effect of Linguistic Modification of Math Test Item Sets. Final Report. NCEE 2009-4079,https://eric.ed.gov/?id=ED510556,,,"Exact title and NCEE number, ERIC year 2010, authors Sato, Rabinowitz, Gallagher, Huang; middle school math item study (Math). Sample size not stated in the ERIC abstract; n_max 2839 not directly checked. Full text at files.eric.ed.gov/fulltext/ED510556.pdf."
788,788-rethwisch-2012,wwc-b,wwc,"Schenck, A., Jurich, S., Frye, M., Lammert, J., & Sayko, S. (2012). Evaluation report/impact study: Virginia Striving Readers Intervention Initiative (VSRII). RMC Research Corporation. https://eric.ed.gov/?id=ED600907",2012,auto,citation,ED600907,"Schenck, A., Jurich, S., Frye, M., Lammert, J., & Sayko, S. (2012). Evaluation report/impact study: Virginia Striving Readers Intervention Initiative (VSRII). RMC Research Corporation. https://eric.ed",https://eric.ed.gov/?id=ED600907,https://files.eric.ed.gov/fulltext/ED600907.pdf,,eric-in-citation
789,789-schenke-2014,wwc-b,wwc,"Schenke, K., Rutherford, T., & Farkas, G. (2014). Alignment of game design features and state mathematics standards: Do results reflect intentions?. Computers & Education, 76, 215â224.",2014,auto,crossref,10.1016/j.compedu.2014.03.019,Alignment of game design features and state mathematics standards: Do results reflect intentions?,https://doi.org/10.1016/j.compedu.2014.03.019,,,api-crossref
794,794-schoen-2018,wwc-b,wwc,"Schoen, R. C., LaVenia, M., & Tazaz, A. M. (2018). Effects of the first year of a three-year CGI teacher professional development program on grades 3â5 student achievement: A multisite cluster-randomized trial.  (Research Report No. 2018-25). Tallahassee, FL: Learning Systems Institute, Florida State University.",2018,manual,crossref,10.33009/fsu.1562595733,Effects of the first year of a three-year CGI teacher professional-development program on grades 3-5 student achievement: A multisite cluster-randomized trial,https://doi.org/10.33009/fsu.1562595733,,ED599649,"Exact title, 2018, Schoen, LaVenia, Tazaz, FSU research report DOI (resolves to diginole.lib.fsu.edu/islandora/object/fsu:684415); grades 3-5 mathematics (Math). ERIC ED613873 is the 2019 AERA paper of the same study and 10.1086/732783 the 2024 journal version; Kraft cites the 2018 report. n_max 1683 not directly checked because the DOI landing page blocks curl."
861,861-steele-2017,wwc-b,wwc,"Steele, J. L., Slater, R. O., Zamarro, G., Miller, T., Li, J., Burkhauser, S. & Bacon, M. (2017). Effects of dual-language immersion programs on student achievement: Evidence from lottery data. American Educational Research Journal, 50(1), 282S-306S.",2017,auto,crossref,10.3102/0002831216634463,Effects of Dual-Language Immersion Programs on Student Achievement,https://doi.org/10.3102/0002831216634463,,,api-crossref
864,864-stevens-1991,wwc-b,wwc,"Stevens, R. J., Slavin, R. E., & Farnish, A. M. (1991). The effects of cooperative learning and direct instruction in reading comprehension strategies on main idea identification. Journal of Educational Psychology, 83(1), 8â16.",1991,auto,crossref,10.1037/0022-0663.83.1.8,The effects of cooperative learning and direct instruction in reading comprehension strategies on main idea identification.,https://doi.org/10.1037/0022-0663.83.1.8,,,api-crossref
874,874-suppes-2013,wwc-b,wwc,"Suppes, P., Holland, P. W., Hu, Y., Vu, M. (2013). Effectiveness of an Individualized Computer-Driven Online Math K-5 Course in Eight California Title I Elementary Schools. Educational Assessment, 18, 162-181.",2013,auto,crossref,10.1080/10627197.2013.814516,Effectiveness of an Individualized Computer-Driven Online Math K-5 Course in Eight California Title I Elementary Schools,https://doi.org/10.1080/10627197.2013.814516,,eric:EJ1023953,api-crossref
879,879-swanlund-2012,wwc-b,wwc,"Swanlund, A., Dahlke, K., Tucker, N., Kleidon, B., Kregor, J., Davidson-Gibbs, D., & Halberg, K. (2012). Striving Readers: Impact study and project evaluation reportâWisconsin Department of Public Instruction (with Milwaukee Public Schools). American Institutes for Research. https://eric.ed.gov/?id=ED595200",2012,auto,citation,ED595200,"Swanlund, A., Dahlke, K., Tucker, N., Kleidon, B., Kregor, J., Davidson-Gibbs, D., & Halberg, K. (2012). Striving Readers: Impact study and project evaluation report—Wisconsin Department of Public Ins",https://eric.ed.gov/?id=ED595200,https://files.eric.ed.gov/fulltext/ED595200.pdf,,eric-in-citation
926,926-tuttle-2015,wwc-b,wwc,"Tuttle, C. C., Gleason, P., Knechtel, V., Nichols-Barrer, I., Booker, K., Chojnacki, G., ... Goble, L. (2015). Understanding the effect of KIPP as it scales: Volume I, Impacts on achievement and other outcomes. Final report of KIPPâs Investing in Innovation grant evaluation [Middle School; RCT]. Washington, DC: Mathematica Policy Research.",2015,manual,eric,ED560079,"Understanding the Effect of KIPP as It Scales: Volume I, Impacts on Achievement and Other Outcomes. Final Report of KIPP's Investing in Innovation Grant Evaluation",https://eric.ed.gov/?id=ED560079,,,"Exact title, 2015, authors Tuttle, Gleason, Knechtel, Nichols-Barrer, Booker, Chojnacki, Coen, Goble; the full report states 608 students in the lottery-based middle school sample, matching n_max 608 and Kraft's [Middle School; RCT] tag. ED560080 is the executive summary and ED581456 is Volume II; not chosen. Full text at files.eric.ed.gov/fulltext/ED560079.pdf."
938,938-vadasy-2015,wwc-b,wwc,"Vadasy, P. F., Sanders, E. A., & Logan Herrera, B. (2015). Efficacy of rich vocabulary instruction in fourth- and fifth-grade classrooms. Journal of Research on Educational Effectiveness, 8(3), 325-365.",2015,auto,crossref,10.1080/19345747.2014.933495,Efficacy of Rich Vocabulary Instruction in Fourth- and Fifth-Grade Classrooms,https://doi.org/10.1080/19345747.2014.933495,,eric:EJ1068559,api-crossref
956,956-vaughn-2017,wwc-b,wwc,"Vaughn, S., Martinez, L. R., Wanzek, J., Roberts, G., Swanson, E., & Fall, A. (2017). Improving content knowledge and comprehension for English language learners: Findings from a randomized control trial. Journal of Educational Psychology, 109(1), 22-34.",2017,override,override,ED652174,Improving Content Knowledge and Comprehension for English Language Learners: Findings from a Randomized Control Trial,https://eric.ed.gov/?id=ED652174,,,"Resolution to the JEP article (10.1037/edu0000069) was right, but Unpaywall's only open location was the APA supplemental file (PACT lesson plans), so text/ holds the supplement rather than the article. Kraft's WWC row (Vaughn, Martinez, Wanzek, Roberts, Swanson, Fall 2017; grade 8 social studies with English learners; n 1,236; ASK ES 0.40) matches the article; ERIC ED652174 carries the full-text author manuscript (journal record EJ1125544). Corrected by hand 2026-09-18."
958,958-vaughn-2019,wwc-b,wwc,"Vaughn, S., Roberts, G. J., Miciak, J., Taylor, P., & Fletcher, J. M. (2019). Efficacy of a word- and text-based intervention for students with significant reading difficulties. Journal of Learning Disabilities, 52(1), 31â44. https://eric.ed.gov/?id=EJ1199703",2019,auto,crossref,10.1177/0022219418775113,Efficacy of a Word- and Text-Based Intervention for Students With Significant Reading Difficulties,https://doi.org/10.1177/0022219418775113,,,api-crossref
959,959-vaughn-2016,wwc-b,wwc,"Vaughn, S., SolÃ­s, M., Miciak, J., Taylor, W. P., & Fletcher, J. M. (2016). Effects from a randomized control trial comparing researcher and school-implemented treatments with fourth graders with significant reading difficulties. Journal of Research on Educational Effectiveness, 9(sup1), 23â44. https://eric.ed.gov/?id=EJ1115339",2016,auto,crossref,10.1080/19345747.2015.1126386,Effects From a Randomized Control Trial Comparing Researcher and School-Implemented Treatments With Fourth Graders With Significant Reading Difficulties,https://doi.org/10.1080/19345747.2015.1126386,,,api-crossref
960,960-vaughn-2013,wwc-b,wwc,"Vaughn, S., Swanson, E. A., Roberts, G., Wanzek, J., Stillman-Spisak, S. J., Solis, M., & Simmons, D. (2013). Improving reading comprehension and social studies knowledge in middle school. Reading Research Quarterly, 48(1) 77&ndash;93.",2013,manual,crossref,10.1002/rrq.039,Improving Reading Comprehension and Social Studies Knowledge in Middle School,https://doi.org/10.1002/rrq.039,,10.1177/0014402914563704,"Exact title, Reading Research Quarterly 2013, all seven surnames match; ERIC record for the same article is EJ996121 and the WWC single study review is ED544200, which gives analysis samples of 203 to 218 treatment and 119 to 126 comparison students (322 to 344), matching Kraft n 322 to 339 (Reading). The 2014 replication (10.1007/s10648-014-9274-2) is a different study."
961,961-vaughn-2010,wwc-b,wwc,"Vaughn, S., Wanzek, J., Wexler, J., Barth, A., Cirino, P. T., Fletcher, J., Romain, M., Denton, C. A., Roberts, G., & Francis, D. (2010). The relative effects of group size on reading progress of older students with reading difficulties. Reading and Writing: An Interdisciplinary Journal, 23(8), 931â956. https://eric.ed.gov/?id=EJ893981",2010,auto,citation,EJ893981,"Vaughn, S., Wanzek, J., Wexler, J., Barth, A., Cirino, P. T., Fletcher, J., Romain, M., Denton, C. A., Roberts, G., & Francis, D. (2010). The relative effects of group size on reading progress of olde",https://eric.ed.gov/?id=EJ893981,https://files.eric.ed.gov/fulltext/EJ893981.pdf,,eric-in-citation
1000,1000-wijekumar-2012,wwc-b,wwc,"Wijekumar, K., Meyer, B. J. F., & Lei, P. (2012). Large-scale randomized controlled trial with 4th graders using intelligent tutoring of the structure strategy to improve nonfiction reading comprehension. Educational Technology Research and Development, 60(6), 987-1013.",2012,auto,crossref,10.1007/s11423-012-9263-4,Large-scale randomized controlled trial with 4th graders using intelligent tutoring of the structure strategy to improve nonfiction reading comprehension,https://doi.org/10.1007/s11423-012-9263-4,,eric:EJ986753,api-crossref
1017,1017-woodworth-2017,wwc-b,wwc,"Woodworth, K., Arshan, N., & Gallagher, H.A. (2017). UC Irvine Writing Projectâs Pathway to Academic Success program: An Investing in Innovation (i3) validation grant evaluation. Technical report. Menlo Park, CA: SRI International.  https://www.sri.com/wp-content/uploads/pdf/pathway_i3_sri_technical_report_21dec17_final_in_jan.pdf",2017,override,override,https://www.sri.com/wp-content/uploads/2021/12/pathway_i3_sri_technical_report_21dec17_final_in_jan.pdf,UC Irvine Writing Project's Pathway to Academic Success Program: An Investing in Innovation (i3) Validation Grant Evaluation. Technical Report,https://www.sri.com/wp-content/uploads/2021/12/pathway_i3_sri_technical_report_21dec17_final_in_jan.pdf,,,"Resolver accepted ERIC EJ1147938, the National Writing Project College-Ready Writers Program evaluation, and retrieval fetched its SREE abstract (ED567632). Kraft's WWC citation is Woodworth, Arshan, and Gallagher 2017, SRI International, Pathway i3 validation evaluation (grades 7-12; n 486; Analytic Writing Continuum ES 0.03). The URL in Kraft's citation now 404s; SRI hosts the same file at the 2021/12 upload path. Corrected by hand 2026-09-18."
1028,1028-young-2017,wwc-b,wwc,"Young, V., Schmidt, R., Wang, H., Cassidy, L., & Laguarda, K. (2017). A comprehensive model of teacher induction: Implementation and impact on teachers and students. Evaluation of the New Teacher Centerâs i3 validation grant, final report. Menlo Park, CA: SRI International. https://www.sri.com/publication/a-comprehensive-model-of-teacher-induction-implementation-and-impact-on-teachers-and-students-evaluation-of-the-new-teacher-centers-i3-validation-grant-final-report/",2017,manual,web,https://www.sri.com/publication/education-learning-pubs/teaching-quality-pubs/a-comprehensive-model-of-teacher-induction-implementation-and-impact-on-teachers-and-students-evaluation-of-the-new-teacher-centers-i3-validation-grant-final-report/,"A Comprehensive Model of Teacher Induction: Implementation and Impact on Teachers and Students. Evaluation of the New Teacher Center's i3 Validation Grant, Final Report",https://www.sri.com/publication/education-learning-pubs/teaching-quality-pubs/a-comprehensive-model-of-teacher-induction-implementation-and-impact-on-teachers-and-students-evaluation-of-the-new-teacher-centers-i3-validation-grant-final-report/,,,"Not in ERIC or Crossref. Kraft's SRI URL redirects (301) to this page; the full report PDF (December 2017, Young, Schmidt, Wang, Cassidy, Laguarda; also at newteachercenter.org/wp-content/uploads/2024/10/NTC-i3-Validation-Comprehensive-Report-Final.pdf) reports impact samples of 6,147 students for ELA (ES 0.09) and 4,972 for math (ES 0.15), matching n_max 6147, n_min 4972, and es_list. Note Kraft tags the subject as Math only although the 6,147 sample is the ELA analysis."
