study_id,key,wwc_study_id,match_method,in_export,wwc_citation,protocol,rating,design,purpose,grades,pct_ell,pct_frpl,pct_iep,delivery_school,program_school_level,sample_descriptions,setting,study_sample,sample_characteristics,finding_samples,wwc_code,wwc_level,wwc_rule,wwc_confidence,wwc_quote,url
98,98-borman-2007,82904,export,1,"Borman, G. D., Dowling, N. M., & Schneck, C. (2008). Educational Evaluation and Policy Analysis, 30(4), 389–407.",Beginning Reading,Meets WWC standards without reservations,Randomized controlled trial,Intervention Report,"1,2,3",12.00,67.00,5.00,,,Grades 1-3,"The study initially included six schools—one each in Florida, Georgia, Idaho, Indiana, North Carolina, and Texas. Two schools were from rural areas, two from suburban areas, and two from urban areas. The Georgia school dropped out of the study.","McGraw-Hill Education recruited a group of schools that had not previously used Open Court Reading© to participate in the study. The six schools that initially participated were given free Open Court Reading© materials, as well as a teacher training program and implementation support. At each school, classrooms were randomly assigned within each grade either to be enrolled in Open Court Reading© or to serve as the comparison group. The entire study sample consisted of 57 grade 1–5 classrooms containing a total of 1,099 students. The sample considered in this review, which aligns to the Beginning Reading review protocol, initially consisted of 44 grade 1–3 classrooms containing a total of 855 students. After attrition, the combined analysis sample consisted of 36 classrooms containing 679 students in grades 1–3; 379 students in the 20 Open Court Reading© classrooms and 300 students in 16 comparison classrooms. Of the participating students, more than 70% were minorities, and more than 75% were eligible for free or reduced-price lunches. Fewer than 15% were English as Second Language (ESL) students, and fewer than 10% were special education students.",Study sample characteristics were not reported. Open Court Reading© Intervention Report - Beginning Reading,Grades 1-3; 679 students | Grades 1-5; 917 students,unclear,unclear,narrative present but no eligibility phrase,medium,,/Study/82904
141,141-campuzano-2009,82115,export,1,"Campuzano, Larissa; Dynarski, Mark; Agodini, Roberto; Rall, Kristina (2009). National Center for Education Evaluation and Regional Assistance.",Quick Review Protocol,Meets WWC standards without reservations,Randomized Controlled Trial,Quick Review,"1,4,6,9,10,11,12",,61.00,,,,Grade 6,"This 2-year congressionally-mandated study of education technology included several algebra interventions, including Cognitive Tutor® Algebra I. Findings from the first year of the study pooled all of the algebra interventions together. Therefore, this WWC intervention report focuses on findings from the second year, in which results are reported separately by intervention. In the second year of the study, Cognitive Tutor® Algebra I was implemented in nine schools in four districts. Districts were located in urban and urban fringe areas. Within each of the nine study schools, teachers were ran",Students in the year one and two combined sample were 51 percent female for the intervention group and 46 percent female for the comparison group. The average age of students in the imputed analytic sample was 14.93 for both study groups. No other information about sample characteristics for either the full sample of the second-year sample is provided in the report.,Study Details Additional Sources,"Grade 1; 1,079 students | Grade 1; 1,155 students | Grade 1; 618 students | Grade 1; 742 students | Grade 4; 1,274 students | Grade 4; 899 students | Grade 6; 1,037 students | Grade 6; 2,588 students | Grade 9; 1,204 students | Grade 9; 755 students | Grades 8 and 9; 270 students",universal,none,narrative: universal phrase 'full sample',high,full sample,/Study/82115
252,252-campuzano-2007,82115,export,1,"Campuzano, Larissa; Dynarski, Mark; Agodini, Roberto; Rall, Kristina (2009). National Center for Education Evaluation and Regional Assistance.",Quick Review Protocol,Meets WWC standards without reservations,Randomized Controlled Trial,Quick Review,"1,4,6,9,10,11,12",,61.00,,,,Grade 6,"This 2-year congressionally-mandated study of education technology included several algebra interventions, including Cognitive Tutor® Algebra I. Findings from the first year of the study pooled all of the algebra interventions together. Therefore, this WWC intervention report focuses on findings from the second year, in which results are reported separately by intervention. In the second year of the study, Cognitive Tutor® Algebra I was implemented in nine schools in four districts. Districts were located in urban and urban fringe areas. Within each of the nine study schools, teachers were ran",Students in the year one and two combined sample were 51 percent female for the intervention group and 46 percent female for the comparison group. The average age of students in the imputed analytic sample was 14.93 for both study groups. No other information about sample characteristics for either the full sample of the second-year sample is provided in the report.,Study Details Additional Sources,"Grade 1; 1,079 students | Grade 1; 1,155 students | Grade 1; 618 students | Grade 1; 742 students | Grade 4; 1,274 students | Grade 4; 899 students | Grade 6; 1,037 students | Grade 6; 2,588 students | Grade 9; 1,204 students | Grade 9; 755 students | Grades 8 and 9; 270 students",universal,none,narrative: universal phrase 'full sample',high,full sample,/Study/82115
254,254-dynarski-2007,82115,export,1,"Campuzano, Larissa; Dynarski, Mark; Agodini, Roberto; Rall, Kristina (2009). National Center for Education Evaluation and Regional Assistance.",Quick Review Protocol,Meets WWC standards without reservations,Randomized Controlled Trial,Quick Review,"1,4,6,9,10,11,12",,61.00,,,,Grade 6,"This 2-year congressionally-mandated study of education technology included several algebra interventions, including Cognitive Tutor® Algebra I. Findings from the first year of the study pooled all of the algebra interventions together. Therefore, this WWC intervention report focuses on findings from the second year, in which results are reported separately by intervention. In the second year of the study, Cognitive Tutor® Algebra I was implemented in nine schools in four districts. Districts were located in urban and urban fringe areas. Within each of the nine study schools, teachers were ran",Students in the year one and two combined sample were 51 percent female for the intervention group and 46 percent female for the comparison group. The average age of students in the imputed analytic sample was 14.93 for both study groups. No other information about sample characteristics for either the full sample of the second-year sample is provided in the report.,Study Details Additional Sources,"Grade 1; 1,079 students | Grade 1; 1,155 students | Grade 1; 618 students | Grade 1; 742 students | Grade 4; 1,274 students | Grade 4; 899 students | Grade 6; 1,037 students | Grade 6; 2,588 students | Grade 9; 1,204 students | Grade 9; 755 students | Grades 8 and 9; 270 students",universal,none,narrative: universal phrase 'full sample',high,full sample,/Study/82115
271,271-faddis-2011,81690,export,1,"Faddis, Bonnie J., Beam, Margaret, Maxim, Lauren, Gandhi, Elizabeth Vale, Hahn, Karen, Hale, Rita (2011). RMC Research Corporation .",Adolescent Literacy,Meets WWC standards without reservations,Randomized Controlled Trial,IES Performance Measure,"7,8,9,10",25.00,,,,,Middle school sample,"Students in middle and high school in nine Portland, Oregon Public Schools.","In the intervention group, students were 52% male, 25% White, 29% Hispanic, 28% African American, and 15% Asian. Twenty-five percent of the sample received special education services, and 28% received ELL services. In the comparison group, students were 53% male, 24% White, 31% Hispanic, 29% African American, and 12% Asian. Twenty-six percent of the sample received special education services, and 25% received ELL services.",Study Details,,unclear,unclear,narrative present but no eligibility phrase,medium,,/Study/81690
435,435-jacob-2015,80616,export,1,"Tepper Jacob, Robin; Armstrong, Catherine; Willard, Jacklyn Altuna (2015). MDRC.",Single Study Review,Meets WWC standards without reservations,Randomized Controlled Trial,Single Study Review,"2,3,4,5",55.00,90.00,,,,All students,"The study took place in 19 schools: 16 schools in California, two in New York, and one in Washington, DC. The majority of the schools were Title I schools. Eight of the 19 schools were “in varying stages of federal School Improvement status.”","The analytic sample was 55% male, 65% Hispanic, 19% African American, 9% Asian, 6% White, and 1% other race or ethnicity. Over 90% of students in the analytic sample were eligible for free or reduced-price lunch, and 55% of students were English learners. The intervention and comparison groups had similar characteristics.",Study Details,"All students; 1,147 students | All students; 1,151 students | Students in grades 2 and 3; 594 students | Students in grades 4 and 5; 557 students | Students who are ELs; 625 students | Students who are not ELs; 498 students",targeted_other,school,narrative: group phrase 'Title I',high,Title I,/Study/80616
485,485-olson-2012,78614,export,1,"Kim, James S.; Olson, Carol Booth; Scarcella, Robin; Kramer, Jason; Pearson, Matthew; van Dyk, David; Collins, Penny; Land, Robert E. (2011). Journal of Research on Educational Effectiveness, v4 n3 p231-263.",Single Study Review,Meets WWC standards without reservations,Randomized controlled trial,Single Study Review,"6,7,8,9,10,11,12",100.00,79.00,,,,English learners; year 1 sample | Full sample | Grades 6-12,"The study took place in 15 secondary schools (9 middle schools and 6 high schools) in the Santa Ana Unified School District, an urban school district in California, during the 2007–08 and 2008–09 school years.","The study consisted of 52 Pathway to Academic Success Project teachers and 51 comparison group teachers. The sample included 2,726 English learner students in grades 6 to 12. All students were English learners, 95% of students were Hispanic, and Spanish was the first language for 88% of students. Forty-nine percent of students were male, and 79% of students were eligible for free or reduced-price lunch.",Study Details Additional Sources,"Full sample; 1,133 students | Full sample; 1,393 students | Full sample; 1,733 students | Full sample; 101 teachers | Full sample; 2,711 students | Full sample; 2,721 students | Full sample; 2,726 students | Full sample; 95 teachers | Grades 6-12; 1,393 students | Grades 6-12; 2,711 students | Grades 6-12; 2,721 students",targeted_other,school,narrative: group phrase 'English learner',high,English learner,/Study/78614
486,486-kim-2016,85771,export,1,"Kim, James S.; Hemphill, Lowry; Troyer, Margaret; Thomson, Jenny M.; Jones, Stephanie M.; LaRusso, Maria D.; Donovan, Suzanne (2017). Reading Research Quarterly, v52 n3 p357-382 Jul-Sep 2017.",Adolescent Literacy,Meets WWC standards without reservations,Randomized Controlled Trial,Grant Competition,"6,7,8",0.00,72.75,0.00,,1.00,Full sample,"The study took place in eight middle schools in four school districts in Massachusetts. All schools were Title I, with most students eligible for free or reduced-price lunch.","The students were middle schoolers in grades 6–8 who had been identified as needing intensive reading support based on a state English language arts assessment. The study did not include students in separate special education classes or with individualized education programs requiring intensive phonics. Students who were beginning English language learners (levels 1 or 2) were also not eligible. Of the 483 students who were eligible, the researchers randomly assigned 207 students to the intervention group and 276 students to the comparison group.",Study Details,Full sample; 398 students | Full sample; 401 students | Full sample; 402 students,targeted_low,student,narrative: low-achievement phrase 'identified as needing',high,identified as needing,/Study/85771
790,790-schiller-2012,81697,export,1,"Schiller, E., Wei, X., Thayer, S., Blackorby, J., Javitz, H., & Williamson, C. (2012). Menlo Park, CA: SRI International. .",Adolescent Literacy,Meets WWC standards without reservations,Randomized Controlled Trial,IES Performance Measure,"6,7,8,9,10",,,,,,Full sample,A total of seven schools (4 middle schools and 3 high schools) in southeast and western Michigan participated in the study.,"Focusing on the full sample, the Read Fusion group was 54% male, 81% African American, 7% Hispanic/Latino, 10% White, 12% were identified as having a learning disability, and 9% were identified as having any disability. The comparison group was 57% male, 80% African American, 6% Hispanic/Latino, 12% White, 14% were identified as having a learning disability, and 9% were identified as having any disability.",Study Details,Full sample; 252 students | Full sample; 561 students | Full sample; 562 students | Full sample; 568 students | Full sample; 569 students,universal,none,descriptors: universal phrase 'Full sample',medium,Full sample,/Study/81697
802,802-serveminnesota-2017,90323,export,1,ServeMinnesota (2018). Minnesota Math Corps. https://osf.io/7s4bv/.,Study Review Protocol,Meets WWC standards without reservations,Randomized Controlled Trial,Grant Competition,"4,5,6,7,8",12.00,45.00,,,,Full sample,"The intervention occurred in 20 schools across Minnesota in suburban, urban, and rural communities. The schools included 13 elementary schools, 6 middle schools, and 1 intermediate school.","Students in the sample were 53 percent White, 24 percent Black/African American, 11 percent Hispanic, 8 percent Asian, and 4 percent other. Twelve percent of students were identified as English language learners, and 45 percent were eligible for free or reduced-price lunch. Girls slightly outnumbered boys in the sample.",Study Details,Full sample; 652 students | Full sample; 688 students,targeted_other,student,narrative: group phrase 'Girls',high,Girls,/Study/90323
825,825-slavin-1984,72996,export,1,"Slavin, R. E., & Karweit, N. L. (1984). American Educational Research Journal, 12(4), 725–736.",Single Study Review,Meets WWC standards with reservations,Randomized controlled trial,Single Study Review,9,,,,,,Mastery | Teams,,,,Student Team Learning vs. No mastery Posttest Mastery; 588 students | Student Team Learning vs. No teams Posttest Teams; 588 students,unclear,unclear,no eligibility statement found in WWC text,low,,/Study/72996
970,970-wang-2011,78475,export,1,"Wang, H., & Woodworth, K. (2011). Menlo Park, CA: SRI International. Retrieved from http://www.dreambox.com/.",Elementary School Mathematics,Meets WWC standards without reservations,Randomized Controlled Trial,Intervention Report,"1,K",81.00,88.00,4.00,,,Grades K and 1,"The study was conducted in three Rocketship Education charter schools located in San Jose, California.","The study sample included all kindergarten and first-grade students at the three schools that participated in the study, a total of 557 students after attrition from a sample of 583 who were randomly assigned. The number of classrooms included in the study is not specified. Within grade levels, students were randomly assigned to either the intervention or comparison groups at a 4 to 1 ratio. In the baseline sample, 53% of students were female, 87% were Hispanic, 81% were English language learners, 88% were eligible for free or reduced-price meals, 4% were classified as special education, and 10% participated in Response to Intervention (RtI) services.",Study Details Additional Sources,Grades K and 1; 557 students,universal,none,narrative: universal phrase 'all kindergarten and first-grade students',high,all kindergarten and first-grade students,/Study/78475
253,253-dynarski-2007,82115,export,1,"Campuzano, Larissa; Dynarski, Mark; Agodini, Roberto; Rall, Kristina (2009). National Center for Education Evaluation and Regional Assistance.",Quick Review Protocol,Meets WWC standards without reservations,Randomized Controlled Trial,Quick Review,"1,4,6,9,10,11,12",,61.00,,,,Grade 6,"This 2-year congressionally-mandated study of education technology included several algebra interventions, including Cognitive Tutor® Algebra I. Findings from the first year of the study pooled all of the algebra interventions together. Therefore, this WWC intervention report focuses on findings from the second year, in which results are reported separately by intervention. In the second year of the study, Cognitive Tutor® Algebra I was implemented in nine schools in four districts. Districts were located in urban and urban fringe areas. Within each of the nine study schools, teachers were ran",Students in the year one and two combined sample were 51 percent female for the intervention group and 46 percent female for the comparison group. The average age of students in the imputed analytic sample was 14.93 for both study groups. No other information about sample characteristics for either the full sample of the second-year sample is provided in the report.,Study Details Additional Sources,"Grade 1; 1,079 students | Grade 1; 1,155 students | Grade 1; 618 students | Grade 1; 742 students | Grade 4; 1,274 students | Grade 4; 899 students | Grade 6; 1,037 students | Grade 6; 2,588 students | Grade 9; 1,204 students | Grade 9; 755 students | Grades 8 and 9; 270 students",universal,none,narrative: universal phrase 'full sample',high,full sample,/Study/82115
607,607-miller-2016,84224,export,1,"Miller, Sarah; Davison, Jenny; Yohanis, Jamie; Sloan, Seaneen; Gildea, Aideen; Thurston, Allen (2017). Education Endowment Foundation.",Review of Individual Studies,Meets WWC standards without reservations,Randomized Controlled Trial,Quick Review,"6,7,8,9,10,11",17.00,16.00,19.00,,,Full sample,"The study was conducted in 36 geographically dispersed secondary schools in England. Each school contained students from Key Stages (KS) 3 and 4 of the English educational system. Within participating schools, students in Years 7, 9, and 11 were eligible for inclusion in the study. KS3 includes Years 7 and 9, and students in these years are typically between 11 and 14 years old. KS4 includes Year 11, and students in Year 11 are typically 15 to 16 years old.","The analytic sample included 29 schools and 58 KS groups (29 KS groups in the intervention condition and 29 KS groups in the comparison condition). For the absenteeism outcome, the analytic sample included 7,436 students in the intervention group and 7,919 in the comparison group. For the general mathematics achievement outcome, the analytic sample included 5,613 students in the intervention group and 5,977 students in the comparison group. For the general literacy achievement outcome, the analytic sample included 5,376 students in the intervention group and 6,037 students in the comparison group. In both the intervention and comparison groups, 55% of students were male. 14% of students in the intervention group and 18% of students in the comparison group were eligible for free school meals. 17% of students in the intervention group and 19% of students in the comparison group were English as an Additional Language (EAL) status. 18% of students in the intervention group and 20% of students in the comparison group were characterized as having Special Educational Needs (SEN). 73% of students in the intervention group and 67% of students in the comparison group were ""White British."" 57",Study Details,"Full sample; 11,413 students | Full sample; 11,587 students | Full sample; 15,350 students",universal,none,descriptors: universal phrase 'Full sample',medium,Full sample,/Study/84224
1040,1040-campuzano-2009,82115,export,1,"Campuzano, Larissa; Dynarski, Mark; Agodini, Roberto; Rall, Kristina (2009). National Center for Education Evaluation and Regional Assistance.",Quick Review Protocol,Meets WWC standards without reservations,Randomized Controlled Trial,Quick Review,"1,4,6,9,10,11,12",,61.00,,,,Grade 6,"This 2-year congressionally-mandated study of education technology included several algebra interventions, including Cognitive Tutor® Algebra I. Findings from the first year of the study pooled all of the algebra interventions together. Therefore, this WWC intervention report focuses on findings from the second year, in which results are reported separately by intervention. In the second year of the study, Cognitive Tutor® Algebra I was implemented in nine schools in four districts. Districts were located in urban and urban fringe areas. Within each of the nine study schools, teachers were ran",Students in the year one and two combined sample were 51 percent female for the intervention group and 46 percent female for the comparison group. The average age of students in the imputed analytic sample was 14.93 for both study groups. No other information about sample characteristics for either the full sample of the second-year sample is provided in the report.,Study Details Additional Sources,"Grade 1; 1,079 students | Grade 1; 1,155 students | Grade 1; 618 students | Grade 1; 742 students | Grade 4; 1,274 students | Grade 4; 899 students | Grade 6; 1,037 students | Grade 6; 2,588 students | Grade 9; 1,204 students | Grade 9; 755 students | Grades 8 and 9; 270 students",universal,none,narrative: universal phrase 'full sample',high,full sample,/Study/82115
1044,1044-dynarski-2008,82115,export,1,"Campuzano, Larissa; Dynarski, Mark; Agodini, Roberto; Rall, Kristina (2009). National Center for Education Evaluation and Regional Assistance.",Quick Review Protocol,Meets WWC standards without reservations,Randomized Controlled Trial,Quick Review,"1,4,6,9,10,11,12",,61.00,,,,Grade 6,"This 2-year congressionally-mandated study of education technology included several algebra interventions, including Cognitive Tutor® Algebra I. Findings from the first year of the study pooled all of the algebra interventions together. Therefore, this WWC intervention report focuses on findings from the second year, in which results are reported separately by intervention. In the second year of the study, Cognitive Tutor® Algebra I was implemented in nine schools in four districts. Districts were located in urban and urban fringe areas. Within each of the nine study schools, teachers were ran",Students in the year one and two combined sample were 51 percent female for the intervention group and 46 percent female for the comparison group. The average age of students in the imputed analytic sample was 14.93 for both study groups. No other information about sample characteristics for either the full sample of the second-year sample is provided in the report.,Study Details Additional Sources,"Grade 1; 1,079 students | Grade 1; 1,155 students | Grade 1; 618 students | Grade 1; 742 students | Grade 4; 1,274 students | Grade 4; 899 students | Grade 6; 1,037 students | Grade 6; 2,588 students | Grade 9; 1,204 students | Grade 9; 755 students | Grades 8 and 9; 270 students",universal,none,narrative: universal phrase 'full sample',high,full sample,/Study/82115
82,82-bifulco-2009,81476,export,1,"Bifulco, Robert; Cobb, Casey D.; Bell, Courtney (2009). Educational Evaluation and Policy Analysis, v31 n4 p323-345.",Single Study Review,Meets WWC standards without reservations,Randomized Controlled Trial,Grant Competition,8,,,,1.00,1.00,Full sample,"The study takes place in and around Hartford, New Haven, and Waterbury, CT.",The analyses presented in the study examine students in both urban and suburban settings.,Study Details,Full sample; 514 students | Full sample; 516 students,universal,none,descriptors: universal phrase 'Full sample',medium,Full sample,/Study/81476
116,116-brandt-2013,87694,export,1,"Meyers, Coby V.; Molefe, Ayrin; Brandt, W. Christopher; Zhu, Bo; Dhillon, Sonica (2016). Educational Evaluation and Policy Analysis, v38 n3 p455-476.","Teacher Training, Evaluation, and Compensation",Meets WWC standards with reservations,Randomized Controlled Trial,Intervention Report,"7,8",0.80,58.30,12.40,,,Grades 7 and 8 (Year 3 report),"The study was conducted in 39 rural, high-poverty schools in Missouri in grades 7 and 8. Eligible schools were in rural areas and were either Title I schools or had a majority of students who were eligible for the free- or reduced-price meal program.","The 39 schools in the analytic sample included at least 2,079 students in grades 7 and 8. About 58% of students were eligible for free or reduced-priced lunch, less than 1% were limited English proficient, and 12% had an individual education plan. Fifty-one percent were male and 95% were White.",Study Details Additional Sources,"Grades 7 and 8 (Year 1 report); 3,430 students | Grades 7 and 8 (Year 2 report); 3,054 students | Grades 7 and 8 (Year 2 report); 3,302 students | Grades 7 and 8 (Year 3 report); 1,931 students | Grades 7 and 8 (Year 3 report); 2,079 students",targeted_other,school,narrative: group phrase 'Title I',high,Title I,/Study/87694
144,144-cantrell-2008,67272,export,1,"Cantrell, Steven; Fullerton, Jon; Kane, Thomas J.; Staiger, Douglas O. (2008). National Bureau of Economic Research.",Quick Review Protocol,Meets WWC standards without reservations,Randomized Controlled Trial,Quick Review,"2,3,4,5",,,,,,Achieved National Board Certification,,,Study sample characteristics were not reported. Grant Competition,,unclear,unclear,no eligibility statement found in WWC text,low,,/Study/67272
168,168-clark-2013,1120,export,1,"Clark, Melissa A.; Chiang, Hanley S.; Silva, Tim; McConnell, Sheena; Sonnenfeld, Kathy; Erbe, Anastasia; Puma, Michael (2013). National Center for Education Evaluation and Regional Assistance.",Single Study Review,Meets WWC standards without reservations,Randomized Controlled Trial,Single Study Review,"6,7,8,9,10,11,12",8.00,88.00,7.00,,,Cohorts 1 and 2 | Grades 6-12,The study was conducted in 44 secondary schools in nine school districts in eight states.,"The study included two cohorts of students in grades 6–12: one that participated in the 2009–10 school year, and one that participated in the 2010–11 school year. In each participating school, students were randomly assigned within “classroom matches” to either a class taught by a TNTP Teaching Fellows teacher or a class taught by a comparison teacher. A classroom match consisted of two or more classes covering the same eligible middle or high school math courses that were deemed comparable by the study authors based on factors such as level (for example, honors or regular), length (one or two semesters), and arrangements made for the inclusion of English learners and special education students. After 7,288 students (3,659 TNTP Teaching Fellows, 3,629 comparison) were randomly assigned, attrition occurred due to students leaving the school prior to the start of the school year, lack of parental consent, or students not having valid end-of-year mathematics achievement scores. The analytic sample included 4,116 students (2,127 TNTP Teaching Fellows, 1,989 comparison) taught by 153 teachers (69 TNTP Teaching Fellows, 84 comparison) in 44 schools. The mean age of the students was 14.3 ",Study Details,"Full sample; 4,116 students | Grades 6-12; 4,573 students | Grades 6-8; 3,373 students | Grades 9-12; 1,200 students",targeted_other,school,narrative: group phrase 'English learners',high,English learners,/Study/1120
359,359-glazerman-2006,1121,export,1,"Glazerman, Steven; Mayer, Daniel; Decker, Paul (2006). Journal of Policy Analysis and Management, v25 n1 p75-96.","Teacher Training, Evaluation, and Compensation",Meets WWC standards without reservations,Randomized Controlled Trial,Intervention Report,"1,2,3,4,5",,95.00,,,,Grades 1-5,"The study took place in 17 schools located in six TFA regions: Baltimore, Chicago, Houston, Los Angeles (Compton school district), the Mississippi Delta, and New Orleans.","Among the students, 49% were female, 20% were overage for their grade, and 95% were eligible for free or reduced-price lunch. The racial/ethnic demographics were as follows: 67% were African American; 26% were Hispanic; 4% were unknown; and 3% were another race/ethnicity, non-Hispanic.",Study Details Additional Sources,"Grades 1-5; 1,715 students",unclear,unclear,narrative present but no eligibility phrase,medium,,/Study/1121
360,360-glazerman-2009,80566,export,1,"Glazerman, Steven; Seifullah, Allison (2010). Mathematica Policy Research, Inc.",Quick Review Protocol,Meets WWC standards with reservations,Quasi-Experimental Design,Quick Review,"4,5,6,7,8",3.00,94.00,15.00,1.00,,Cohorts 1 and 2,,,Study sample characteristics were not reported. An Evaluation of the Teacher Advancement Program (TAP) in Chicago: Year Two Impact Report,,unclear,unclear,no eligibility statement found in WWC text,low,,/Study/80566
361,361-glazerman-2013,78648,export,1,"Glazerman, Steven; Protik, Ali; Teh, Bing-ru; Bruch, Julie; Max, Jeffrey (2013). National Center for Education Evaluation and Regional Assistance.",Single Study Review,Meets WWC standards without reservations,Randomized controlled trial,Single Study Review,"3,4,5,6,7,8",26.00,82.00,7.00,1.00,,Elementary students: Cohort 1,,,,,unclear,unclear,no eligibility statement found in WWC text,low,,/Study/78648
365,365-gleason-2010,67302,export,1,"Gleason, Philip; Clark, Melissa; Tuttle, Christina Clark; Dwoyer, Emily (2010). National Center for Education Evaluation and Regional Assistance.",Quick Review Protocol,Meets WWC standards without reservations,Randomized Controlled Trial,Quick Review,"4,5,6,7",9.00,34.00,17.00,1.00,,Overall,,,,,universal,unclear,"export: grade-only sample descriptions, no narrative",low,Overall,/Study/67302
473,473-kemple-2000,78544,export,1,"Kemple, James J.; Snipes, Jason C. (2000).",Dropout Prevention,Meets WWC standards without reservations,Randomized Controlled Trial,Intervention Report,"9,10,11,12,PS",8.00,,,1.00,,Full sample,"The study took place in 9 high schools, including one in the District of Columbia and others in large urban and small cities in Pennsylvania (1 school), Maryland (1 school), Florida (2 schools), Texas (1 school), and California (3 schools).","The researchers randomly assigned 1,028 eligible students to the intervention group and 862 eligible students to the comparison group. A total of 1,482 students in grades 9 through 12 were included in the study. Approximately 59 percent of the students were female, 29 percent were Black, 7 percent were White, and 64 percent were Other or unknown. Fifty-seven percent were Hispanic. Eight percent of students were English language learners. The authors did not report on the percentage of students who received free or reduced price lunch.",Study Details Additional Sources,"Full sample; 1,379 students | Full sample; 1,404 students | Full sample; 1,428 students | Full sample; 1,454 students | Full sample; 1,458 students | Full sample; 1,482 students",targeted_other,school,narrative: group phrase 'English language learners',high,English language learners,/Study/78544
740,740-riccio-2010,67293,export,1,"Miller, Cynthia; Riccio, James (2011). Society for Research on Educational Effectiveness.",Quick Review Protocol,Meets WWC standards without reservations,Randomized controlled trial,Quick Review,"1,2,3,4,5,6,7,8,9,K,10,11,12,PK",,,,,,Grades 2-5 | Grades 3-5 | Grades 9-12 | Grades K-5,,,,"Grade 11; 297 students | Grade 12; 264 students | Grades 6-8; 2,581 students | Grades 9-12; 2,813 students | Grades 9-12; 3,077 students | Grades K-5; 3,692 students",universal,unclear,"export: grade-only sample descriptions, no narrative",low,Grades 2-5; Grades 3-5; Grades 9-12; Grades K-5,/Study/67293
826,826-slavin-1985,72996,export,1,"Slavin, R. E., & Karweit, N. L. (1984). American Educational Research Journal, 12(4), 725–736.",Single Study Review,Meets WWC standards with reservations,Randomized controlled trial,Single Study Review,9,,,,,,Mastery | Teams,,,,Student Team Learning vs. No mastery Posttest Mastery; 588 students | Student Team Learning vs. No teams Posttest Teams; 588 students,unclear,unclear,no eligibility statement found in WWC text,low,,/Study/72996
923,923-tuttle-2013,77028,export,1,"Tuttle, C. C., Gill, B., Gleason, P., Knechtel, V., Nichols-Barrer, I., & Resch, A. (2013). Washington, DC: Mathematica Policy Research. .",Single Study Review,Meets WWC standards without reservations,Randomized Controlled Trial,Single Study Review,"5,6",10.00,77.00,8.00,1.00,,1-year posttest | 2-year follow-up | 3-year follow-up,"The experimental portion of the study was conducted in 13 KIPP schools located in California, the District of Columbia, Georgia, Massachusetts, New York, and Texas. The quasi-experimental portion of the study was conducted in 41 KIPP schools located in Arkansas, California, Colorado, the District of Columbia, Georgia, Indiana, Louisiana, Massachusetts, New York, North Carolina, Oklahoma, Pennsylvania, Tennessee, and Texas.","For the experimental portion of the study, each of 13 KIPP schools used a lottery to randomly assign students either to receive an offer to attend the KIPP school or to not receive an offer. The schools included in the analyses varied depending on the availability of outcome data, and a list of schools used in each analysis was provided by the authors after an inquiry by the WWC. Specifically, the analysis of state assessments in reading and mathematics included 725 students (260 intervention and 465 comparison) entering fifth or sixth grade who applied to attend 10 of the KIPP schools that used a lottery. The follow-up sample in these schools included 536 students (202 intervention and 334 comparison) 1 year after random assignment and 441 students (181 intervention and 260 comparison) 2 years after random assignment. The experimental portion of the study also included the administration of the TerraNova reading and mathematics assessment at 10 schools, some of which were different than the 10 schools included in the analysis of state assessments. The sample for this portion of the study included 1,016 students (431 intervention and 585 comparison) at the beginning of the study an","Study sample characteristics were not reported. KIPP middle schools: Impacts on achievement and other outcomes, final report.",,universal,none,narrative: universal phrase 'lottery',high,lottery,/Study/77028
997,997-wijekumar-2012,77453,export,1,"Wijekumar, Kausalai Kay; Meyer, Bonnie J. F.; Lei, Puiwa (2012). Educational Technology Research and Development, v60 n6 p987-1013.",Single Study Review,Meets WWC standards without reservations,Randomized controlled trial,Single Study Review,"4,5",,,,,,Aggregated sample | Grade 4,"The study included fourth- and fifth-grade classrooms from 45 rural and suburban elementary schools, 12 school districts, and two states in the United States.","The number of students in the analytic sample, including both fourth- and fifth-grade students, differs by outcome, ranging from 4,035 to 4,856 students. No demographic or sample characteristics were provided on the fourth-grade analytic sample; however, the authors stated that the intervention and comparison groups were balanced on student socioeconomic status, number of English learners, percentage of racial/ethnic minorities, and gender. The 45 schools in the fifth-grade sample are composed of 8% to 14% racial/ethnic minorities and 39% to 44% socioeconomically disadvantaged students.",Study Details Additional Sources,"Grade 4; 1,875 students | Grade 4; 1,877 students | Grade 4; 1,900 students | Grade 4; 1,904 students | Grade 4; 1,910 students | Grade 4; 2,371 students",targeted_other,school,narrative: group phrase 'English learners',high,English learners,/Study/77453
1010,1010-wolf-2010,67279,export,1,"Wolf, Patrick; Gutmann, Babette; Puma, Michael; Kisida, Brian; Rizzo, Lou; Eissa, Nada (2009). National Center for Education Evaluation and Regional Assistance.",Quick Review Protocol,Meets WWC standards without reservations,Randomized Controlled Trial,Quick Review,"1,2,3,4,5,6,7,8,9,K,10,11,12",,,,,,Overall,,,,,universal,unclear,"export: grade-only sample descriptions, no narrative",low,Overall,/Study/67279
139,139-campuzano-2009,82115,export,1,"Campuzano, Larissa; Dynarski, Mark; Agodini, Roberto; Rall, Kristina (2009). National Center for Education Evaluation and Regional Assistance.",Quick Review Protocol,Meets WWC standards without reservations,Randomized Controlled Trial,Quick Review,"1,4,6,9,10,11,12",,61.00,,,,Grade 6,"This 2-year congressionally-mandated study of education technology included several algebra interventions, including Cognitive Tutor® Algebra I. Findings from the first year of the study pooled all of the algebra interventions together. Therefore, this WWC intervention report focuses on findings from the second year, in which results are reported separately by intervention. In the second year of the study, Cognitive Tutor® Algebra I was implemented in nine schools in four districts. Districts were located in urban and urban fringe areas. Within each of the nine study schools, teachers were ran",Students in the year one and two combined sample were 51 percent female for the intervention group and 46 percent female for the comparison group. The average age of students in the imputed analytic sample was 14.93 for both study groups. No other information about sample characteristics for either the full sample of the second-year sample is provided in the report.,Study Details Additional Sources,"Grade 1; 1,079 students | Grade 1; 1,155 students | Grade 1; 618 students | Grade 1; 742 students | Grade 4; 1,274 students | Grade 4; 899 students | Grade 6; 1,037 students | Grade 6; 2,588 students | Grade 9; 1,204 students | Grade 9; 755 students | Grades 8 and 9; 270 students",universal,none,narrative: universal phrase 'full sample',high,full sample,/Study/82115
140,140-campuzano-2009,82115,export,1,"Campuzano, Larissa; Dynarski, Mark; Agodini, Roberto; Rall, Kristina (2009). National Center for Education Evaluation and Regional Assistance.",Quick Review Protocol,Meets WWC standards without reservations,Randomized Controlled Trial,Quick Review,"1,4,6,9,10,11,12",,61.00,,,,Grade 6,"This 2-year congressionally-mandated study of education technology included several algebra interventions, including Cognitive Tutor® Algebra I. Findings from the first year of the study pooled all of the algebra interventions together. Therefore, this WWC intervention report focuses on findings from the second year, in which results are reported separately by intervention. In the second year of the study, Cognitive Tutor® Algebra I was implemented in nine schools in four districts. Districts were located in urban and urban fringe areas. Within each of the nine study schools, teachers were ran",Students in the year one and two combined sample were 51 percent female for the intervention group and 46 percent female for the comparison group. The average age of students in the imputed analytic sample was 14.93 for both study groups. No other information about sample characteristics for either the full sample of the second-year sample is provided in the report.,Study Details Additional Sources,"Grade 1; 1,079 students | Grade 1; 1,155 students | Grade 1; 618 students | Grade 1; 742 students | Grade 4; 1,274 students | Grade 4; 899 students | Grade 6; 1,037 students | Grade 6; 2,588 students | Grade 9; 1,204 students | Grade 9; 755 students | Grades 8 and 9; 270 students",universal,none,narrative: universal phrase 'full sample',high,full sample,/Study/82115
484,484-kim-2011,78614,export,1,"Kim, James S.; Olson, Carol Booth; Scarcella, Robin; Kramer, Jason; Pearson, Matthew; van Dyk, David; Collins, Penny; Land, Robert E. (2011). Journal of Research on Educational Effectiveness, v4 n3 p231-263.",Single Study Review,Meets WWC standards without reservations,Randomized controlled trial,Single Study Review,"6,7,8,9,10,11,12",100.00,79.00,,,,English learners; year 1 sample | Full sample | Grades 6-12,"The study took place in 15 secondary schools (9 middle schools and 6 high schools) in the Santa Ana Unified School District, an urban school district in California, during the 2007–08 and 2008–09 school years.","The study consisted of 52 Pathway to Academic Success Project teachers and 51 comparison group teachers. The sample included 2,726 English learner students in grades 6 to 12. All students were English learners, 95% of students were Hispanic, and Spanish was the first language for 88% of students. Forty-nine percent of students were male, and 79% of students were eligible for free or reduced-price lunch.",Study Details Additional Sources,"Full sample; 1,133 students | Full sample; 1,393 students | Full sample; 1,733 students | Full sample; 101 teachers | Full sample; 2,711 students | Full sample; 2,721 students | Full sample; 2,726 students | Full sample; 95 teachers | Grades 6-12; 1,393 students | Grades 6-12; 2,711 students | Grades 6-12; 2,721 students",targeted_other,school,narrative: group phrase 'English learner',high,English learner,/Study/78614
924,924-tuttle-2015,85516,export,1,"Tuttle, Christina Clark; Gleason, Philip; Knechtel, Virginia; Nichols-Barrer, Ira; Booker, Kevin; Chojnacki, Gregory; Coen, Thomas; Goble, Lisbeth (2015). Mathematica Policy Research, Inc.",Charter Schools,Meets WWC standards with reservations,Quasi-Experimental Design,Intervention Report,"6,7,8,9,10,11,12",7.00,,,1.00,,High school: matched-school sample (same cohort) | High school: matched-student sample (new entrants) | Middle school: lottery sample | Tuttle 2015 Middle school: matched-student sample,"This analysis includes students and schools in multiple states and districts in the United States where KIPP charter schools operate. The study took place in 43 middle schools in the KIPP network in 20 cities across the following 12 states and the District of Columbia: Arkansas, California, Colorado, Georgia, Maryland, Massachusetts, New Jersey, New York, North Carolina, Pennsylvania, Tennessee, and Texas.","The study used a matched-student quasi-experimental design, where the intervention group consisted of students who attended 37 KIPP middle schools, and the comparison group was a sample matched based on student baseline characteristics: baseline reading and math test scores; gender, race, special education, limited English proficiency, and free or reduced-price lunch status; and whether the student repeated a grade in the baseline year. Sample characteristics for the analysis samples with non-imputed baseline data, on which the WWC based the intervention’s effectiveness rating, are not reported.",Study Details Additional Sources,"Full sample; 2,570 students | Full sample; 2,576 students | Full sample; 5,439 students | Full sample; 5,442 students | Full sample; 8,020 students | Full sample; 8,041 students",targeted_other,school,narrative: group phrase 'limited English',high,limited English,/Study/85516
1030,1030-ysseldyke-2007,14407,export,1,"Ysseldyke, Jim; Tardrew, Steve (2007). Journal of Applied School Psychology, v24 n1 p1-28.",Primary Mathematics,Meets WWC standards with reservations,Randomized Controlled Trial,Intervention Report,"3,4,5,6",3.00,17.00,,,,Full sample (NCE),The study was conducted in 47 schools in 24 states. The eligible sample of students which is reviewed in this report includes grades 3–6. The study did not report the number of schools in this sample.15 The study occurred in the second semester of the 2001–02 school year.,"Among all students in the analytic sample in grades 3–6, approximately 17% qualified for free or reduced-price meals, 49% were female, 5% were learning disabled or in special education, and 3% were English language learners.",Study Details Additional Sources,Grade 4; 614 students | Grade 6; 326 students | Grades 7 and 8; 149 students,universal,none,descriptors: universal phrase 'Full sample',medium,Full sample,/Study/14407
1047,1047-gleason-2010,67302,export,1,"Gleason, Philip; Clark, Melissa; Tuttle, Christina Clark; Dwoyer, Emily (2010). National Center for Education Evaluation and Regional Assistance.",Quick Review Protocol,Meets WWC standards without reservations,Randomized Controlled Trial,Quick Review,"4,5,6,7",9.00,34.00,17.00,1.00,,Overall,,,,,universal,unclear,"export: grade-only sample descriptions, no narrative",low,Overall,/Study/67302
1073,1073-wolf-2010,67279,export,1,"Wolf, Patrick; Gutmann, Babette; Puma, Michael; Kisida, Brian; Rizzo, Lou; Eissa, Nada (2009). National Center for Education Evaluation and Regional Assistance.",Quick Review Protocol,Meets WWC standards without reservations,Randomized Controlled Trial,Quick Review,"1,2,3,4,5,6,7,8,9,K,10,11,12",,,,,,Overall,,,,,universal,unclear,"export: grade-only sample descriptions, no narrative",low,Overall,/Study/67279
32,32-ault-2017,86085,search,0,"Ault, Phyllis Campbell; Roccograndi, Angela; Burke, Art (2017). Education Northwest.",,,,,,,,,,,,This study took place in 5 urban school districts in the state of Alaska.,"Among the participating teachers in the sample, all teachers were first year teachers, and more than three-forths (78.2%) were female. The majority of the teachers had at least bachelor's degrees (61.7%) and about one-quarter had master's degrees (25.6%). Nearly two-thirds of the participating teachers received their teaching degrees in Alaska (62.9%). The large majority (85%) did not relocate to Alaska for their teaching job. Among students in the sample (in Year 2), about half the sample was White (48%), 5% were African-American, 12% were Alaska Native, 10% were Asian, 10% were Hispanic, 5% were Native Hawaiian or Pacific Islander, 10% were two or more races, and less than 5% were American Indian. About half of the student sample was female, and about two thirds (68.4%) of the student sample qualified for free or reduced price lunch. About one-fifth (20.7%) of the sample were English language learners. About one-fourth of the sample (23.7%) were special education students.",Study Details,Full sample; 519 teachers | Full sample; 97 teachers,universal,none,descriptors: universal phrase 'Full sample',medium,Full sample,https://ies.ed.gov/ncee/wwc/Study/86085
65,65-beam-2011,89969,override,1,"Beam, Margaret, Faddis, Bonnie J., Hahn, Karen (2011). RMC Research Corporation.",Adolescent Literacy,Meets WWC standards without reservations,Randomized Controlled Trial,Single Study Review,"4,5,6,7,8",13.08,,,,,Full sample,"The study was conducted during the 2010-11 school year across 11 schools (7 elementary and 4 middle) from a large, suburban school district serving 22,000 students in Riverside County, California.","The study included a total of 344 students in grades 4 to 8. Students were eligible for the study if they scored as beginning or developing readers on a standardized reading assessment. Overall, most students in the study were male (58%), and 42% qualified for free or reduced-price lunch. Approximately 30% had a disability (with 7% having a specific learning disability and 23% having another disability) and 13% were English language learners. Sixty-three percent were White, 10% were Black, and 27% were another race. Sixteen percent were Hispanic or Latino.",Study Details Additional Sources,Full sample; 287 students | Full sample; 293 students | Full sample; 332 students | Full sample; 338 students | Full sample; 340 students | Full sample; 341 students | Full sample; 344 students,targeted_other,school,narrative: group phrase 'Hispanic',high,Hispanic,/Study/89969
66,66-beam-2012,89968,override,1,"Beam, Margaret, Faddis, Bonnie (2012). RMC Research Corporation. .",Adolescent Literacy,Meets WWC standards without reservations,Randomized Controlled Trial,Single Study Review,"4,5,6,7,8",5.00,,,,,Full sample,"The study was conducted in 16 schools—12 elementary schools, 2 K-8 schools, and 2 middle schools—in an urban, predominantly low-income school district in Michigan which serves around 9,000 students.","The study included a total of 317 students in grades 4 to 8. Students were eligible for the study if they scored as beginning or developing readers on a standardized reading assessment. Overall, most students in the study were male (around 60%), and 96% qualified for free or reduced-price lunch. Approximately half had a learning disability and 5% were English language learners. Seventy-eight percent were Black, 10% were White, and 12% were another race. Eleven percent were Hispanic or Latino and 89% were non-Hispanic or Latino.",Study Details Additional Sources,Full sample; 279 students | Full sample; 287 students | Full sample; 315 students | Full sample; 316 students | Full sample; 317 students | Students with learning disabilities; 145 students | Students with learning disabilities; 150 students | Students with learning disabilities; 163 students | Students with learning disabilities; 164 students | Students with learning disabilities; 165 students,targeted_other,school,narrative: group phrase 'low-income',high,low-income,/Study/89968
83,83-bifulco-2009,81476,export,1,"Bifulco, Robert; Cobb, Casey D.; Bell, Courtney (2009). Educational Evaluation and Policy Analysis, v31 n4 p323-345.",Single Study Review,Meets WWC standards without reservations,Randomized Controlled Trial,Grant Competition,8,,,,1.00,1.00,Full sample,"The study takes place in and around Hartford, New Haven, and Waterbury, CT.",The analyses presented in the study examine students in both urban and suburban settings.,Study Details,Full sample; 514 students | Full sample; 516 students,universal,none,descriptors: universal phrase 'Full sample',medium,Full sample,/Study/81476
109,109-bottge-2014,87446,export,1,"Bottge, B. A., Ma, X., Gassaway, L., Toland, M.D., Butler, M., & Cho, S. (2014). Exceptional Children, 80(4), 423-437.",Review of Individual Studies,Meets WWC standards with reservations,Randomized Controlled Trial,Single Study Review,"6,7,8",,74.00,0.00,,,Full sample,The study was conducted in 32 schools in a large metropolitan area in the southeastern United States. Instruction in both study conditions (intervention and comparison) took place in special education resource rooms.,"Of the students in the full analytic sample: 67 percent were male and 33 percent were female; 79 percent were Caucasian, 16 percent were African American, 1 percent were Native American, 1 percent were multiracial, and 3 percent were an unspecified race; 2 percent identified as Hispanic; 38 percent had a mild mental disability, 15 percent had a specific learning disability, 8 percent had autism, 6 percent had an emotional/behavioral disability, and 34 percent had another health impairment; and 74 percent were eligible for subsidized lunch.The majority of the students were in grades 7 and 8, and all were identified as having disabilities in mathematics.",Study Details,Full sample; 310 students | Full sample; 312 students | Full sample; 315 students | Full sample; 323 students,targeted_other,school,narrative: group phrase 'special education',high,special education,/Study/87446
113,113-bradshaw-2010,78551,export,1,"Bradshaw, Catherine P.; Mitchell, Mary M.; Leaf, Philip J. (2010). Journal of Positive Behavior Interventions, v12 n3 p133-148.",Single Study Review,Meets WWC standards without reservations,Randomized Controlled Trial,Grant Competition,"1,2,3,4,5,K",,40.00,14.00,1.00,,Grades 3-5,The study took place in 37 Maryland public elementary schools from five rural and suburban school districts.,The sample of students included slightly more males (53%) than females (47%). Students identified as African American (45%) and White (46%). Just under half (49%) received free or reduced-price meals. Thirteen percent received special education services.,Study Details,"Full sample; 11,738 students | Grade 3; 37 students | Grade 5,; 37 students | Grade 5; 37 students | Grades 3-5; 11,738 students",targeted_other,school,narrative: group phrase 'special education',high,special education,/Study/78551
117,117-brandt-2013,87694,export,1,"Meyers, Coby V.; Molefe, Ayrin; Brandt, W. Christopher; Zhu, Bo; Dhillon, Sonica (2016). Educational Evaluation and Policy Analysis, v38 n3 p455-476.","Teacher Training, Evaluation, and Compensation",Meets WWC standards with reservations,Randomized Controlled Trial,Intervention Report,"7,8",0.80,58.30,12.40,,,Grades 7 and 8 (Year 3 report),"The study was conducted in 39 rural, high-poverty schools in Missouri in grades 7 and 8. Eligible schools were in rural areas and were either Title I schools or had a majority of students who were eligible for the free- or reduced-price meal program.","The 39 schools in the analytic sample included at least 2,079 students in grades 7 and 8. About 58% of students were eligible for free or reduced-priced lunch, less than 1% were limited English proficient, and 12% had an individual education plan. Fifty-one percent were male and 95% were White.",Study Details Additional Sources,"Grades 7 and 8 (Year 1 report); 3,430 students | Grades 7 and 8 (Year 2 report); 3,054 students | Grades 7 and 8 (Year 2 report); 3,302 students | Grades 7 and 8 (Year 3 report); 1,931 students | Grades 7 and 8 (Year 3 report); 2,079 students",targeted_other,school,narrative: group phrase 'Title I',high,Title I,/Study/87694
170,170-clark-2013,1120,export,1,"Clark, Melissa A.; Chiang, Hanley S.; Silva, Tim; McConnell, Sheena; Sonnenfeld, Kathy; Erbe, Anastasia; Puma, Michael (2013). National Center for Education Evaluation and Regional Assistance.",Single Study Review,Meets WWC standards without reservations,Randomized Controlled Trial,Single Study Review,"6,7,8,9,10,11,12",8.00,88.00,7.00,,,Cohorts 1 and 2 | Grades 6-12,The study was conducted in 44 secondary schools in nine school districts in eight states.,"The study included two cohorts of students in grades 6–12: one that participated in the 2009–10 school year, and one that participated in the 2010–11 school year. In each participating school, students were randomly assigned within “classroom matches” to either a class taught by a TNTP Teaching Fellows teacher or a class taught by a comparison teacher. A classroom match consisted of two or more classes covering the same eligible middle or high school math courses that were deemed comparable by the study authors based on factors such as level (for example, honors or regular), length (one or two semesters), and arrangements made for the inclusion of English learners and special education students. After 7,288 students (3,659 TNTP Teaching Fellows, 3,629 comparison) were randomly assigned, attrition occurred due to students leaving the school prior to the start of the school year, lack of parental consent, or students not having valid end-of-year mathematics achievement scores. The analytic sample included 4,116 students (2,127 TNTP Teaching Fellows, 1,989 comparison) taught by 153 teachers (69 TNTP Teaching Fellows, 84 comparison) in 44 schools. The mean age of the students was 14.3 ",Study Details,"Full sample; 4,116 students | Grades 6-12; 4,573 students | Grades 6-8; 3,373 students | Grades 9-12; 1,200 students",targeted_other,school,narrative: group phrase 'English learners',high,English learners,/Study/1120
171,171-clark-2015,1137,search,0,"Clark, M. A., Isenberg, E., Liu, A. Y., Makowsky, L., & Zukiewicz, M. (2015). Princeton, NJ: Mathematica Policy Research. Retrieved from http://www.mathematica-mpr.com.",,,,,,,,,,,,"The study sample included 10 states, 13 school districts and other Teach for America (TFA) placement partners, 36 schools, and 156 teachers (66 TFA and 90 comparison teachers). The grade levels taught by the TFA and business-as-usual teachers ranged from pre-Kindergarten to fifth grade.","The average age for TFA teachers was 24 years old, with an average of 1.7 years of experience. In contrast, comparison teachers were 43 years old on average and had 13.6 years of experience. TFA teachers were mostly female (90%), and White and non-Hispanic (70%). Comparison teachers were also mostly female (99%) and 55% of them were White and non-Hispanic. Seventy-six percent of TFA teacher had graduated from selective colleges, whereas only 40% of comparison group had graduated from selective colleges.","Study sample characteristics were not reported. Study Details Setting The study sample included 10 states, 13 school districts and other Teach for America (TFA) placement partners, 36 schools, and 156 teachers (66 TFA and 90 comparison teachers). The grade levels taught by the TFA and business-as-usual teachers ranged from pre-Kindergarten to fifth grade. Study sample The average age for TFA teachers was 24 years old, with an average of 1.7 years of experience. In contrast, comparison teachers were 43 years old on average and had 13.6 years of experience. TFA teachers were mostly female (90%),","Full sample; 2,065 students | Full sample; 2,123 students | Grades 3–5; 412 students | Grades 3–5; 470 students | Grades pre-K and K; 1,561 students | Grades pre-K and K; 878 students | Grades pre-K–2; 1,653 students | Grades pre-K–5, TFA vs. traditionally certified; 1,836 students | Grades pre-K–5, TFA vs. traditionally certified; 1,884 students | Grades pre-K–5; 2,065 students | Grades pre-K–5; ",universal,none,descriptors: universal phrase 'Full sample',medium,Full sample,https://ies.ed.gov/ncee/wwc/Study/1137
219,219-decesare-2017,88756,search,0,"DeCesare, D., McClelland, A., & Randel, B. (2017). Washington, DC: U.S. Department of Education, Institute of Education Sciences, National Center for Education Evaluation and Regional Assistance, Regional Educational Laboratory Central. Retrieved fro",,,,,,,,,,,,"The study took place in first through fifth grade classrooms where reading and/or math were taught, from 11 Title I elementary schools in the Aurora Public School district in Colorado.","The participating teachers were all probationary in their first 3 years with the school district, regardless of prior teaching experience. Teachers taught reading and/or math in first through fifth grade. Teachers had an average of 1.4 years experience in the district, with prior teaching experience ranging from 0 to 15 years. In terms of Year 1 students, males ranged from 50.2% to 52.4%, depending on study group and math vs. reading assessment. Those eligible for the federal school lunch program ranged from 88.5% to 90.5%. Gifted and talented students ranged from 1.0% to 2.1%. Students with an IEP ranged from 9.0% to 10.1%. Race/ethnicity information is as follows: Hispanics ranged from 72.1% to 73%; Asian 4.9% to 5.5%; black 11.7% to 14.7%; white 4.4% to 5.0%; other 2.5% to 3.4%. For Year 2 students, males ranged from 50.0% to 54.8%, depending on study group and math vs. reading assessment. Those eligible for the federal school lunch program ranged from 92.5% to 98.9%. Gifted and talented students ranged from 1.0% to 2.6%. Students with an IEP ranged from 8.4% to 9.6%. Race/ethnicity information is as follows: Hispanics ranged from 71.9% to 75.4%; Asian 4.8% to 6.8%; black 12.4% ",Study Details,Full sample; 74 teachers | Full sample; 77 teachers,targeted_other,school,narrative: group phrase 'Title I',high,Title I,https://ies.ed.gov/ncee/wwc/Study/88756
238,238-dolfin-2019,89853,search,0,"Dolfin, Sarah,Richman, Scott,Choi, Jane,Streke, Andrei,DeSaw, Cheryl,Demers, Alicia,Poznyak, Dmitriy (2019). Washington D.C: Mathematica. .",,,,,,,,,,,,"The study team recruited school districts in urban, rural, and suburban locations across the United States. The study team focused on relatively high-need districts where at least 40% of students were eligible to receive free and reduced-price lunch. The experiment ultimately included schools that served upper elementary and/or middle school students from 18 districts across 12 states.","Among the participating schools, 71% of students were eligible for free or reduced-price lunch, 27% were White non-Hispanic, 46% were Black non-Hispanic, 21% were Hispanic, 6% reported another race, and 48% were female.",Study Details,,targeted_other,school,"narrative: group phrase 'recruited school districts in urban, rural'",high,"recruited school districts in urban, rural",https://ies.ed.gov/ncee/wwc/Study/89853
250,250-duncan-2018,86097,search,0,"Duncan, T., Moeller, B., Schoeneberger, J., & Hitchcock, J. (2018). Retrieved from https://bit.ly/2sqzUer.",,,,,,,,,,,,The study took place in 29 elementary schools in the Chicago Public Schools system.,"The sample was composed of 49.5% grade 4 teachers, 43.3% grade 5 teachers, and 7.2% grade 4 & 5 teachers. Most teachers were female (68%) and few (29.9%) were of a minority race. The student sample was evenly split between female (42.8%) and male (41.2%) students. Most students (78.7%) were economically disadvantaged. The race/ethnicity breakdown was as follows: 42.2% Hispanic, 36.7% African American, 3.6% White, 1.2% Asian, 0.4% multi, and 0.1% Native American.",Study Details,Full sample; 29 schools | Student level; 29 schools,universal,none,descriptors: universal phrase 'Full sample',medium,Full sample,https://ies.ed.gov/ncee/wwc/Study/86097
281,281-festas-2015,82551,export,1,"Festas, I., Oliveira, A. L., Rebelo, J. A., Damião, M. H., Harris, K., & Graham, S. (2015). Contemporary Educational Psychology, 40, 17–27.",Teaching Secondary Students to Write Effectively Practice Guide,Meets WWC standards without reservations,Randomized Controlled Trial,Practice Guide,8,,,,,,Full sample,"The study was conducted in six schools in a major city in Portugal (three middle schools, three combined middle and high school).","The analytic sample for the intervention group had a mean age of 13.33 and was 51.9% female. In the intervention group, 10% had repeated a grade and 1.9% had a special need. The language arts grades for the intervention schools was 3.66 and the general school achievement was 3.82. The analytic sample for the comparison group had a mean age of 13.56 and was 56.6% female. In the comparison group, 11.1% had repeated a grade and 4.3% had a special need. The language arts grades for the comparison schools was 3.68 and the general school achievement was 3.69.",Study Details Additional Sources,Full sample; 380 students,universal,none,descriptors: universal phrase 'Full sample',medium,Full sample,/Study/82551
284,284-fitzgerald-2008,82599,export,1,"Fitzgerald, R., & Hartry, A. (2008). Berkeley, CA: MPR Associates, Inc. and the National Partnership for Quality Afterschool Learning at SEDL.",Adolescent Literacy,Meets WWC standards without reservations,Randomized Controlled Trial,Intervention Report,"4,5,6",,80.00,18.00,,,Cohort 1,"The study included students in grades 4, 5, and 6 in four elementary schools in Brockton, Massachusetts.","Brockton Public Schools identified four of its 16 elementary schools to participate in the study. Schools were chosen because they had a large number of students reading below grade level, they had adequate facilities, and afterschool programs already existed in the schools. Students who enrolled in the afterschool program at each of these four schools were randomly assigned within school- and grade-blocks to be in either a READ 180® classroom or a comparison classroom. The study took place over 2 school years (2006–07 and 2007–08). In each study year, 24 afterschool classrooms participated: 12 READ 180® classrooms and 12 comparison group classrooms. The sizes of these afterschool classes ranged from eight to 17 students. A total of 36 teachers participated in the study in Year 1, and 30 teachers participated in Year 2. There are three analytic samples of interest in this study: (1) Cohort 1, first year sample (297 students); (2) Cohort 2, first year sample (187 students); and (3) Cohorts 1 and 2, combined second year sample (294 students). Findings from the Cohort 1, first year sample are presented in Kim et al. (2011). Although findings from this sample were also presented in Fit",Study Details Additional Sources,,targeted_low,student,narrative: low-achievement phrase 'below grade level',high,below grade level,/Study/82599
302,302-fryer-2012,77096,export,1,"Fryer, Roland G., Jr.; Levitt, Steven D.; List, John; Sadoff, Sally (2012). National Bureau of Economic Research.",Single Study Review,Meets WWC standards without reservations,Randomized controlled trial,Single Study Review,"1,2,3,4,5,6,7,8,K",14.00,98.00,11.00,,,K-8 schools,,,,,unclear,unclear,no eligibility statement found in WWC text,low,,/Study/77096
322,322-fuchs-2013,77773,export,1,"Fuchs, Lynn S.; Schumacher, Robin F.; Long, Jessica; Namkung, Jessica; Hamlett, Carol L.; Cirino, Paul T.; Jordan, Nancy C.; Siegler, Robert; Gersten, Russell; Changas, Paul (2013). Journal of Educational Psychology, v105 n3 p683-700 .",Single Study Review,Meets WWC standards without reservations,Randomized Controlled Trial,Single Study Review,4,11.00,83.00,5.00,,,At-risk students | Full sample | Multiplicative Word Problem Intervention vs. Additive Word Problem Intervention | Student cohort 1 | Student cohort 3: combined multiplicative word problems and additive word problems groups | Student cohort 4:  combined explaining and word problems groups | Student ,"Sample Alignment: Study participants are students who scored below the 35th percentile on an assessment of skill in whole-number calculation. A previous version of the study looked at students who were between the 0th and 17th percentiles and students who were between the 17th and 34th percentiles. Age or grade range: Students are in fourth grade. Location: Study participants are in 13 schools, presumably in the U.S.","Percentages were provided for intervention and control conditions separately. Respectively, intervention and control: 50% and 54% male; 12% and 9% EL; 81% and 83% FRL, 5% each recieved special education; 51% and 54% African American; 26% and 24% White; 19% and 19% Hispanic; 4% and 3% other. (all Hispanic students were White). According to the author, groups were demographically comparable (all ps  .05).",Study Details,Full sample; 259 students | Student cohort 1; 259 students | Student cohort 2: combined fluency and conceptual groups; 243 students | Student cohort 2: conceptual group; 159 students | Student cohort 2: fluency group ; 164 students | Student cohort 2: fluency group vs. conceptual group; 163 students | Student cohort 3: additive word problems group; 141 students | Student cohort 3: multiplicative w,targeted_low,student,narrative: low-achievement phrase 'below the 35th percentile',high,below the 35th percentile,/Study/77773
323,323-fuchs-2013,77773,export,1,"Fuchs, Lynn S.; Schumacher, Robin F.; Long, Jessica; Namkung, Jessica; Hamlett, Carol L.; Cirino, Paul T.; Jordan, Nancy C.; Siegler, Robert; Gersten, Russell; Changas, Paul (2013). Journal of Educational Psychology, v105 n3 p683-700 .",Single Study Review,Meets WWC standards without reservations,Randomized Controlled Trial,Single Study Review,4,11.00,83.00,5.00,,,At-risk students | Full sample | Multiplicative Word Problem Intervention vs. Additive Word Problem Intervention | Student cohort 1 | Student cohort 3: combined multiplicative word problems and additive word problems groups | Student cohort 4:  combined explaining and word problems groups | Student ,"Sample Alignment: Study participants are students who scored below the 35th percentile on an assessment of skill in whole-number calculation. A previous version of the study looked at students who were between the 0th and 17th percentiles and students who were between the 17th and 34th percentiles. Age or grade range: Students are in fourth grade. Location: Study participants are in 13 schools, presumably in the U.S.","Percentages were provided for intervention and control conditions separately. Respectively, intervention and control: 50% and 54% male; 12% and 9% EL; 81% and 83% FRL, 5% each recieved special education; 51% and 54% African American; 26% and 24% White; 19% and 19% Hispanic; 4% and 3% other. (all Hispanic students were White). According to the author, groups were demographically comparable (all ps  .05).",Study Details,Full sample; 259 students | Student cohort 1; 259 students | Student cohort 2: combined fluency and conceptual groups; 243 students | Student cohort 2: conceptual group; 159 students | Student cohort 2: fluency group ; 164 students | Student cohort 2: fluency group vs. conceptual group; 163 students | Student cohort 3: additive word problems group; 141 students | Student cohort 3: multiplicative w,targeted_low,student,narrative: low-achievement phrase 'below the 35th percentile',high,below the 35th percentile,/Study/77773
341,341-gallagher-2015,82553,export,1,"Gallagher, H. A., Woodworth, K. R., & Arshan, N. L. (2015). Menlo Park, CA: SRI International. https://www.nwp.org/uploads/files/sri-crwp-research-brief_nov-2015-final.pdf.",Teaching Secondary Students to Write Effectively Practice Guide,Meets WWC standards with reservations,Randomized Controlled Trial,Practice Guide,"7,8,9,10",,,,,,Full sample,The study was implemented in 44 high-poverty rural school districts in 10 states across the country.,"On average, approximately two-thirds of students in intervention and comparison districts were eligible for free of reduced-price meals.",Study Details,"Full sample; 2,486 students",targeted_other,school,narrative: group phrase 'high-poverty',high,high-poverty,/Study/82553
362,362-glazerman-2012,80567,search,0,"Glazerman, Steven; Seifullah, Allison (2012). Mathematica Policy Research, Inc.",,,,,,,,,,,,The study was conducted in Chicago Public Schools starting in the 2007–08 school year and continuing through the 2010–11 school year.,"Cluster Randomized Controlled Trial A total of 34 public elementary (grades K–8) schools in Chicago participated in the cluster randomized controlled trial part of the study. More than 90% of the students in these schools were African American, and more than 95% were eligible for free or reduced-price lunch. In spring 2007, 16 elementary schools were randomly assigned to begin Chicago TAP either in fall 2007 (eight schools in the Chicago TAP group [Cohort 1]) or in fall 2008 (eight schools in the comparison group [Cohort 2]). In spring 2009, 18 additional elementary schools were randomly assigned to begin Chicago TAP either in fall 2009 (nine schools in the Chicago TAP group [Cohort 3]) or in fall 2010 (nine schools in the comparison group [Cohort 4]). Thus, Cohort 2 served as a non-Chicago TAP comparison group for Cohort 1 during Cohort 1’s first year of implementation, and Cohort 4 served as a non-Chicago TAP comparison group for Cohort 3 during Cohort 3’s first year of implementation. Estimates of program impact after 1 year of implementation were then made by measuring the changes in student achievement for the Chicago TAP group of schools (Cohorts 1 and 3 pooled together) comp",Study Details Additional Sources,"Grade 4 and 7 students; 1,717 students | Grade 4-8 students; 7,656 students | Student Advancement vs. Business as usual 1 Year Grade: 4, 7; 1,717 students",targeted_other,school,narrative: group phrase 'special education',high,special education,https://ies.ed.gov/ncee/wwc/Study/80567
363,363-glazerman-2006,1121,export,1,"Glazerman, Steven; Mayer, Daniel; Decker, Paul (2006). Journal of Policy Analysis and Management, v25 n1 p75-96.","Teacher Training, Evaluation, and Compensation",Meets WWC standards without reservations,Randomized Controlled Trial,Intervention Report,"1,2,3,4,5",,95.00,,,,Grades 1-5,"The study took place in 17 schools located in six TFA regions: Baltimore, Chicago, Houston, Los Angeles (Compton school district), the Mississippi Delta, and New Orleans.","Among the students, 49% were female, 20% were overage for their grade, and 95% were eligible for free or reduced-price lunch. The racial/ethnic demographics were as follows: 67% were African American; 26% were Hispanic; 4% were unknown; and 3% were another race/ethnicity, non-Hispanic.",Study Details Additional Sources,"Grades 1-5; 1,715 students",unclear,unclear,narrative present but no eligibility phrase,medium,,/Study/1121
364,364-glazerman-2013,78648,export,1,"Glazerman, Steven; Protik, Ali; Teh, Bing-ru; Bruch, Julie; Max, Jeffrey (2013). National Center for Education Evaluation and Regional Assistance.",Single Study Review,Meets WWC standards without reservations,Randomized controlled trial,Single Study Review,"3,4,5,6,7,8",26.00,82.00,7.00,1.00,,Elementary students: Cohort 1,,,,,unclear,unclear,no eligibility statement found in WWC text,low,,/Study/78648
404,404-heppen-2012,70514,export,1,"Heppen, Jessica B.; Walters, Kirk; Clements, Margaret; Faria, Ann-Marie; Tobey, Cheryl; Sorensen, Nicholas; Culp, Katherine (2011). National Center for Education Evaluation and Regional Assistance.",Quick Review Protocol,Meets WWC standards without reservations,Randomized Controlled Trial,Quick Review,8,3.00,44.00,15.00,,,Imputed,,,,,unclear,unclear,no eligibility statement found in WWC text,low,,/Study/70514
405,405-herrera-2013,78772,export,1,"Herrera, Carla; Grossman, Jean Baldwin; Linden, Leigh L. (2013). MDRC.",Single Study Review,Meets WWC standards without reservations,Randomized Controlled Trial,Single Study Review,"5,6,7,8",,60.00,,,,Pooled cohorts | Year 4 participants,,,,,unclear,unclear,no eligibility statement found in WWC text,low,,/Study/78772
406,406-hill-2016,85405,override,0,"Hill, Darryl V.; Lenard, Matthew A. (2016). Wake County Public School System.",,,,,,,,,,,,"The study was conducted in 32 elementary schools in the Wake County Public School System (WCPSS) in Raleigh, North Carolina. As a countywide district, WCPSS has schools representing suburban, urban, and rural areas.","No demographic data were available on the study sample; however, in the 32 participating schools, the student population was 26 percent Black and race was not reported for 74 percent of students. Moreover, 19 percent of students were Hispanic, 49 percent were female, 9 percent were English learners, 12 percent were in special education, and 36 percent were economically disadvantaged.",Study Details,"Grade 2, 3 sample; 7,197 students | Grade 2, 3 sample; 7,296 students | Grade 4, 5 sample; 6,235 students | Grade 4, 5 sample; 6,307 students",unclear,unclear,narrative present but no eligibility phrase,medium,,https://ies.ed.gov/ncee/wwc/Study/85405
414,414-horner-2018,88818,export,1,"Horner, Robert H.; Newton, James S.; Todd, Anne W.; Algozzine, Bob; Algozzine, Kate; Cusumano, Dale; Preston, Angela (2018). Behavioral Disorders, v43 n4 p444-456.",Study Review Protocol,Meets WWC standards without reservations,Randomized Controlled Trial,Single Study Review,"1,2,3,4,5,K",,,,1.00,,Full sample,The study took place in 38 elementary schools in North Carolina (20 schools from 2 districts) and Oregon (18 schools from 8 districts). All participating schools had been implementing positive behavioral interventions and supports (PBIS) for at least 1 year.,"Schools were all elementary schools with students in kindergarten through grade 5. On average, the intervention schools enrolled 494 students and the comparison schools enrolled 477 students. The sample of students was 23% African American, 1% American Indian, 2% Asian, 23% Hispanic, 47% Caucasian, and 4% multiple races. Most (59%) students were eligible for free lunch and some (9%) were eligible for reduced-price lunch.",Study Details,"Full sample; 18,443 students",universal,none,narrative: universal phrase 'all elementary schools with students',high,all elementary schools with students,/Study/88818
438,438-jacob-2015,80616,export,1,"Tepper Jacob, Robin; Armstrong, Catherine; Willard, Jacklyn Altuna (2015). MDRC.",Single Study Review,Meets WWC standards without reservations,Randomized Controlled Trial,Single Study Review,"2,3,4,5",55.00,90.00,,,,All students,"The study took place in 19 schools: 16 schools in California, two in New York, and one in Washington, DC. The majority of the schools were Title I schools. Eight of the 19 schools were “in varying stages of federal School Improvement status.”","The analytic sample was 55% male, 65% Hispanic, 19% African American, 9% Asian, 6% White, and 1% other race or ethnicity. Over 90% of students in the analytic sample were eligible for free or reduced-price lunch, and 55% of students were English learners. The intervention and comparison groups had similar characteristics.",Study Details,"All students; 1,147 students | All students; 1,151 students | Students in grades 2 and 3; 594 students | Students in grades 4 and 5; 557 students | Students who are ELs; 625 students | Students who are not ELs; 498 students",targeted_other,school,narrative: group phrase 'Title I',high,Title I,/Study/80616
491,491-kim-2011,89781,export,1,"Kim, James S.; Capotosto, Lauren; Hartry, Ardice; Fitzgerald, Robert (2011). Educational Evaluation and Policy Analysis, v33 n2 p183-201.",Assisting Students Struggling with Reading: Intervention in Grades 4-9,Meets WWC standards without reservations,Randomized Controlled Trial,Practice Guide,"4,5,6",0.00,69.00,0.00,,,Full sample,The study took place in a mid-sized urban school district in southeastern Massachusetts. Participating children attended four K-6 elementary schools in the district. Both intervention and comparison group students participated in after-school programming.,"The sample included students in grades 4 to 6, 95 percent of whom scored below proficiency on the Massachusetts Comprehensive Assessment System (MCAS) in English language arts. At baseline, the sample was composed of 312 students, and of those, 54 percent were female and 46 percent male; 69 percent were eligible for free or reduced-price lunch; 54 percent were Black, 28 percent were White, 12 percent were Latinx, and 6 percent were classified as another race.",Study Details,Full sample; 296 students | Full sample; 297 students,universal,none,descriptors: universal phrase 'Full sample',medium,Full sample,/Study/89781
493,493-kim-2011,78614,export,1,"Kim, James S.; Olson, Carol Booth; Scarcella, Robin; Kramer, Jason; Pearson, Matthew; van Dyk, David; Collins, Penny; Land, Robert E. (2011). Journal of Research on Educational Effectiveness, v4 n3 p231-263.",Single Study Review,Meets WWC standards without reservations,Randomized controlled trial,Single Study Review,"6,7,8,9,10,11,12",100.00,79.00,,,,English learners; year 1 sample | Full sample | Grades 6-12,"The study took place in 15 secondary schools (9 middle schools and 6 high schools) in the Santa Ana Unified School District, an urban school district in California, during the 2007–08 and 2008–09 school years.","The study consisted of 52 Pathway to Academic Success Project teachers and 51 comparison group teachers. The sample included 2,726 English learner students in grades 6 to 12. All students were English learners, 95% of students were Hispanic, and Spanish was the first language for 88% of students. Forty-nine percent of students were male, and 79% of students were eligible for free or reduced-price lunch.",Study Details Additional Sources,"Full sample; 1,133 students | Full sample; 1,393 students | Full sample; 1,733 students | Full sample; 101 teachers | Full sample; 2,711 students | Full sample; 2,721 students | Full sample; 2,726 students | Full sample; 95 teachers | Grades 6-12; 1,393 students | Grades 6-12; 2,711 students | Grades 6-12; 2,721 students",targeted_other,school,narrative: group phrase 'English learner',high,English learner,/Study/78614
494,494-kim-2010,82600,export,1,"Kim, James S.; Samson, Jennifer F.; Fitzgerald, Robert; Hartry, Ardice (2010). Reading and Writing: An Interdisciplinary Journal, v23 n9 p1109-1129.",Adolescent Literacy,Meets WWC standards without reservations,Randomized Controlled Trial,Intervention Report,"4,5,6",,81.23,,,,Full sample,"The study was conducted from October 2005 to April 2006 in three elementary schools within a high-poverty school district located in southeastern Massachusetts. The intervention, a mixed-methods literacy intervention called READ 180, was administered during an hour-long after-school program to groups of randomly selected students in grades 4-6 who were identified as struggling readers prior to randomization.","The authors provided sample characteristics for the full student sample at the time of randomization (which comprised 294 students), but not for the analytic sample. Of the sample at random assignment, 50 percent were male, 50 percent were female, 22 percent were White, 52 percent were Black, and 26 percent were of unknown race. Twenty-one percent of the sample at random assignment identified as Latino, 21 percent had a disability, and 81 percent qualified for free or reduced-price lunch. The study did not report the percentage of students that were English language learners.",Study Details,Full sample; 264 students,targeted_low,school,narrative: low-achievement phrase 'struggling',high,struggling,/Study/82600
588,588-meisch-2011,81694,override,0,"Meisch, A., Hamilton, J., Chen, E., Quintanilla, P., Fong, P., Gray-Adams, K., ...Thornton, N. (2011). Rockville, MD: Westat.",,,,,,,,,,,,"The study took place in 20 public middle schools (19 after two schools merged) in Newark, New Jersey.","The schools were selected based on several eligibility criteria: being Title I eligible, not already using READ 180®, serving at least two of the three middle school grades (6, 7, and 8), being categorized as “in need of improvement” under the No Child Left Behind Act, and serving a minimum of 25 eligible students. Schools were grouped into blocks based on the number of eligible students, the number of years the school had been identified as “in need of improvement”, the number of eligible students whose home language was not English, and the number of eligible students with an Individualized Education Program (IEP). Schools were then randomly assigned within each block to intervention and comparison groups. This cluster randomized controlled trial included 20 schools at randomization in May 2006, 19 after two comparison schools merged. For the outcomes measured in the analysis, the number of students varied, with larger numbers having 1 year of exposure (1,305 intervention, 1,255 comparison), somewhat fewer having 2 years of exposure (814 intervention, 706 comparison), and even fewer with 3 years exposure (552 intervention, 471 comparison). Students were eligible for READ 180® if ",Study Details Additional Sources,"Full sample; 1,023 students | Full sample; 1,520 students | Full sample; 2,555 students",targeted_other,school,narrative: group phrase 'Title I',high,Title I,https://ies.ed.gov/ncee/wwc/Study/81694
600,600-meyers-2016,87694,search,0,"Meyers, Coby V.; Molefe, Ayrin; Brandt, W. Christopher; Zhu, Bo; Dhillon, Sonica (2016). Educational Evaluation and Policy Analysis, v38 n3 p455-476.",,,,,,,,,,,,"The study was conducted in 39 rural, high-poverty schools in Missouri in grades 7 and 8. Eligible schools were in rural areas and were either Title I schools or had a majority of students who were eligible for the free- or reduced-price meal program.","The 39 schools in the analytic sample included at least 2,079 students in grades 7 and 8. About 58% of students were eligible for free or reduced-priced lunch, less than 1% were limited English proficient, and 12% had an individual education plan. Fifty-one percent were male and 95% were White.",Study Details Additional Sources,"Grades 7 and 8 (Year 1 report); 3,430 students | Grades 7 and 8 (Year 2 report); 3,054 students | Grades 7 and 8 (Year 2 report); 3,302 students | Grades 7 and 8 (Year 3 report); 1,931 students | Grades 7 and 8 (Year 3 report); 2,079 students",targeted_other,school,narrative: group phrase 'Title I',high,Title I,https://ies.ed.gov/ncee/wwc/Study/87694
601,601-meyers-2015,81457,override,1,"Meyers, C., Molefe, A., Dhillon, S., & Zhu, B. (2015). Washington, DC: American Institutes for Research.","Teacher Training, Evaluation, and Compensation",Meets WWC standards without reservations,Randomized Controlled Trial,Department-funded evaluation,"7,8",2.00,58.00,12.00,1.00,,Full sample | Intel Teach Program sample,"The study was conducted in rural high-poverty middle schools in Missouri with 7th and 8th grade students. To qualify to apply for participation, schools had to meet requirements under Title I (schoolwide or targeted) or Missouri's historical requirements for Title II.D (50% of students in poverty) and be part of the Small Rural School Achievement program or the Rural and Low-Income School program in the state.","Target students were in the 7th or 8th grade. 4.5% of the intervention students were nonwhite vs. 6.6% of the control students; 4.2% and 4.6%, respectively, were English-language learners. Over half of the students in both schools were eligible for free or reduced-price lunch. Of the 60 schools, 30 serve Grades PK–8 or Grades K–8, 8 serve Grades 6–8 or Grades 7–8, and the remaining 22 serve Grades 6–12 or Grades 7–12. Enrollment in both groups was less than 200 students, reflecting the small and rural aspects of the sample schools. eMINTS schools, however, enrolled 50 more students than control schools did, and the between-group difference in enrollment was statistically significant. Across both groups, about 5 percent of students were minorities, 58 percent qualified for free or reduced-priced lunch, less than 2 percent were English language learners, and between 12 and 13 percent had an identified disability. Teachers in eMINTS schools averaged almost one year more of experience than their control counterparts (11.9 versus 11.0), but 2 percent more teachers in control schools had a master’s degree.",Study Details Additional Sources,"Full sample; 1,931 students | Full sample; 2,079 students",targeted_other,school,narrative: group phrase 'high-poverty',high,high-poverty,/Study/81457
609,609-miller-2016,84224,export,1,"Miller, Sarah; Davison, Jenny; Yohanis, Jamie; Sloan, Seaneen; Gildea, Aideen; Thurston, Allen (2017). Education Endowment Foundation.",Review of Individual Studies,Meets WWC standards without reservations,Randomized Controlled Trial,Quick Review,"6,7,8,9,10,11",17.00,16.00,19.00,,,Full sample,"The study was conducted in 36 geographically dispersed secondary schools in England. Each school contained students from Key Stages (KS) 3 and 4 of the English educational system. Within participating schools, students in Years 7, 9, and 11 were eligible for inclusion in the study. KS3 includes Years 7 and 9, and students in these years are typically between 11 and 14 years old. KS4 includes Year 11, and students in Year 11 are typically 15 to 16 years old.","The analytic sample included 29 schools and 58 KS groups (29 KS groups in the intervention condition and 29 KS groups in the comparison condition). For the absenteeism outcome, the analytic sample included 7,436 students in the intervention group and 7,919 in the comparison group. For the general mathematics achievement outcome, the analytic sample included 5,613 students in the intervention group and 5,977 students in the comparison group. For the general literacy achievement outcome, the analytic sample included 5,376 students in the intervention group and 6,037 students in the comparison group. In both the intervention and comparison groups, 55% of students were male. 14% of students in the intervention group and 18% of students in the comparison group were eligible for free school meals. 17% of students in the intervention group and 19% of students in the comparison group were English as an Additional Language (EAL) status. 18% of students in the intervention group and 20% of students in the comparison group were characterized as having Special Educational Needs (SEN). 73% of students in the intervention group and 67% of students in the comparison group were ""White British."" 57",Study Details,"Full sample; 11,413 students | Full sample; 11,587 students | Full sample; 15,350 students",universal,none,descriptors: universal phrase 'Full sample',medium,Full sample,/Study/84224
625,625-nakamoto-2015,84094,search,0,"Nakamoto, Jonathan; Sobolew-Shubin, Sandy; Orland, Martin (2015). WestEd.",,,,,,,,,,,,"The study took place in the Beaverton School District in Beaverton, Oregon. The intervention was implemented in 16 control schools in the district in grades 3, 4, and 5 beginning in 2011 and ending in 2014.","Schools in the treatment group contained 19% ELL students, 42% students on free/reduced lunch, and were overall comprised of 48% minority students. Schools in the control groups contained 20% ELL students, 41% students on free/reduced lunch, and were overall comprised of 48% minority students.",Study Details,,unclear,unclear,narrative present but no eligibility phrase,medium,,https://ies.ed.gov/ncee/wwc/Study/84094
650,650-olson-2020,89399,search,0,"Olson, Carol Booth; Woodworth, Katrina; Arshan, Nicole; Black, Rebecca; Chung, Huy Q.; D'Aoust, Catherine; Dewar, Tim; Friedrich, Linda; Godfrey, Lauren; Land, Robert; Matuchniak, Tina; Scarcella, Robin; Stowell, Laurie (2020). Journal of Educational",,,,,,,,,,,,The study took place in 40 schools across seven school districts served by four National Writing Project sites in southern California. The study focused on English language arts and English language development classes for students in grades 7–12.,"The study included English language arts and English language development teachers who were the primary teacher for at least one eligible class in grades 7–12 and who agreed to participate for 2 years. The researchers randomly assigned 113 teachers and their students to the intervention group and 117 teachers and their students to the comparison group. The sample sizes varied across findings. For the main findings, there are two samples: students assigned to intervention teachers for the second consecutive year (783 students in 71 teachers’ classes) and students assigned to intervention teachers for the first time (1,479 students in 64 teachers’ classes).",Study Details Additional Sources,"Full sample; 2,733 students | Full sample; 894 students | Students assigned to intervention teachers for the first time; 1,479 students | Students assigned to intervention teachers for the first time; 581 students | Students assigned to intervention teachers two years in a row; 486 students | Students assigned to intervention teachers two years in a row; 783 students",universal,none,descriptors: universal phrase 'Full sample',medium,Full sample,https://ies.ed.gov/ncee/wwc/Study/89399
661,661-park-2021,90225,export,1,"Christina Park, Nicole Arshan, Allison Milby, Rebecca Goetz (2021). Menlo Park, CA: SRI International.",Review of Individual Studies,Meets WWC standards without reservations,Randomized Controlled Trial,Department-funded evaluation,"7,8,9",6.00,,,,,Full sample,The study took place in English language arts classrooms in 47 rural districts across 16 states in the U.S and reports impacts for students in grades 7-9.,"Study authors reported on the characteristics of the population of students in participating districts in the year prior to the start of the study (2016-17), rather than the analysis sample. The student population in these districts consisted of 24% Black non-Hispanic, 62% White non-Hispanic, 1.3% American Indian/Alaska Native, 0.4% Asian, and 0.1% Hawaiian Native/Pacific Islander. Nine percent of students were Hispanic, 75% were eligible for free or reduced-price lunch, and 6% were classified as English language learners.",Study Details,"Full sample; 1,856 students",universal,none,descriptors: universal phrase 'Full sample',medium,Full sample,/Study/90225
665,665-patel-2018,89964,search,0,"Patel, D., Wei, X., Laguarda, K., Stites, R., Cheever, H., & Goetz, R. (2018). Menlo Park, CA: SRI International. https://www.sri.com/wp-content/uploads/pdf/evaluation_of_edconx_final_report_3-22-18_final.pdf .",,,,,,,,,,,,"Of the three districts included in the RCT study, one was a large urban district in North Carolina, one was a large urban district in California, and the third was a small rural district in Virginia. While the study focused on core subject teachers in grades 6 through 12, some elective classes were included in the full sample.",The student outcome analysis included 100% English learners (ELs). Other student characteristics were not reported. Most teachers were high school teachers (74% in the intervention group and 66% in the comparison group) and the remaining were middle school teachers. In their focal class (the class with the highest proportion of EL students) teachers reported an average class size of 28 students and that nearly 30% of the class was comprised of EL students.,Study Details,Full sample; 215 teachers,universal,none,narrative: universal phrase 'full sample',high,full sample,https://ies.ed.gov/ncee/wwc/Study/89964
724,724-rappaport-2017,89971,override,0,"Rappaport, Shelley; Grossman, Jean; Garcia, Ivonne; Zhu, Pei; Avila, Osvaldo; Granito, Kelly (2017). MDRC.",,,,,,,,,,,,"The study was implemented in general education mathematics classrooms in 58 middle schools across five school districts in Illinois and California. Nearly all of the schools were located in urban environments, such as large or mid-sized cities or towns. On average, 72% of students enrolled in schools in the study were eligible for free or reduced-price lunch, and 91% of the schools were designated Title I schools.","Across the study schools an average of 72% of students were eligible for free/reduced price-lunch, an average of 12% where White non-Hispanic, 31% Black non-Hispanic, 5% Asian, and 52% other or race was not specified. Fifty-one percent identified as Hispanic and 49% were male. In the analysis sample, 18% of students were English learners and 11% received special education services.",Study Details Additional Sources,"Grade 7; 26,808 students",universal,none,narrative: universal phrase 'general education',high,general education,https://ies.ed.gov/ncee/wwc/Study/89971
755,755-roschelle-2010,86411,export,1,"Roschelle, Jeremy; Shechtman, Nicole; Tatar, Deborah; Hegedus, Stephen; Hopkins, Bill; Empson, Susan; Knudsen, Jennifer; Gallagher, Lawrence P. (2010). American Educational Research Journal, v47 n4 p833-878 .",Single Study Review,Meets WWC standards without reservations,,Grant Competition,"7,8",,,,,,Study 1 | Study 2 | Study 3,,,Study sample characteristics were not reported. Single Study Review,,unclear,unclear,no eligibility statement found in WWC text,low,,/Study/86411
778,778-sato-2010,71975,export,1,"Sato, Edynn; Rabinowitz, Stanley; Gallagher, Carole; Huang, Chun-Wei (2010). National Center for Education Evaluation and Regional Assistance.",Single Study Review,Meets WWC standards without reservations,Randomized Controlled Trial,Single Study Review,"7,8",23.00,,,,,Grades 7 and 8,,,,"Grades 7 and 8: EL students; 1,214 students | Grades 7 and 8: EP students; 1,778 students | Grades 7 and 8: NEP students; 1,625 students | Grades 7 and 8; 2,839 students",universal,unclear,"export: grade-only sample descriptions, no narrative",low,Grades 7 and 8,/Study/71975
789,789-schenke-2014,80703,export,1,"Schenke, K., Rutherford, T., & Farkas, G. (2014). Computers & Education, 76, 215–224.",Primary Mathematics,Meets WWC standards with reservations,Randomized controlled trial,IES Performance Measure,"2,3,4,5",70.00,91.00,,,,3-5 grade students | Full sample,The study took place in 52 elementary schools in southern California during the 2008-2009 and 2009-2010 school years. Schools were eligible to apply for the study if they were in the bottom third of the achievement distribution for the California state standardized test (p. 218).,"The analytic sample includes students in grades 3-5 with valid pretest and posttest mathematics assessment data. The study reports the following characteristics for the analytic sample, which includes students in 50 schools: Black: 1.61%; Hispanic: 85.06%; White: 5.13%; Vietnamese: 3.79%; other race/ethnicity: 4.42%; male: 50.75%; free/reduced price lunch: 90.61%; and English learner: 70.17% (Table 1, p. 219).",Study Details,"Full sample; 10,860 students",targeted_low,school,narrative: low-achievement phrase 'bottom third',high,bottom third,/Study/80703
794,794-schoen-2018,86089,export,1,"Schoen, Robert C.; LaVenia, Mark; Tazaz, Amanda M. (2018). Online Submission.","Teacher Training, Evaluation, and Compensation",Meets WWC standards with reservations,Randomized Controlled Trial,Grant Competition,"3,4,5",,,,,,Full sample,The study took place in 31 schools in nine public school districts in central and northern Florida. The study focused on grades 3–5 mathematics instruction.,"The study included grades 3–5 mathematics teachers who volunteered to participate. Researchers randomly assigned 149 teachers to conditions: 69 teachers to the intervention group and 80 teachers to the comparison group. The study analyzed results for 1,683 students in grades 3–5 who had scores on both the fall 2015 and spring 2016 assessments. The study did not provide enough student demographic information to summarize the full student sample.",Study Details Additional Sources,"Full sample; 1,683 students",universal,none,descriptors: universal phrase 'Full sample',medium,Full sample,/Study/86089
861,861-steele-2017,85526,export,1,"Steele, Jennifer L.; Slater, Robert O.; Zamarro, Gema; Miller, Trey; Li, Jennifer; Burkhauser, Susan; Bacon, Michael (2017). American Educational Research Journal v54 n1 suppl p282S-306S.",Review of Individual Studies,Meets WWC standards without reservations,Randomized Controlled Trial,IES Performance Measure,"1,2,3,4,5,6,7,8,K",13.00,,,,,Full sample; Grade 5 (3 years before end of intervention in Grade 8) | Grade: 5 ITT | Grade: 8 ITT,"The study focused on students participating in dual language programs (DLPs) in elementary and middle schools in Portland Public Schools, an urban school district in Oregon.","In each of 7 years, families of kindergarten students applied for a spot in a dual language program through a lottery. They were either offered a spot in a dual language program or a spot in a traditional kindergarten. In total across the 7 years, 864 kindergarten students who applied to the lottery were offered a spot in a dual language program and 1,082 students were not offered a spot and formed the comparison group. A total of 1,625 kindergarten students were included in the study and followed through grade 8. This review focuses on the results for grade 5 at the end of elementary school. The main analytic sample included 846 students who were in the lottery between the fall of 2004 and 2008 (these students are those that reached grade 5 by the end of the study). The results for the smaller sample in grade 8 are considered supplemental given that fewer students reached grade 8 by the end of the study. Approximately 53% of the kindergarten students were female, 26% were eligible for free or reduced-price lunch, 13% were identified as English learners, and 4% percent were identified as needing special education services. Approximately 54% were White, 14% were Asian, 6% were Black",Study Details Additional Sources,"Grade 8); 1,098 students | Grade 8); 1,129 students | Grade 8); 1,132 students | Grade 8); 1,389 students | Grade 8); 1,393 students | Grade 8); 153 students | Grade 8); 164 students | Grade 8); 260 students | Grade 8); 261 students | Grade 8); 407 students | Grade 8); 559 students | Grade 8); 661 students | Grade 8); 682 students | Grade 8); 683 students | Grade 8); 814 students | Grade 8); 844 s",targeted_other,school,narrative: group phrase 'Hispanic',high,Hispanic,/Study/85526
864,864-stevens-1991,72451,export,1,"Stevens, Robert J.; And Others (1991). Journal of Educational Psychology, v83 n1 p8-16.",Beginning Reading,Meets WWC standards without reservations,Randomized controlled trial,Intervention Report,"3,4",,,,,,Grades 3 and 4,"This study took place in four schools in Harrisburg, Pennsylvania.","The study is a classroom-level randomized controlled trial. A total of 30 third- and fourth-grade classrooms in four schools were randomly assigned to one of three conditions (balanced by grade): 1. 10 classrooms with 153 students were assigned to the CIRC® (direct instruction with cooperative learning) group, 2. 10 classrooms with 166 students were assigned to the direct instruction group without cooperative learning (DI), and 3. 10 classrooms with 167 students were assigned to the business-as-usual comparison group. Both groups 1 and 2 used CIRC® materials on main idea comprehension during direct instruction, but group 2 did not use the cooperative learning component of CIRC®. Therefore, for the purposes of this report, the effects of CIRC® are estimated by comparing the CIRC® group against the business- as-usual comparison group. These results are shown in Appendices C.1 and C.2.",Study Details Additional Sources,Grades 3 and 4; 320 students,unclear,unclear,narrative present but no eligibility phrase,medium,,/Study/72451
874,874-suppes-2013,89696,search,0,"Suppes, Patrick; Holland, Paul W.; Hu, Yuanan; Vu, Minh-thien (2013). Educational Assessment, v18 n3 p162-181.",,,,,,,,,,,,"The study was conducted in eight Title I elementary schools, serving grades K-5, across three districts in California. All schools were within a 50-mile radius of Stanford University. The study was conducted during the 2006-2007 school year.",All schools that participated in the study were Title I schools. The study does not present additional sample characteristics.,Study Details,,targeted_other,school,narrative: group phrase 'Title I',high,Title I,https://ies.ed.gov/ncee/wwc/Study/89696
879,879-swanlund-2012,81700,export,1,"Swanlund, A., Dahlke, K., Tucker, N., Kleidon, B., Kregor, J., Davidson-Gibbs, D., & Halberg, K. (2012). American Institutes for Research.",Adolescent Literacy,Meets WWC standards without reservations,Randomized Controlled Trial,Intervention Report,"6,7,8,9,10",8.00,88.00,36.00,,,Full sample | Full sample - ITT analysis | Intent-to-treat sample,"The study takes place in a classroom setting in five Title I schools in the Milwaukee Public Schools in Milwaukee, WI.","The schools participating in this study were all Title 1 schools, and the percentage of enrolled students at these schools who were eligible for Free/Reduced Price Lunch ranged from 67% to 95%. The percentage of ELL students at these schools ranged from",Study Details,Full sample; 619 students,targeted_other,school,narrative: group phrase 'ELL',high,ELL,/Study/81700
926,926-tuttle-2015,85516,export,1,"Tuttle, Christina Clark; Gleason, Philip; Knechtel, Virginia; Nichols-Barrer, Ira; Booker, Kevin; Chojnacki, Gregory; Coen, Thomas; Goble, Lisbeth (2015). Mathematica Policy Research, Inc.",Charter Schools,Meets WWC standards with reservations,Quasi-Experimental Design,Intervention Report,"6,7,8,9,10,11,12",7.00,,,1.00,,High school: matched-school sample (same cohort) | High school: matched-student sample (new entrants) | Middle school: lottery sample | Tuttle 2015 Middle school: matched-student sample,"This analysis includes students and schools in multiple states and districts in the United States where KIPP charter schools operate. The study took place in 43 middle schools in the KIPP network in 20 cities across the following 12 states and the District of Columbia: Arkansas, California, Colorado, Georgia, Maryland, Massachusetts, New Jersey, New York, North Carolina, Pennsylvania, Tennessee, and Texas.","The study used a matched-student quasi-experimental design, where the intervention group consisted of students who attended 37 KIPP middle schools, and the comparison group was a sample matched based on student baseline characteristics: baseline reading and math test scores; gender, race, special education, limited English proficiency, and free or reduced-price lunch status; and whether the student repeated a grade in the baseline year. Sample characteristics for the analysis samples with non-imputed baseline data, on which the WWC based the intervention’s effectiveness rating, are not reported.",Study Details Additional Sources,"Full sample; 2,570 students | Full sample; 2,576 students | Full sample; 5,439 students | Full sample; 5,442 students | Full sample; 8,020 students | Full sample; 8,041 students",targeted_other,school,narrative: group phrase 'limited English',high,limited English,/Study/85516
956,956-vaughn-2017,85559,export,1,"Sharon Vaughn; Leticia R. Martinez; Jeanne Wanzek; Greg Roberts; Elizabeth Swanson; Anna-Mária Fall (2017). Journal of Educational Psychology, v109 n1 p22-34 Jan 2017.",Review of Individual Studies,Meets WWC standards with reservations,Randomized Controlled Trial,IES Performance Measure,8,27.00,,,,,English Learners | Full sample,"The study was conducted in seven schools across three school districts. Three school schools were located in the southwest, two of which are located in an urban district and one suburban predominantly Hispanic district. Four schools were located in one southeastern school district.","The initial intervention sample included 51% female, 41% Caucasian, 10% African American, 39% Hispanic, and 8% American Indian, 8% receiving special education, 46% who spoke Spanish at home, and 24% English language learners. The initial comparison group sample included 46% female, 38% Caucasian, 8% African American, 41% Hispanic, and 10% American Indian, 11% receiving special education, 48% who spoke Spanish at home, and 29% English language learners. In the five schools, the percent who qualified for free or reduced-price lunch varied from 49 to 83 percent.",Study Details,"Full sample; 1,236 students",targeted_other,school,narrative: group phrase 'Hispanic',high,Hispanic,/Study/85559
958,958-vaughn-2019,89466,export,1,"Vaughn, Sharon; Roberts, Garrett J.; Miciak, Jeremy; Taylor, Pat; Fletcher, Jack M. (2019). Journal of Learning Disabilities, v52 n1 p31-44.",Assisting Students Struggling with Reading: Intervention in Grades 4-9,Meets WWC standards without reservations,Randomized Controlled Trial,Practice Guide,"4,5",21.00,44.40,14.00,,,Full sample,"The study took place in nine schools across three school districts in the southwestern United States. Six schools were in urban areas, and the authors note that of those six, three were in a large urban school district, and three were in a small, affluent urban school district. The other three schools were in a “near-urban” school district. The mean enrollment of the participating schools was 585 students (SD=119.8, range=440-728). The proportion of students who passed the reading section of the state accountability exam in fourth grade ranged from 34% to 99% (M=75.2%, SD=22.5%).","Study participants included fourth- and fifth-grade students with severe reading difficulties. Of the analytic sample, about 52% of students were male and 48% were female. About 21% of students had limited English proficiency. The analytic sample was mostly White (51%), followed by Black (42%), American Indian (3%), Asian (2%), and other or multiple races (2%). About 14% of students in the analytic sample were in special education. Within the participating schools, the proportion of students qualifying for free or reduced-price lunch ranged from 2.6% to 96.1% (M=44.4%, SD=37.5%).",Study Details,Full sample; 248 students | Full sample; 249 students | Full sample; 250 students | Full sample; 252 students,targeted_low,student,narrative: low-achievement phrase 'reading difficult',high,reading difficult,/Study/89466
959,959-vaughn-2016,89467,search,0,"Vaughn, S., Solís, M., Miciak, J., Taylor, W. P., & Fletcher, J. M. (2016). Journal of Research on Educational Effectiveness, 9(sup1), 23–44.",,,,,,,,,,,,"The study took place in eight elementary schools in one urban district and nine elementary schools in two ""near urban"" districts. The districts were all located in the southwestern United States.","The mean age of the analytic sample was 9.78 years. Participants were 44.72% female, and 95.07% qualified for free or reduced lunch. About 12.78% of the sample had been previously identified as special education status. The racial and ethnic composition of the sample was 69.53% Hispanic, 21.62% African-American, 7.62% White, and 1.23% other race.",Study Details,Full sample; 404 students | Full sample; 407 students | Full sample; 421 students | Full sample; 445 students,universal,none,descriptors: universal phrase 'Full sample',medium,Full sample,https://ies.ed.gov/ncee/wwc/Study/89467
960,960-vaughn-2013,77772,export,1,"Vaughn, Sharon; Swanson, Elizabeth A.; Roberts, Greg; Wanzek, Jeanne; Stillman-Spisak, Stephanie J.; Solis, Michael; Simmons, Deborah (2013). Reading Research Quarterly, v48 n1 p77-93.",Single Study Review,Meets WWC standards without reservations,Randomized controlled trial,Single Study Review,8,3.00,23.00,5.00,,,Grade 8,,,,Grade 8; 322 students | Grade 8; 339 students,universal,unclear,"export: grade-only sample descriptions, no narrative",low,Grade 8,/Study/77772
1000,1000-wijekumar-2012,77453,export,1,"Wijekumar, Kausalai Kay; Meyer, Bonnie J. F.; Lei, Puiwa (2012). Educational Technology Research and Development, v60 n6 p987-1013.",Single Study Review,Meets WWC standards without reservations,Randomized controlled trial,Single Study Review,"4,5",,,,,,Aggregated sample | Grade 4,"The study included fourth- and fifth-grade classrooms from 45 rural and suburban elementary schools, 12 school districts, and two states in the United States.","The number of students in the analytic sample, including both fourth- and fifth-grade students, differs by outcome, ranging from 4,035 to 4,856 students. No demographic or sample characteristics were provided on the fourth-grade analytic sample; however, the authors stated that the intervention and comparison groups were balanced on student socioeconomic status, number of English learners, percentage of racial/ethnic minorities, and gender. The 45 schools in the fifth-grade sample are composed of 8% to 14% racial/ethnic minorities and 39% to 44% socioeconomically disadvantaged students.",Study Details Additional Sources,"Grade 4; 1,875 students | Grade 4; 1,877 students | Grade 4; 1,900 students | Grade 4; 1,904 students | Grade 4; 1,910 students | Grade 4; 2,371 students",targeted_other,school,narrative: group phrase 'English learners',high,English learners,/Study/77453
1017,1017-woodworth-2017,89959,export,1,"Woodworth, K., Arshan, N., & Gallagher, H.A. (2017). Menlo Park, CA: SRI International. https://www.sri.com/wp-content/uploads/pdf/pathway_i3_sri_technical_report_21dec17_final_in_jan.pdf.",Review of Individual Studies,Meets WWC standards without reservations,Randomized Controlled Trial,Department-funded evaluation,"7,8,9,10,11,12",13.00,,,,,Full sample at the end of Year 1,"The University of California, Irvine's Writing Project (UCIWP) offered the Pathway Project in one large Southern California district and supported three other Southern California sites with implementing the Pathway Project. Criteria for selecting the additional sites included experienced leadership and large numbers of English learners. Students in grades 7-12 enrolled in ELA classes participated in the study.","The sample was approximately 48% female and 52% male. The majority of students (66%) were Latino/a. The sample was 19% White, 2% African American, and 7% Asian (72% of students' race was unspecified). Approximately 13% of treatment group students were English learners.",Study Details,,targeted_other,school,narrative: group phrase 'English learners',high,English learners,/Study/89959
1028,1028-young-2017,86088,export,1,"Young, V., Schmidt, R., Wang, H., Cassidy, L., & Laguarda, K. (2017). Menlo Park, CA: SRI International. https://www.sri.com/publication/a-comprehensive-model-of-teacher-induction-implementation-and-impact-on-teachers-and-students-evaluation-of-the-n","Teacher Training, Evaluation, and Compensation",Meets WWC standards without reservations,Randomized Controlled Trial,Grant Competition,"1,2,3,4,5,6,7,8,K",18.00,87.50,0.00,,,Full Sample | Full sample | Full sample - RCT Districts,"The New Teacher Center (NTC) implemented its induction model in three sites: Broward County Public Schools (BCPS) in Florida, Chicago Public Schools (CPS) in Illinois, and the Grant Wood Area Education Agency (GWAEA), a consortium of rural districts in Iowa. There are two sub-studies: a randomized controlled trial (RCT) conducted in BCPS and CPS and a quasi-experimental design (QED) conducted in GWAEA.","Teachers in the RCT districts are primarily White (49%), Black (26%), or Hispanic (16%). Almost half of the teachers are female (49%). Students in the achievement analysis for the RCT districts are primarily Black (37-48%) or Hispanic (35-49%). Close to half of the student sample is female (48-49%). Most receive free/reduced-price meals (86-90%). A small proportion of the students are in special education (18-19%). (Sample characteristics for the QED study are omitted as the study did not meet standards.)",Study Details,"Full sample; 6,147 students | Full sample; 629 teachers",targeted_low,school,narrative: low-achievement phrase 'did not meet',high,did not meet,/Study/86088
